[INFO] Starting backend with Neon PostgreSQL...

C:\Users\Owner\Downloads\Amazon-Clone-main\spring-backend>"C:\Program Files\Java\jdk-21\bin\java.exe" -Dmaven.multiModuleProjectDirectory=C:\Users\Owner\Downloads\Amazon-Clone-main\spring-backend -classpath "C:\Users\Owner\Downloads\Amazon-Clone-main\spring-backend\.mvn\wrapper\maven-wrapper.jar" org.apache.maven.wrapper.MavenWrapperMain spring-boot:run 
[INFO] Scanning for projects...
[INFO] 
[INFO] ------------------< com.example:amazon-clone-backend >------------------
[INFO] Building amazon-clone-backend 0.0.1-SNAPSHOT
[INFO]   from pom.xml
[INFO] --------------------------------[ jar ]---------------------------------
[INFO] 
[INFO] >>> spring-boot:3.2.0:run (default-cli) > test-compile @ amazon-clone-backend >>>
[INFO] 
[INFO] --- resources:3.3.1:resources (default-resources) @ amazon-clone-backend ---
[INFO] Copying 1 resource from src\main\resources to target\classes
[INFO] Copying 5 resources from src\main\resources to target\classes
[INFO] 
[INFO] --- compiler:3.11.0:compile (default-compile) @ amazon-clone-backend ---
[INFO] Nothing to compile - all classes are up to date
[INFO] 
[INFO] --- resources:3.3.1:testResources (default-testResources) @ amazon-clone-backend ---
[INFO] Copying 1 resource from src\test\resources to target\test-classes
[INFO] 
[INFO] --- compiler:3.11.0:testCompile (default-testCompile) @ amazon-clone-backend ---
[INFO] Nothing to compile - all classes are up to date
[INFO] 
[INFO] <<< spring-boot:3.2.0:run (default-cli) < test-compile @ amazon-clone-backend <<<
[INFO] 
[INFO] 
[INFO] --- spring-boot:3.2.0:run (default-cli) @ amazon-clone-backend ---
[INFO] Attaching agents: []

  .   ____          _            __ _ _
 /\\ / ___'_ __ _ _(_)_ __  __ _ \ \ \ \
( ( )\___ | '_ | '_| | '_ \/ _` | \ \ \ \
 \\/  ___)| |_)| | | | | || (_| |  ) ) ) )
  '  |____| .__|_| |_|_| |_\__, | / / / /
 =========|_|==============|___/=/_/_/_/
 :: Spring Boot ::                (v3.2.0)

2026-06-01T01:32:41.438+05:30  INFO 19928 --- [  restartedMain] c.e.a.AmazonCloneBackendApplication      : Starting AmazonCloneBackendApplication using Java 21 with PID 19928 (C:\Users\Owner\Downloads\Amazon-Clone-main\spring-backend\target\classes started by Owner in C:\Users\Owner\Downloads\Amazon-Clone-main\spring-backend)
2026-06-01T01:32:41.440+05:30 DEBUG 19928 --- [  restartedMain] c.e.a.AmazonCloneBackendApplication      : Running with Spring Boot v3.2.0, Spring v6.1.1
2026-06-01T01:32:41.441+05:30  INFO 19928 --- [  restartedMain] c.e.a.AmazonCloneBackendApplication      : No active profile set, falling back to 1 default profile: "default"
2026-06-01T01:32:41.441+05:30 DEBUG 19928 --- [  restartedMain] o.s.boot.SpringApplication               : Loading source class com.example.amazonclonebackend.AmazonCloneBackendApplication
2026-06-01T01:32:41.494+05:30 DEBUG 19928 --- [  restartedMain] o.s.b.devtools.restart.ChangeableUrls    : Matching URLs for reloading : [file:/C:/Users/Owner/Downloads/Amazon-Clone-main/spring-backend/target/classes/]
2026-06-01T01:32:41.495+05:30 DEBUG 19928 --- [  restartedMain] o.s.b.d.settings.DevToolsSettings        : Included patterns for restart : []
2026-06-01T01:32:41.495+05:30 DEBUG 19928 --- [  restartedMain] o.s.b.d.settings.DevToolsSettings        : Excluded patterns for restart : [/spring-boot-starter-[\w-]+/, /spring-boot/(bin|build|out)/, /spring-boot-starter/(bin|build|out)/, /spring-boot-devtools/(bin|build|out)/, /spring-boot-actuator/(bin|build|out)/, /spring-boot-autoconfigure/(bin|build|out)/]
2026-06-01T01:32:41.495+05:30  INFO 19928 --- [  restartedMain] .e.DevToolsPropertyDefaultsPostProcessor : Devtools property defaults active! Set 'spring.devtools.add-properties' to 'false' to disable
2026-06-01T01:32:41.495+05:30  INFO 19928 --- [  restartedMain] .e.DevToolsPropertyDefaultsPostProcessor : For additional web related logging consider setting the 'logging.level.web' property to 'DEBUG'
2026-06-01T01:32:41.496+05:30 DEBUG 19928 --- [  restartedMain] ConfigServletWebServerApplicationContext : Refreshing org.springframework.boot.web.servlet.context.AnnotationConfigServletWebServerApplicationContext@756af429
2026-06-01T01:32:41.849+05:30 DEBUG 19928 --- [  restartedMain] ySourcesPropertyResolver$DefaultResolver : Found key 'DB_URL' in PropertySource 'systemEnvironment' with value of type String
2026-06-01T01:32:42.101+05:30  INFO 19928 --- [  restartedMain] .s.d.r.c.RepositoryConfigurationDelegate : Bootstrapping Spring Data JPA repositories in DEFAULT mode.
2026-06-01T01:32:42.124+05:30 DEBUG 19928 --- [  restartedMain] o.s.b.a.AutoConfigurationPackages        : @EnableAutoConfiguration was declared on a class in the package 'com.example.amazonclonebackend'. Automatic @Repository and @Entity scanning is enabled.
2026-06-01T01:32:42.179+05:30  INFO 19928 --- [  restartedMain] .s.d.r.c.RepositoryConfigurationDelegate : Finished Spring Data repository scanning in 62 ms. Found 10 JPA repository interfaces.
2026-06-01T01:32:42.782+05:30 DEBUG 19928 --- [  restartedMain] .s.b.w.e.t.TomcatServletWebServerFactory : Code archive: C:\Users\Owner\.m2\repository\org\springframework\boot\spring-boot\3.2.0\spring-boot-3.2.0.jar
2026-06-01T01:32:42.791+05:30 DEBUG 19928 --- [  restartedMain] .s.b.w.e.t.TomcatServletWebServerFactory : Code archive: C:\Users\Owner\.m2\repository\org\springframework\boot\spring-boot\3.2.0\spring-boot-3.2.0.jar
2026-06-01T01:32:42.792+05:30 DEBUG 19928 --- [  restartedMain] .s.b.w.e.t.TomcatServletWebServerFactory : None of the document roots [src/main/webapp, public, static] point to a directory and will be ignored.
2026-06-01T01:32:42.824+05:30  INFO 19928 --- [  restartedMain] o.s.b.w.embedded.tomcat.TomcatWebServer  : Tomcat initialized with port 8081 (http)
2026-06-01T01:32:42.832+05:30  INFO 19928 --- [  restartedMain] o.apache.catalina.core.StandardService   : Starting service [Tomcat]
2026-06-01T01:32:42.832+05:30  INFO 19928 --- [  restartedMain] o.apache.catalina.core.StandardEngine    : Starting Servlet engine: [Apache Tomcat/10.1.16]
2026-06-01T01:32:42.868+05:30  INFO 19928 --- [  restartedMain] o.a.c.c.C.[Tomcat].[localhost].[/]       : Initializing Spring embedded WebApplicationContext
2026-06-01T01:32:42.870+05:30 DEBUG 19928 --- [  restartedMain] w.s.c.ServletWebServerApplicationContext : Published root WebApplicationContext as ServletContext attribute with name [org.springframework.web.context.WebApplicationContext.ROOT]
2026-06-01T01:32:42.870+05:30  INFO 19928 --- [  restartedMain] w.s.c.ServletWebServerApplicationContext : Root WebApplicationContext: initialization completed in 1374 ms
2026-06-01T01:32:42.918+05:30 DEBUG 19928 --- [  restartedMain] ySourcesPropertyResolver$DefaultResolver : Found key 'DB_DRIVER' in PropertySource 'systemEnvironment' with value of type String
2026-06-01T01:32:42.919+05:30 DEBUG 19928 --- [  restartedMain] ySourcesPropertyResolver$DefaultResolver : Found key 'DB_PASSWORD' in PropertySource 'systemEnvironment' with value of type String
2026-06-01T01:32:42.920+05:30 DEBUG 19928 --- [  restartedMain] ySourcesPropertyResolver$DefaultResolver : Found key 'DB_URL' in PropertySource 'systemEnvironment' with value of type String
2026-06-01T01:32:42.920+05:30 DEBUG 19928 --- [  restartedMain] ySourcesPropertyResolver$DefaultResolver : Found key 'DB_USERNAME' in PropertySource 'systemEnvironment' with value of type String
2026-06-01T01:32:42.939+05:30  INFO 19928 --- [  restartedMain] com.zaxxer.hikari.HikariDataSource       : HikariPool-1 - Starting...
2026-06-01T01:32:46.144+05:30  INFO 19928 --- [  restartedMain] com.zaxxer.hikari.pool.HikariPool        : HikariPool-1 - Added connection org.postgresql.jdbc.PgConnection@4fdf048f
2026-06-01T01:32:46.146+05:30  INFO 19928 --- [  restartedMain] com.zaxxer.hikari.HikariDataSource       : HikariPool-1 - Start completed.
2026-06-01T01:32:46.446+05:30  INFO 19928 --- [  restartedMain] o.f.c.internal.license.VersionPrinter    : Flyway Community Edition 9.22.3 by Redgate
2026-06-01T01:32:46.454+05:30  INFO 19928 --- [  restartedMain] o.f.c.internal.license.VersionPrinter    : See release notes here: https://rd.gt/416ObMi
2026-06-01T01:32:46.454+05:30  INFO 19928 --- [  restartedMain] o.f.c.internal.license.VersionPrinter    : 
2026-06-01T01:32:46.827+05:30  INFO 19928 --- [  restartedMain] org.flywaydb.core.FlywayExecutor         : Database: jdbc:postgresql://ep-misty-rain-apff0rak-pooler.c-7.us-east-1.aws.neon.tech/neondb (PostgreSQL 17.10)
2026-06-01T01:32:49.189+05:30  WARN 19928 --- [  restartedMain] o.f.c.internal.database.base.Database    : Flyway upgrade recommended: PostgreSQL 17.10 is newer than this version of Flyway and support has not been tested. The latest supported version of PostgreSQL is 15.
2026-06-01T01:32:50.937+05:30  INFO 19928 --- [  restartedMain] o.f.core.internal.command.DbValidate     : Successfully validated 4 migrations (execution time 00:01.277s)
2026-06-01T01:32:54.260+05:30  INFO 19928 --- [  restartedMain] o.f.core.internal.command.DbMigrate      : Current version of schema "public": 3
2026-06-01T01:32:54.585+05:30  INFO 19928 --- [  restartedMain] o.f.core.internal.command.DbMigrate      : Schema "public" is up to date. No migration necessary.
2026-06-01T01:32:56.183+05:30 DEBUG 19928 --- [  restartedMain] ySourcesPropertyResolver$DefaultResolver : Found key 'DB_DIALECT' in PropertySource 'systemEnvironment' with value of type String
2026-06-01T01:32:56.229+05:30  INFO 19928 --- [  restartedMain] o.hibernate.jpa.internal.util.LogHelper  : HHH000204: Processing PersistenceUnitInfo [name: default]
2026-06-01T01:32:56.266+05:30  INFO 19928 --- [  restartedMain] org.hibernate.Version                    : HHH000412: Hibernate ORM core version 6.3.1.Final
2026-06-01T01:32:56.291+05:30  INFO 19928 --- [  restartedMain] o.h.c.internal.RegionFactoryInitiator    : HHH000026: Second-level cache disabled
2026-06-01T01:32:56.448+05:30  INFO 19928 --- [  restartedMain] o.s.o.j.p.SpringPersistenceUnitInfo      : No LoadTimeWeaver setup: ignoring JPA class transformer
2026-06-01T01:32:56.833+05:30  WARN 19928 --- [  restartedMain] org.hibernate.orm.deprecation            : HHH90000025: PostgreSQLDialect does not need to be specified explicitly using 'hibernate.dialect' (remove the property setting and it will be selected by default)
2026-06-01T01:32:58.236+05:30  INFO 19928 --- [  restartedMain] o.h.e.t.j.p.i.JtaPlatformInitiator       : HHH000489: No JTA platform available (set 'hibernate.transaction.jta.platform' to enable JTA platform integration)
2026-06-01T01:32:59.635+05:30  INFO 19928 --- [  restartedMain] j.LocalContainerEntityManagerFactoryBean : Initialized JPA EntityManagerFactory for persistence unit 'default'
2026-06-01T01:32:59.903+05:30  INFO 19928 --- [  restartedMain] o.s.d.j.r.query.QueryEnhancerFactory     : Hibernate is in classpath; If applicable, HQL parser will be used.
2026-06-01T01:33:00.222+05:30 DEBUG 19928 --- [  restartedMain] o.s.b.w.s.ServletContextInitializerBeans : Mapping filters: springSecurityFilterChain urls=[/*] order=-100, characterEncodingFilter urls=[/*] order=-2147483648, formContentFilter urls=[/*] order=-9900, requestContextFilter urls=[/*] order=-105, jwtAuthenticationFilter urls=[/*] order=2147483647
2026-06-01T01:33:00.223+05:30 DEBUG 19928 --- [  restartedMain] o.s.b.w.s.ServletContextInitializerBeans : Mapping servlets: dispatcherServlet urls=[/]
2026-06-01T01:33:00.247+05:30 DEBUG 19928 --- [  restartedMain] o.s.b.w.s.f.OrderedRequestContextFilter  : Filter 'requestContextFilter' configured for use
2026-06-01T01:33:00.249+05:30 DEBUG 19928 --- [  restartedMain] c.e.a.security.JwtAuthenticationFilter   : Filter 'jwtAuthenticationFilter' configured for use
2026-06-01T01:33:00.250+05:30 DEBUG 19928 --- [  restartedMain] s.b.w.s.f.OrderedCharacterEncodingFilter : Filter 'characterEncodingFilter' configured for use
2026-06-01T01:33:00.250+05:30 DEBUG 19928 --- [  restartedMain] .DelegatingFilterProxyRegistrationBean$1 : Filter 'springSecurityFilterChain' configured for use
2026-06-01T01:33:00.250+05:30 DEBUG 19928 --- [  restartedMain] o.s.b.w.s.f.OrderedFormContentFilter     : Filter 'formContentFilter' configured for use
2026-06-01T01:33:00.289+05:30 DEBUG 19928 --- [  restartedMain] ySourcesPropertyResolver$DefaultResolver : Found key 'DB_URL' in PropertySource 'systemEnvironment' with value of type String
2026-06-01T01:33:00.290+05:30 DEBUG 19928 --- [  restartedMain] ySourcesPropertyResolver$DefaultResolver : Found key 'DB_DRIVER' in PropertySource 'systemEnvironment' with value of type String
2026-06-01T01:33:00.291+05:30 DEBUG 19928 --- [  restartedMain] ySourcesPropertyResolver$DefaultResolver : Found key 'DB_DIALECT' in PropertySource 'systemEnvironment' with value of type String
2026-06-01T01:33:00.522+05:30  WARN 19928 --- [  restartedMain] JpaBaseConfiguration$JpaWebConfiguration : spring.jpa.open-in-view is enabled by default. Therefore, database queries may be performed during view rendering. Explicitly configure spring.jpa.open-in-view to disable this warning
2026-06-01T01:33:00.543+05:30  WARN 19928 --- [  restartedMain] .s.s.UserDetailsServiceAutoConfiguration : 

Using generated security password: 4dc66fb9-48cc-4564-950b-802852e2cea5

This generated password is for development use only. Your security configuration must be updated before running your application in production.

2026-06-01T01:33:00.661+05:30 DEBUG 19928 --- [  restartedMain] s.w.s.m.m.a.RequestMappingHandlerMapping : 36 mappings in 'requestMappingHandlerMapping'
2026-06-01T01:33:00.711+05:30 DEBUG 19928 --- [  restartedMain] o.s.w.s.handler.SimpleUrlHandlerMapping  : Patterns [/webjars/**, /**] in 'resourceHandlerMapping'
2026-06-01T01:33:00.731+05:30  INFO 19928 --- [  restartedMain] o.s.s.web.DefaultSecurityFilterChain     : Will secure any request with [org.springframework.security.web.session.DisableEncodeUrlFilter@16ae24c2, org.springframework.security.web.context.request.async.WebAsyncManagerIntegrationFilter@27c000f8, org.springframework.security.web.context.SecurityContextHolderFilter@61f318da, org.springframework.security.web.header.HeaderWriterFilter@4abcbc36, org.springframework.web.filter.CorsFilter@49114894, org.springframework.security.web.authentication.logout.LogoutFilter@7f72ef9f, com.example.amazonclonebackend.security.JwtAuthenticationFilter@546852a9, org.springframework.security.web.savedrequest.RequestCacheAwareFilter@53a7b325, org.springframework.security.web.servletapi.SecurityContextHolderAwareRequestFilter@1fc491f5, org.springframework.security.web.authentication.AnonymousAuthenticationFilter@2d490687, org.springframework.security.web.session.SessionManagementFilter@12c48892, org.springframework.security.web.access.ExceptionTranslationFilter@4210c680, org.springframework.security.web.access.intercept.AuthorizationFilter@2b935986]
2026-06-01T01:33:00.783+05:30 DEBUG 19928 --- [  restartedMain] s.w.s.m.m.a.RequestMappingHandlerAdapter : ControllerAdvice beans: 0 @ModelAttribute, 0 @InitBinder, 1 RequestBodyAdvice, 1 ResponseBodyAdvice
2026-06-01T01:33:00.808+05:30 DEBUG 19928 --- [  restartedMain] .m.m.a.ExceptionHandlerExceptionResolver : ControllerAdvice beans: 1 @ExceptionHandler, 1 ResponseBodyAdvice
2026-06-01T01:33:00.901+05:30 DEBUG 19928 --- [  restartedMain] o.s.b.d.livereload.LiveReloadServer      : Starting live reload server on port 35729
2026-06-01T01:33:00.904+05:30  INFO 19928 --- [  restartedMain] o.s.b.d.a.OptionalLiveReloadServer       : LiveReload server is running on port 35729
2026-06-01T01:33:00.928+05:30  INFO 19928 --- [  restartedMain] o.s.b.w.embedded.tomcat.TomcatWebServer  : Tomcat started on port 8081 (http) with context path ''
2026-06-01T01:33:00.937+05:30 DEBUG 19928 --- [  restartedMain] .s.b.a.l.ConditionEvaluationReportLogger : 


============================
CONDITIONS EVALUATION REPORT
============================


Positive matches:
-----------------

   AopAutoConfiguration matched:
      - @ConditionalOnProperty (spring.aop.auto=true) matched (OnPropertyCondition)

   AopAutoConfiguration.AspectJAutoProxyingConfiguration matched:
      - @ConditionalOnClass found required class 'org.aspectj.weaver.Advice' (OnClassCondition)

   AopAutoConfiguration.AspectJAutoProxyingConfiguration.CglibAutoProxyConfiguration matched:
      - @ConditionalOnProperty (spring.aop.proxy-target-class=true) matched (OnPropertyCondition)

   ApplicationAvailabilityAutoConfiguration#applicationAvailability matched:
      - @ConditionalOnMissingBean (types: org.springframework.boot.availability.ApplicationAvailability; SearchStrategy: all) did not find any beans (OnBeanCondition)

   DataSourceAutoConfiguration matched:
      - @ConditionalOnClass found required classes 'javax.sql.DataSource', 'org.springframework.jdbc.datasource.embedded.EmbeddedDatabaseType' (OnClassCondition)
      - @ConditionalOnMissingBean (types: io.r2dbc.spi.ConnectionFactory; SearchStrategy: all) did not find any beans (OnBeanCondition)

   DataSourceAutoConfiguration.PooledDataSourceConfiguration matched:
      - AnyNestedCondition 1 matched 1 did not; NestedCondition on DataSourceAutoConfiguration.PooledDataSourceCondition.PooledDataSourceAvailable PooledDataSource found supported DataSource; NestedCondition on DataSourceAutoConfiguration.PooledDataSourceCondition.ExplicitType @ConditionalOnProperty (spring.datasource.type) did not find property 'type' (DataSourceAutoConfiguration.PooledDataSourceCondition)
      - @ConditionalOnMissingBean (types: javax.sql.DataSource,javax.sql.XADataSource; SearchStrategy: all) did not find any beans (OnBeanCondition)

   DataSourceAutoConfiguration.PooledDataSourceConfiguration#jdbcConnectionDetails matched:
      - @ConditionalOnMissingBean (types: org.springframework.boot.autoconfigure.jdbc.JdbcConnectionDetails; SearchStrategy: all) did not find any beans (OnBeanCondition)

   DataSourceConfiguration.Hikari matched:
      - @ConditionalOnClass found required class 'com.zaxxer.hikari.HikariDataSource' (OnClassCondition)
      - @ConditionalOnProperty (spring.datasource.type=com.zaxxer.hikari.HikariDataSource) matched (OnPropertyCondition)
      - @ConditionalOnMissingBean (types: javax.sql.DataSource; SearchStrategy: all) did not find any beans (OnBeanCondition)

   DataSourceJmxConfiguration matched:
      - @ConditionalOnProperty (spring.jmx.enabled=true) matched (OnPropertyCondition)

   DataSourceJmxConfiguration.Hikari matched:
      - @ConditionalOnClass found required class 'com.zaxxer.hikari.HikariDataSource' (OnClassCondition)
      - @ConditionalOnSingleCandidate (types: javax.sql.DataSource; SearchStrategy: all) found a single bean 'dataSource' (OnBeanCondition)

   DataSourcePoolMetadataProvidersConfiguration.HikariPoolDataSourceMetadataProviderConfiguration matched:
      - @ConditionalOnClass found required class 'com.zaxxer.hikari.HikariDataSource' (OnClassCondition)

   DataSourceTransactionManagerAutoConfiguration matched:
      - @ConditionalOnClass found required classes 'org.springframework.jdbc.core.JdbcTemplate', 'org.springframework.transaction.TransactionManager' (OnClassCondition)

   DataSourceTransactionManagerAutoConfiguration.JdbcTransactionManagerConfiguration matched:
      - @ConditionalOnSingleCandidate (types: javax.sql.DataSource; SearchStrategy: all) found a single bean 'dataSource' (OnBeanCondition)

   DevToolsDataSourceAutoConfiguration matched:
      - Devtools devtools enabled. (OnEnabledDevToolsCondition)
      - DevTools DataSource Condition found auto-configured DataSource (DevToolsDataSourceAutoConfiguration.DevToolsDataSourceCondition)

   DevToolsDataSourceAutoConfiguration.DatabaseShutdownExecutorEntityManagerFactoryDependsOnPostProcessor matched:
      - @ConditionalOnClass found required class 'org.springframework.orm.jpa.LocalContainerEntityManagerFactoryBean' (OnClassCondition)
      - @ConditionalOnBean (types: org.springframework.orm.jpa.AbstractEntityManagerFactoryBean; SearchStrategy: all) found bean '&entityManagerFactory' (OnBeanCondition)

   DispatcherServletAutoConfiguration matched:
      - @ConditionalOnClass found required class 'org.springframework.web.servlet.DispatcherServlet' (OnClassCondition)
      - found 'session' scope (OnWebApplicationCondition)

   DispatcherServletAutoConfiguration.DispatcherServletConfiguration matched:
      - @ConditionalOnClass found required class 'jakarta.servlet.ServletRegistration' (OnClassCondition)
      - Default DispatcherServlet did not find dispatcher servlet beans (DispatcherServletAutoConfiguration.DefaultDispatcherServletCondition)

   DispatcherServletAutoConfiguration.DispatcherServletRegistrationConfiguration matched:
      - @ConditionalOnClass found required class 'jakarta.servlet.ServletRegistration' (OnClassCondition)
      - DispatcherServlet Registration did not find servlet registration bean (DispatcherServletAutoConfiguration.DispatcherServletRegistrationCondition)

   DispatcherServletAutoConfiguration.DispatcherServletRegistrationConfiguration#dispatcherServletRegistration matched:
      - @ConditionalOnBean (names: dispatcherServlet types: org.springframework.web.servlet.DispatcherServlet; SearchStrategy: all) found bean 'dispatcherServlet' (OnBeanCondition)

   EmbeddedWebServerFactoryCustomizerAutoConfiguration matched:
      - @ConditionalOnWebApplication (required) found 'session' scope (OnWebApplicationCondition)
      - @ConditionalOnWarDeployment the application is not deployed as a WAR file. (OnWarDeploymentCondition)

   EmbeddedWebServerFactoryCustomizerAutoConfiguration.TomcatWebServerFactoryCustomizerConfiguration matched:
      - @ConditionalOnClass found required classes 'org.apache.catalina.startup.Tomcat', 'org.apache.coyote.UpgradeProtocol' (OnClassCondition)

   ErrorMvcAutoConfiguration matched:
      - @ConditionalOnClass found required classes 'jakarta.servlet.Servlet', 'org.springframework.web.servlet.DispatcherServlet' (OnClassCondition)
      - found 'session' scope (OnWebApplicationCondition)

   ErrorMvcAutoConfiguration#basicErrorController matched:
      - @ConditionalOnMissingBean (types: org.springframework.boot.web.servlet.error.ErrorController; SearchStrategy: current) did not find any beans (OnBeanCondition)

   ErrorMvcAutoConfiguration#errorAttributes matched:
      - @ConditionalOnMissingBean (types: org.springframework.boot.web.servlet.error.ErrorAttributes; SearchStrategy: current) did not find any beans (OnBeanCondition)

   ErrorMvcAutoConfiguration.DefaultErrorViewResolverConfiguration#conventionErrorViewResolver matched:
      - @ConditionalOnBean (types: org.springframework.web.servlet.DispatcherServlet; SearchStrategy: all) found bean 'dispatcherServlet'; @ConditionalOnMissingBean (types: org.springframework.boot.autoconfigure.web.servlet.error.ErrorViewResolver; SearchStrategy: all) did not find any beans (OnBeanCondition)

   ErrorMvcAutoConfiguration.WhitelabelErrorViewConfiguration matched:
      - @ConditionalOnProperty (server.error.whitelabel.enabled) matched (OnPropertyCondition)
      - ErrorTemplate Missing did not find error template view (ErrorMvcAutoConfiguration.ErrorTemplateMissingCondition)

   ErrorMvcAutoConfiguration.WhitelabelErrorViewConfiguration#beanNameViewResolver matched:
      - @ConditionalOnMissingBean (types: org.springframework.web.servlet.view.BeanNameViewResolver; SearchStrategy: all) did not find any beans (OnBeanCondition)

   ErrorMvcAutoConfiguration.WhitelabelErrorViewConfiguration#defaultErrorView matched:
      - @ConditionalOnMissingBean (names: error; SearchStrategy: all) did not find any beans (OnBeanCondition)

   FlywayAutoConfiguration matched:
      - @ConditionalOnClass found required class 'org.flywaydb.core.Flyway' (OnClassCondition)
      - @ConditionalOnProperty (spring.flyway.enabled) matched (OnPropertyCondition)
      - AnyNestedCondition 2 matched 1 did not; NestedCondition on FlywayAutoConfiguration.FlywayDataSourceCondition.FlywayUrlCondition @ConditionalOnProperty (spring.flyway.url) did not find property 'url'; NestedCondition on FlywayAutoConfiguration.FlywayDataSourceCondition.JdbcConnectionDetailsCondition @ConditionalOnBean (types: org.springframework.boot.autoconfigure.jdbc.JdbcConnectionDetails; SearchStrategy: all) found bean 'jdbcConnectionDetails'; NestedCondition on FlywayAutoConfiguration.FlywayDataSourceCondition.DataSourceBeanCondition @ConditionalOnBean (types: javax.sql.DataSource; SearchStrategy: all) found bean 'dataSource' (FlywayAutoConfiguration.FlywayDataSourceCondition)

   FlywayAutoConfiguration.FlywayConfiguration matched:
      - @ConditionalOnClass found required class 'org.springframework.jdbc.support.JdbcUtils' (OnClassCondition)
      - @ConditionalOnMissingBean (types: org.flywaydb.core.Flyway; SearchStrategy: all) did not find any beans (OnBeanCondition)

   FlywayAutoConfiguration.FlywayConfiguration#flywayConnectionDetails matched:
      - @ConditionalOnMissingBean (types: org.springframework.boot.autoconfigure.flyway.FlywayConnectionDetails; SearchStrategy: all) did not find any beans (OnBeanCondition)

   FlywayAutoConfiguration.FlywayConfiguration#flywayInitializer matched:
      - @ConditionalOnMissingBean (types: org.springframework.boot.autoconfigure.flyway.FlywayMigrationInitializer; SearchStrategy: all) did not find any beans (OnBeanCondition)

   FlywayAutoConfiguration.FlywayConfiguration#postgresqlFlywayConfigurationCustomizer matched:
      - @ConditionalOnClass found required class 'org.flywaydb.core.internal.database.postgresql.PostgreSQLConfigurationExtension' (OnClassCondition)

   GenericCacheConfiguration matched:
      - Cache org.springframework.boot.autoconfigure.cache.GenericCacheConfiguration automatic cache type (CacheCondition)

   GsonAutoConfiguration matched:
      - @ConditionalOnClass found required class 'com.google.gson.Gson' (OnClassCondition)

   GsonAutoConfiguration#gson matched:
      - @ConditionalOnMissingBean (types: com.google.gson.Gson; SearchStrategy: all) did not find any beans (OnBeanCondition)

   GsonAutoConfiguration#gsonBuilder matched:
      - @ConditionalOnMissingBean (types: com.google.gson.GsonBuilder; SearchStrategy: all) did not find any beans (OnBeanCondition)

   GsonHttpMessageConvertersConfiguration matched:
      - @ConditionalOnClass found required class 'com.google.gson.Gson' (OnClassCondition)

   HibernateJpaAutoConfiguration matched:
      - @ConditionalOnClass found required classes 'org.springframework.orm.jpa.LocalContainerEntityManagerFactoryBean', 'jakarta.persistence.EntityManager', 'org.hibernate.engine.spi.SessionImplementor' (OnClassCondition)

   HibernateJpaConfiguration matched:
      - @ConditionalOnSingleCandidate (types: javax.sql.DataSource; SearchStrategy: all) found a single bean 'dataSource' (OnBeanCondition)

   HttpEncodingAutoConfiguration matched:
      - @ConditionalOnClass found required class 'org.springframework.web.filter.CharacterEncodingFilter' (OnClassCondition)
      - found 'session' scope (OnWebApplicationCondition)
      - @ConditionalOnProperty (server.servlet.encoding.enabled) matched (OnPropertyCondition)

   HttpEncodingAutoConfiguration#characterEncodingFilter matched:
      - @ConditionalOnMissingBean (types: org.springframework.web.filter.CharacterEncodingFilter; SearchStrategy: all) did not find any beans (OnBeanCondition)

   HttpMessageConvertersAutoConfiguration matched:
      - @ConditionalOnClass found required class 'org.springframework.http.converter.HttpMessageConverter' (OnClassCondition)
      - NoneNestedConditions 0 matched 1 did not; NestedCondition on HttpMessageConvertersAutoConfiguration.NotReactiveWebApplicationCondition.ReactiveWebApplication did not find reactive web application classes (HttpMessageConvertersAutoConfiguration.NotReactiveWebApplicationCondition)

   HttpMessageConvertersAutoConfiguration#messageConverters matched:
      - @ConditionalOnMissingBean (types: org.springframework.boot.autoconfigure.http.HttpMessageConverters; SearchStrategy: all) did not find any beans (OnBeanCondition)

   HttpMessageConvertersAutoConfiguration.StringHttpMessageConverterConfiguration matched:
      - @ConditionalOnClass found required class 'org.springframework.http.converter.StringHttpMessageConverter' (OnClassCondition)

   HttpMessageConvertersAutoConfiguration.StringHttpMessageConverterConfiguration#stringHttpMessageConverter matched:
      - @ConditionalOnMissingBean (types: org.springframework.http.converter.StringHttpMessageConverter; SearchStrategy: all) did not find any beans (OnBeanCondition)

   JacksonAutoConfiguration matched:
      - @ConditionalOnClass found required class 'com.fasterxml.jackson.databind.ObjectMapper' (OnClassCondition)

   JacksonAutoConfiguration.Jackson2ObjectMapperBuilderCustomizerConfiguration matched:
      - @ConditionalOnClass found required class 'org.springframework.http.converter.json.Jackson2ObjectMapperBuilder' (OnClassCondition)

   JacksonAutoConfiguration.JacksonObjectMapperBuilderConfiguration matched:
      - @ConditionalOnClass found required class 'org.springframework.http.converter.json.Jackson2ObjectMapperBuilder' (OnClassCondition)

   JacksonAutoConfiguration.JacksonObjectMapperBuilderConfiguration#jacksonObjectMapperBuilder matched:
      - @ConditionalOnMissingBean (types: org.springframework.http.converter.json.Jackson2ObjectMapperBuilder; SearchStrategy: all) did not find any beans (OnBeanCondition)

   JacksonAutoConfiguration.JacksonObjectMapperConfiguration matched:
      - @ConditionalOnClass found required class 'org.springframework.http.converter.json.Jackson2ObjectMapperBuilder' (OnClassCondition)

   JacksonAutoConfiguration.JacksonObjectMapperConfiguration#jacksonObjectMapper matched:
      - @ConditionalOnMissingBean (types: com.fasterxml.jackson.databind.ObjectMapper; SearchStrategy: all) did not find any beans (OnBeanCondition)

   JacksonAutoConfiguration.ParameterNamesModuleConfiguration matched:
      - @ConditionalOnClass found required class 'com.fasterxml.jackson.module.paramnames.ParameterNamesModule' (OnClassCondition)

   JacksonAutoConfiguration.ParameterNamesModuleConfiguration#parameterNamesModule matched:
      - @ConditionalOnMissingBean (types: com.fasterxml.jackson.module.paramnames.ParameterNamesModule; SearchStrategy: all) did not find any beans (OnBeanCondition)

   JacksonHttpMessageConvertersConfiguration.MappingJackson2HttpMessageConverterConfiguration matched:
      - @ConditionalOnClass found required class 'com.fasterxml.jackson.databind.ObjectMapper' (OnClassCondition)
      - @ConditionalOnProperty (spring.mvc.converters.preferred-json-mapper=jackson) matched (OnPropertyCondition)
      - @ConditionalOnBean (types: com.fasterxml.jackson.databind.ObjectMapper; SearchStrategy: all) found bean 'jacksonObjectMapper' (OnBeanCondition)

   JacksonHttpMessageConvertersConfiguration.MappingJackson2HttpMessageConverterConfiguration#mappingJackson2HttpMessageConverter matched:
      - @ConditionalOnMissingBean (types: org.springframework.http.converter.json.MappingJackson2HttpMessageConverter ignored: org.springframework.hateoas.server.mvc.TypeConstrainedMappingJackson2HttpMessageConverter,org.springframework.data.rest.webmvc.alps.AlpsJsonHttpMessageConverter; SearchStrategy: all) did not find any beans (OnBeanCondition)

   JdbcClientAutoConfiguration matched:
      - @ConditionalOnSingleCandidate (types: org.springframework.jdbc.core.namedparam.NamedParameterJdbcTemplate; SearchStrategy: all) found a single bean 'namedParameterJdbcTemplate'; @ConditionalOnMissingBean (types: org.springframework.jdbc.core.simple.JdbcClient; SearchStrategy: all) did not find any beans (OnBeanCondition)

   JdbcTemplateAutoConfiguration matched:
      - @ConditionalOnClass found required classes 'javax.sql.DataSource', 'org.springframework.jdbc.core.JdbcTemplate' (OnClassCondition)
      - @ConditionalOnSingleCandidate (types: javax.sql.DataSource; SearchStrategy: all) found a single bean 'dataSource' (OnBeanCondition)

   JdbcTemplateConfiguration matched:
      - @ConditionalOnMissingBean (types: org.springframework.jdbc.core.JdbcOperations; SearchStrategy: all) did not find any beans (OnBeanCondition)

   JpaBaseConfiguration#entityManagerFactory matched:
      - @ConditionalOnMissingBean (types: org.springframework.orm.jpa.LocalContainerEntityManagerFactoryBean,jakarta.persistence.EntityManagerFactory; SearchStrategy: all) did not find any beans (OnBeanCondition)

   JpaBaseConfiguration#entityManagerFactoryBuilder matched:
      - @ConditionalOnMissingBean (types: org.springframework.boot.orm.jpa.EntityManagerFactoryBuilder; SearchStrategy: all) did not find any beans (OnBeanCondition)

   JpaBaseConfiguration#jpaVendorAdapter matched:
      - @ConditionalOnMissingBean (types: org.springframework.orm.jpa.JpaVendorAdapter; SearchStrategy: all) did not find any beans (OnBeanCondition)

   JpaBaseConfiguration#transactionManager matched:
      - @ConditionalOnMissingBean (types: org.springframework.transaction.TransactionManager; SearchStrategy: all) did not find any beans (OnBeanCondition)

   JpaBaseConfiguration.JpaWebConfiguration matched:
      - @ConditionalOnClass found required class 'org.springframework.web.servlet.config.annotation.WebMvcConfigurer' (OnClassCondition)
      - found 'session' scope (OnWebApplicationCondition)
      - @ConditionalOnProperty (spring.jpa.open-in-view=true) matched (OnPropertyCondition)
      - @ConditionalOnMissingBean (types: org.springframework.orm.jpa.support.OpenEntityManagerInViewInterceptor,org.springframework.orm.jpa.support.OpenEntityManagerInViewFilter; SearchStrategy: all) did not find any beans (OnBeanCondition)

   JpaBaseConfiguration.PersistenceManagedTypesConfiguration matched:
      - @ConditionalOnMissingBean (types: org.springframework.orm.jpa.LocalContainerEntityManagerFactoryBean,jakarta.persistence.EntityManagerFactory; SearchStrategy: all) did not find any beans (OnBeanCondition)

   JpaBaseConfiguration.PersistenceManagedTypesConfiguration#persistenceManagedTypes matched:
      - @ConditionalOnMissingBean (types: org.springframework.orm.jpa.persistenceunit.PersistenceManagedTypes; SearchStrategy: all) did not find any beans (OnBeanCondition)

   JpaRepositoriesAutoConfiguration matched:
      - @ConditionalOnClass found required class 'org.springframework.data.jpa.repository.JpaRepository' (OnClassCondition)
      - @ConditionalOnProperty (spring.data.jpa.repositories.enabled=true) matched (OnPropertyCondition)
      - @ConditionalOnBean (types: javax.sql.DataSource; SearchStrategy: all) found bean 'dataSource'; @ConditionalOnMissingBean (types: org.springframework.data.jpa.repository.support.JpaRepositoryFactoryBean,org.springframework.data.jpa.repository.config.JpaRepositoryConfigExtension; SearchStrategy: all) did not find any beans (OnBeanCondition)

   JtaAutoConfiguration matched:
      - @ConditionalOnClass found required class 'jakarta.transaction.Transaction' (OnClassCondition)
      - @ConditionalOnProperty (spring.jta.enabled) matched (OnPropertyCondition)

   LifecycleAutoConfiguration#defaultLifecycleProcessor matched:
      - @ConditionalOnMissingBean (names: lifecycleProcessor; SearchStrategy: current) did not find any beans (OnBeanCondition)

   LocalDevToolsAutoConfiguration matched:
      - Initialized Restarter Condition available and initialized (OnInitializedRestarterCondition)

   LocalDevToolsAutoConfiguration.LiveReloadConfiguration matched:
      - @ConditionalOnProperty (spring.devtools.livereload.enabled) matched (OnPropertyCondition)

   LocalDevToolsAutoConfiguration.LiveReloadConfiguration#liveReloadServer matched:
      - @ConditionalOnMissingBean (types: org.springframework.boot.devtools.livereload.LiveReloadServer; SearchStrategy: all) did not find any beans (OnBeanCondition)

   LocalDevToolsAutoConfiguration.RestartConfiguration matched:
      - @ConditionalOnProperty (spring.devtools.restart.enabled) matched (OnPropertyCondition)

   LocalDevToolsAutoConfiguration.RestartConfiguration#classPathFileSystemWatcher matched:
      - @ConditionalOnMissingBean (types: org.springframework.boot.devtools.classpath.ClassPathFileSystemWatcher; SearchStrategy: all) did not find any beans (OnBeanCondition)

   LocalDevToolsAutoConfiguration.RestartConfiguration#classPathRestartStrategy matched:
      - @ConditionalOnMissingBean (types: org.springframework.boot.devtools.classpath.ClassPathRestartStrategy; SearchStrategy: all) did not find any beans (OnBeanCondition)

   LocalDevToolsAutoConfiguration.RestartConfiguration#conditionEvaluationDeltaLoggingListener matched:
      - @ConditionalOnProperty (spring.devtools.restart.log-condition-evaluation-delta) matched (OnPropertyCondition)

   MultipartAutoConfiguration matched:
      - @ConditionalOnClass found required classes 'jakarta.servlet.Servlet', 'org.springframework.web.multipart.support.StandardServletMultipartResolver', 'jakarta.servlet.MultipartConfigElement' (OnClassCondition)
      - found 'session' scope (OnWebApplicationCondition)
      - @ConditionalOnProperty (spring.servlet.multipart.enabled) matched (OnPropertyCondition)

   MultipartAutoConfiguration#multipartConfigElement matched:
      - @ConditionalOnMissingBean (types: jakarta.servlet.MultipartConfigElement; SearchStrategy: all) did not find any beans (OnBeanCondition)

   MultipartAutoConfiguration#multipartResolver matched:
      - @ConditionalOnMissingBean (types: org.springframework.web.multipart.MultipartResolver; SearchStrategy: all) did not find any beans (OnBeanCondition)

   NamedParameterJdbcTemplateConfiguration matched:
      - @ConditionalOnSingleCandidate (types: org.springframework.jdbc.core.JdbcTemplate; SearchStrategy: all) found a single bean 'jdbcTemplate'; @ConditionalOnMissingBean (types: org.springframework.jdbc.core.namedparam.NamedParameterJdbcOperations; SearchStrategy: all) did not find any beans (OnBeanCondition)

   NoOpCacheConfiguration matched:
      - Cache org.springframework.boot.autoconfigure.cache.NoOpCacheConfiguration automatic cache type (CacheCondition)

   PersistenceExceptionTranslationAutoConfiguration matched:
      - @ConditionalOnClass found required class 'org.springframework.dao.annotation.PersistenceExceptionTranslationPostProcessor' (OnClassCondition)

   PersistenceExceptionTranslationAutoConfiguration#persistenceExceptionTranslationPostProcessor matched:
      - @ConditionalOnProperty (spring.dao.exceptiontranslation.enabled) matched (OnPropertyCondition)
      - @ConditionalOnMissingBean (types: org.springframework.dao.annotation.PersistenceExceptionTranslationPostProcessor; SearchStrategy: all) did not find any beans (OnBeanCondition)

   PropertyPlaceholderAutoConfiguration#propertySourcesPlaceholderConfigurer matched:
      - @ConditionalOnMissingBean (types: org.springframework.context.support.PropertySourcesPlaceholderConfigurer; SearchStrategy: current) did not find any beans (OnBeanCondition)

   RestClientAutoConfiguration matched:
      - @ConditionalOnClass found required class 'org.springframework.web.client.RestClient' (OnClassCondition)
      - NoneNestedConditions 0 matched 1 did not; NestedCondition on NotReactiveWebApplicationCondition.ReactiveWebApplication did not find reactive web application classes (NotReactiveWebApplicationCondition)

   RestClientAutoConfiguration#httpMessageConvertersRestClientCustomizer matched:
      - @ConditionalOnMissingBean (types: org.springframework.boot.autoconfigure.web.client.HttpMessageConvertersRestClientCustomizer; SearchStrategy: all) did not find any beans (OnBeanCondition)

   RestClientAutoConfiguration#restClientBuilder matched:
      - @ConditionalOnMissingBean (types: org.springframework.web.client.RestClient$Builder; SearchStrategy: all) did not find any beans (OnBeanCondition)

   RestClientAutoConfiguration#restClientBuilderConfigurer matched:
      - @ConditionalOnMissingBean (types: org.springframework.boot.autoconfigure.web.client.RestClientBuilderConfigurer; SearchStrategy: all) did not find any beans (OnBeanCondition)

   RestClientAutoConfiguration#restClientSsl matched:
      - @ConditionalOnBean (types: org.springframework.boot.ssl.SslBundles; SearchStrategy: all) found bean 'sslBundleRegistry'; @ConditionalOnMissingBean (types: org.springframework.boot.autoconfigure.web.client.RestClientSsl; SearchStrategy: all) did not find any beans (OnBeanCondition)

   RestTemplateAutoConfiguration matched:
      - @ConditionalOnClass found required class 'org.springframework.web.client.RestTemplate' (OnClassCondition)
      - NoneNestedConditions 0 matched 1 did not; NestedCondition on NotReactiveWebApplicationCondition.ReactiveWebApplication did not find reactive web application classes (NotReactiveWebApplicationCondition)

   RestTemplateAutoConfiguration#restTemplateBuilder matched:
      - @ConditionalOnMissingBean (types: org.springframework.boot.web.client.RestTemplateBuilder; SearchStrategy: all) did not find any beans (OnBeanCondition)

   SecurityAutoConfiguration matched:
      - @ConditionalOnClass found required class 'org.springframework.security.authentication.DefaultAuthenticationEventPublisher' (OnClassCondition)

   SecurityAutoConfiguration#authenticationEventPublisher matched:
      - @ConditionalOnMissingBean (types: org.springframework.security.authentication.AuthenticationEventPublisher; SearchStrategy: all) did not find any beans (OnBeanCondition)

   SecurityFilterAutoConfiguration matched:
      - @ConditionalOnClass found required classes 'org.springframework.security.web.context.AbstractSecurityWebApplicationInitializer', 'org.springframework.security.config.http.SessionCreationPolicy' (OnClassCondition)
      - found 'session' scope (OnWebApplicationCondition)

   SecurityFilterAutoConfiguration#securityFilterChainRegistration matched:
      - @ConditionalOnBean (names: springSecurityFilterChain; SearchStrategy: all) found bean 'springSecurityFilterChain' (OnBeanCondition)

   ServletWebServerFactoryAutoConfiguration matched:
      - @ConditionalOnClass found required class 'jakarta.servlet.ServletRequest' (OnClassCondition)
      - found 'session' scope (OnWebApplicationCondition)

   ServletWebServerFactoryAutoConfiguration#tomcatServletWebServerFactoryCustomizer matched:
      - @ConditionalOnClass found required class 'org.apache.catalina.startup.Tomcat' (OnClassCondition)

   ServletWebServerFactoryConfiguration.EmbeddedTomcat matched:
      - @ConditionalOnClass found required classes 'jakarta.servlet.Servlet', 'org.apache.catalina.startup.Tomcat', 'org.apache.coyote.UpgradeProtocol' (OnClassCondition)
      - @ConditionalOnMissingBean (types: org.springframework.boot.web.servlet.server.ServletWebServerFactory; SearchStrategy: current) did not find any beans (OnBeanCondition)

   SimpleCacheConfiguration matched:
      - Cache org.springframework.boot.autoconfigure.cache.SimpleCacheConfiguration automatic cache type (CacheCondition)

   SpringBootWebSecurityConfiguration matched:
      - found 'session' scope (OnWebApplicationCondition)

   SpringDataWebAutoConfiguration matched:
      - @ConditionalOnClass found required classes 'org.springframework.data.web.PageableHandlerMethodArgumentResolver', 'org.springframework.web.servlet.config.annotation.WebMvcConfigurer' (OnClassCondition)
      - found 'session' scope (OnWebApplicationCondition)
      - @ConditionalOnMissingBean (types: org.springframework.data.web.PageableHandlerMethodArgumentResolver; SearchStrategy: all) did not find any beans (OnBeanCondition)

   SpringDataWebAutoConfiguration#pageableCustomizer matched:
      - @ConditionalOnMissingBean (types: org.springframework.data.web.config.PageableHandlerMethodArgumentResolverCustomizer; SearchStrategy: all) did not find any beans (OnBeanCondition)

   SpringDataWebAutoConfiguration#sortCustomizer matched:
      - @ConditionalOnMissingBean (types: org.springframework.data.web.config.SortHandlerMethodArgumentResolverCustomizer; SearchStrategy: all) did not find any beans (OnBeanCondition)

   SslAutoConfiguration#sslBundleRegistry matched:
      - @ConditionalOnMissingBean (types: org.springframework.boot.ssl.SslBundleRegistry,org.springframework.boot.ssl.SslBundles; SearchStrategy: all) did not find any beans (OnBeanCondition)

   TaskExecutionAutoConfiguration matched:
      - @ConditionalOnClass found required class 'org.springframework.scheduling.concurrent.ThreadPoolTaskExecutor' (OnClassCondition)

   TaskExecutorConfigurations.SimpleAsyncTaskExecutorBuilderConfiguration#simpleAsyncTaskExecutorBuilder matched:
      - @ConditionalOnMissingBean (types: org.springframework.boot.task.SimpleAsyncTaskExecutorBuilder; SearchStrategy: all) did not find any beans (OnBeanCondition)
      - @ConditionalOnThreading found PLATFORM (OnThreadingCondition)

   TaskExecutorConfigurations.TaskExecutorBuilderConfiguration#taskExecutorBuilder matched:
      - @ConditionalOnMissingBean (types: org.springframework.boot.task.TaskExecutorBuilder; SearchStrategy: all) did not find any beans (OnBeanCondition)

   TaskExecutorConfigurations.TaskExecutorConfiguration matched:
      - @ConditionalOnMissingBean (types: java.util.concurrent.Executor; SearchStrategy: all) did not find any beans (OnBeanCondition)

   TaskExecutorConfigurations.TaskExecutorConfiguration#applicationTaskExecutor matched:
      - @ConditionalOnThreading found PLATFORM (OnThreadingCondition)

   TaskExecutorConfigurations.ThreadPoolTaskExecutorBuilderConfiguration#threadPoolTaskExecutorBuilder matched:
      - @ConditionalOnMissingBean (types: org.springframework.boot.task.TaskExecutorBuilder,org.springframework.boot.task.ThreadPoolTaskExecutorBuilder; SearchStrategy: all) did not find any beans (OnBeanCondition)

   TaskSchedulingAutoConfiguration matched:
      - @ConditionalOnClass found required class 'org.springframework.scheduling.concurrent.ThreadPoolTaskScheduler' (OnClassCondition)

   TaskSchedulingConfigurations.SimpleAsyncTaskSchedulerBuilderConfiguration#simpleAsyncTaskSchedulerBuilder matched:
      - @ConditionalOnMissingBean (types: org.springframework.boot.task.SimpleAsyncTaskSchedulerBuilder; SearchStrategy: all) did not find any beans (OnBeanCondition)
      - @ConditionalOnThreading found PLATFORM (OnThreadingCondition)

   TaskSchedulingConfigurations.TaskSchedulerBuilderConfiguration#taskSchedulerBuilder matched:
      - @ConditionalOnMissingBean (types: org.springframework.boot.task.TaskSchedulerBuilder; SearchStrategy: all) did not find any beans (OnBeanCondition)

   TaskSchedulingConfigurations.ThreadPoolTaskSchedulerBuilderConfiguration#threadPoolTaskSchedulerBuilder matched:
      - @ConditionalOnMissingBean (types: org.springframework.boot.task.TaskSchedulerBuilder,org.springframework.boot.task.ThreadPoolTaskSchedulerBuilder; SearchStrategy: all) did not find any beans (OnBeanCondition)

   TransactionAutoConfiguration matched:
      - @ConditionalOnClass found required class 'org.springframework.transaction.PlatformTransactionManager' (OnClassCondition)

   TransactionAutoConfiguration.EnableTransactionManagementConfiguration matched:
      - @ConditionalOnBean (types: org.springframework.transaction.TransactionManager; SearchStrategy: all) found bean 'transactionManager'; @ConditionalOnMissingBean (types: org.springframework.transaction.annotation.AbstractTransactionManagementConfiguration; SearchStrategy: all) did not find any beans (OnBeanCondition)

   TransactionAutoConfiguration.EnableTransactionManagementConfiguration.CglibAutoProxyConfiguration matched:
      - @ConditionalOnProperty (spring.aop.proxy-target-class=true) matched (OnPropertyCondition)

   TransactionAutoConfiguration.TransactionTemplateConfiguration matched:
      - @ConditionalOnSingleCandidate (types: org.springframework.transaction.PlatformTransactionManager; SearchStrategy: all) found a single bean 'transactionManager' (OnBeanCondition)

   TransactionAutoConfiguration.TransactionTemplateConfiguration#transactionTemplate matched:
      - @ConditionalOnMissingBean (types: org.springframework.transaction.support.TransactionOperations; SearchStrategy: all) did not find any beans (OnBeanCondition)

   TransactionManagerCustomizationAutoConfiguration matched:
      - @ConditionalOnClass found required class 'org.springframework.transaction.PlatformTransactionManager' (OnClassCondition)

   TransactionManagerCustomizationAutoConfiguration#platformTransactionManagerCustomizers matched:
      - @ConditionalOnMissingBean (types: org.springframework.boot.autoconfigure.transaction.TransactionManagerCustomizers; SearchStrategy: all) did not find any beans (OnBeanCondition)

   UserDetailsServiceAutoConfiguration matched:
      - @ConditionalOnClass found required class 'org.springframework.security.authentication.AuthenticationManager'; @ConditionalOnMissingClass did not find unwanted classes 'org.springframework.security.oauth2.client.registration.ClientRegistrationRepository', 'org.springframework.security.oauth2.server.resource.introspection.OpaqueTokenIntrospector', 'org.springframework.security.saml2.provider.service.registration.RelyingPartyRegistrationRepository' (OnClassCondition)
      - @ConditionalOnBean (types: org.springframework.security.config.annotation.ObjectPostProcessor; SearchStrategy: all) found bean 'objectPostProcessor'; @ConditionalOnMissingBean (types: org.springframework.security.authentication.AuthenticationManager,org.springframework.security.authentication.AuthenticationProvider,org.springframework.security.core.userdetails.UserDetailsService,org.springframework.security.authentication.AuthenticationManagerResolver,org.springframework.security.oauth2.jwt.JwtDecoder; SearchStrategy: all) did not find any beans (OnBeanCondition)

   ValidationAutoConfiguration matched:
      - @ConditionalOnClass found required class 'jakarta.validation.executable.ExecutableValidator' (OnClassCondition)
      - @ConditionalOnResource found location classpath:META-INF/services/jakarta.validation.spi.ValidationProvider (OnResourceCondition)

   ValidationAutoConfiguration#defaultValidator matched:
      - @ConditionalOnMissingBean (types: jakarta.validation.Validator; SearchStrategy: all) did not find any beans (OnBeanCondition)

   ValidationAutoConfiguration#methodValidationPostProcessor matched:
      - @ConditionalOnMissingBean (types: org.springframework.validation.beanvalidation.MethodValidationPostProcessor; SearchStrategy: current) did not find any beans (OnBeanCondition)

   WebMvcAutoConfiguration matched:
      - @ConditionalOnClass found required classes 'jakarta.servlet.Servlet', 'org.springframework.web.servlet.DispatcherServlet', 'org.springframework.web.servlet.config.annotation.WebMvcConfigurer' (OnClassCondition)
      - found 'session' scope (OnWebApplicationCondition)
      - @ConditionalOnMissingBean (types: org.springframework.web.servlet.config.annotation.WebMvcConfigurationSupport; SearchStrategy: all) did not find any beans (OnBeanCondition)

   WebMvcAutoConfiguration#formContentFilter matched:
      - @ConditionalOnProperty (spring.mvc.formcontent.filter.enabled) matched (OnPropertyCondition)
      - @ConditionalOnMissingBean (types: org.springframework.web.filter.FormContentFilter; SearchStrategy: all) did not find any beans (OnBeanCondition)

   WebMvcAutoConfiguration.EnableWebMvcConfiguration#flashMapManager matched:
      - @ConditionalOnMissingBean (names: flashMapManager; SearchStrategy: all) did not find any beans (OnBeanCondition)

   WebMvcAutoConfiguration.EnableWebMvcConfiguration#localeResolver matched:
      - @ConditionalOnMissingBean (names: localeResolver; SearchStrategy: all) did not find any beans (OnBeanCondition)

   WebMvcAutoConfiguration.EnableWebMvcConfiguration#themeResolver matched:
      - @ConditionalOnMissingBean (names: themeResolver; SearchStrategy: all) did not find any beans (OnBeanCondition)

   WebMvcAutoConfiguration.WebMvcAutoConfigurationAdapter#defaultViewResolver matched:
      - @ConditionalOnMissingBean (types: org.springframework.web.servlet.view.InternalResourceViewResolver; SearchStrategy: all) did not find any beans (OnBeanCondition)

   WebMvcAutoConfiguration.WebMvcAutoConfigurationAdapter#requestContextFilter matched:
      - @ConditionalOnMissingBean (types: org.springframework.web.context.request.RequestContextListener,org.springframework.web.filter.RequestContextFilter; SearchStrategy: all) did not find any beans (OnBeanCondition)

   WebMvcAutoConfiguration.WebMvcAutoConfigurationAdapter#viewResolver matched:
      - @ConditionalOnBean (types: org.springframework.web.servlet.ViewResolver; SearchStrategy: all) found beans 'defaultViewResolver', 'beanNameViewResolver', 'mvcViewResolver'; @ConditionalOnMissingBean (names: viewResolver types: org.springframework.web.servlet.view.ContentNegotiatingViewResolver; SearchStrategy: all) did not find any beans (OnBeanCondition)

   WebSocketServletAutoConfiguration matched:
      - @ConditionalOnClass found required classes 'jakarta.servlet.Servlet', 'jakarta.websocket.server.ServerContainer' (OnClassCondition)
      - found 'session' scope (OnWebApplicationCondition)

   WebSocketServletAutoConfiguration.TomcatWebSocketConfiguration matched:
      - @ConditionalOnClass found required classes 'org.apache.catalina.startup.Tomcat', 'org.apache.tomcat.websocket.server.WsSci' (OnClassCondition)

   WebSocketServletAutoConfiguration.TomcatWebSocketConfiguration#websocketServletWebServerCustomizer matched:
      - @ConditionalOnMissingBean (names: websocketServletWebServerCustomizer; SearchStrategy: all) did not find any beans (OnBeanCondition)


Negative matches:
-----------------

   ActiveMQAutoConfiguration:
      Did not match:
         - @ConditionalOnClass did not find required class 'jakarta.jms.ConnectionFactory' (OnClassCondition)

   AopAutoConfiguration.AspectJAutoProxyingConfiguration.JdkDynamicAutoProxyConfiguration:
      Did not match:
         - @ConditionalOnProperty (spring.aop.proxy-target-class=false) did not find property 'proxy-target-class' (OnPropertyCondition)

   AopAutoConfiguration.ClassProxyingConfiguration:
      Did not match:
         - @ConditionalOnMissingClass found unwanted class 'org.aspectj.weaver.Advice' (OnClassCondition)

   ArtemisAutoConfiguration:
      Did not match:
         - @ConditionalOnClass did not find required class 'jakarta.jms.ConnectionFactory' (OnClassCondition)

   BatchAutoConfiguration:
      Did not match:
         - @ConditionalOnClass did not find required class 'org.springframework.batch.core.launch.JobLauncher' (OnClassCondition)

   Cache2kCacheConfiguration:
      Did not match:
         - @ConditionalOnClass did not find required class 'org.cache2k.Cache2kBuilder' (OnClassCondition)

   CacheAutoConfiguration:
      Did not match:
         - @ConditionalOnBean (types: org.springframework.cache.interceptor.CacheAspectSupport; SearchStrategy: all) did not find any beans of type org.springframework.cache.interceptor.CacheAspectSupport (OnBeanCondition)
      Matched:
         - @ConditionalOnClass found required class 'org.springframework.cache.CacheManager' (OnClassCondition)

   CacheAutoConfiguration.CacheManagerEntityManagerFactoryDependsOnPostProcessor:
      Did not match:
         - Ancestor org.springframework.boot.autoconfigure.cache.CacheAutoConfiguration did not match (ConditionEvaluationReport.AncestorsMatchedCondition)
      Matched:
         - @ConditionalOnClass found required class 'org.springframework.orm.jpa.LocalContainerEntityManagerFactoryBean' (OnClassCondition)

   CaffeineCacheConfiguration:
      Did not match:
         - @ConditionalOnClass did not find required class 'com.github.benmanes.caffeine.cache.Caffeine' (OnClassCondition)

   CassandraAutoConfiguration:
      Did not match:
         - @ConditionalOnClass did not find required class 'com.datastax.oss.driver.api.core.CqlSession' (OnClassCondition)

   CassandraDataAutoConfiguration:
      Did not match:
         - @ConditionalOnClass did not find required class 'com.datastax.oss.driver.api.core.CqlSession' (OnClassCondition)

   CassandraReactiveDataAutoConfiguration:
      Did not match:
         - @ConditionalOnClass did not find required class 'com.datastax.oss.driver.api.core.CqlSession' (OnClassCondition)

   CassandraReactiveRepositoriesAutoConfiguration:
      Did not match:
         - @ConditionalOnClass did not find required class 'org.springframework.data.cassandra.ReactiveSession' (OnClassCondition)

   CassandraRepositoriesAutoConfiguration:
      Did not match:
         - @ConditionalOnClass did not find required class 'com.datastax.oss.driver.api.core.CqlSession' (OnClassCondition)

   ClientHttpConnectorAutoConfiguration:
      Did not match:
         - @ConditionalOnClass did not find required class 'org.springframework.web.reactive.function.client.WebClient' (OnClassCondition)

   CodecsAutoConfiguration:
      Did not match:
         - @ConditionalOnClass did not find required class 'org.springframework.web.reactive.function.client.WebClient' (OnClassCondition)

   CouchbaseAutoConfiguration:
      Did not match:
         - @ConditionalOnClass did not find required class 'com.couchbase.client.java.Cluster' (OnClassCondition)

   CouchbaseCacheConfiguration:
      Did not match:
         - @ConditionalOnClass did not find required class 'com.couchbase.client.java.Cluster' (OnClassCondition)

   CouchbaseDataAutoConfiguration:
      Did not match:
         - @ConditionalOnClass did not find required class 'com.couchbase.client.java.Bucket' (OnClassCondition)

   CouchbaseReactiveDataAutoConfiguration:
      Did not match:
         - @ConditionalOnClass did not find required class 'com.couchbase.client.java.Cluster' (OnClassCondition)

   CouchbaseReactiveRepositoriesAutoConfiguration:
      Did not match:
         - @ConditionalOnClass did not find required class 'com.couchbase.client.java.Cluster' (OnClassCondition)

   CouchbaseRepositoriesAutoConfiguration:
      Did not match:
         - @ConditionalOnClass did not find required class 'com.couchbase.client.java.Bucket' (OnClassCondition)

   DataSourceAutoConfiguration.EmbeddedDatabaseConfiguration:
      Did not match:
         - EmbeddedDataSource spring.datasource.url is set (DataSourceAutoConfiguration.EmbeddedDatabaseCondition)

   DataSourceCheckpointRestoreConfiguration:
      Did not match:
         - @ConditionalOnClass did not find required class 'org.crac.Resource' (OnClassCondition)

   DataSourceConfiguration.Dbcp2:
      Did not match:
         - @ConditionalOnClass did not find required class 'org.apache.commons.dbcp2.BasicDataSource' (OnClassCondition)

   DataSourceConfiguration.Generic:
      Did not match:
         - @ConditionalOnProperty (spring.datasource.type) did not find property 'spring.datasource.type' (OnPropertyCondition)

   DataSourceConfiguration.OracleUcp:
      Did not match:
         - @ConditionalOnClass did not find required classes 'oracle.ucp.jdbc.PoolDataSourceImpl', 'oracle.jdbc.OracleConnection' (OnClassCondition)

   DataSourceConfiguration.Tomcat:
      Did not match:
         - @ConditionalOnClass did not find required class 'org.apache.tomcat.jdbc.pool.DataSource' (OnClassCondition)

   DataSourceJmxConfiguration.TomcatDataSourceJmxConfiguration:
      Did not match:
         - @ConditionalOnClass did not find required class 'org.apache.tomcat.jdbc.pool.DataSourceProxy' (OnClassCondition)

   DataSourcePoolMetadataProvidersConfiguration.CommonsDbcp2PoolDataSourceMetadataProviderConfiguration:
      Did not match:
         - @ConditionalOnClass did not find required class 'org.apache.commons.dbcp2.BasicDataSource' (OnClassCondition)

   DataSourcePoolMetadataProvidersConfiguration.OracleUcpPoolDataSourceMetadataProviderConfiguration:
      Did not match:
         - @ConditionalOnClass did not find required classes 'oracle.ucp.jdbc.PoolDataSource', 'oracle.jdbc.OracleConnection' (OnClassCondition)

   DataSourcePoolMetadataProvidersConfiguration.TomcatDataSourcePoolMetadataProviderConfiguration:
      Did not match:
         - @ConditionalOnClass did not find required class 'org.apache.tomcat.jdbc.pool.DataSource' (OnClassCondition)

   DataSourceTransactionManagerAutoConfiguration.JdbcTransactionManagerConfiguration#transactionManager:
      Did not match:
         - @ConditionalOnMissingBean (types: org.springframework.transaction.TransactionManager; SearchStrategy: all) found beans of type 'org.springframework.transaction.TransactionManager' transactionManager (OnBeanCondition)

   DbVerifierRunner:
      Did not match:
         - @ConditionalOnProperty (app.db.verify=true) did not find property 'app.db.verify' (OnPropertyCondition)

   DevDbController:
      Did not match:
         - @ConditionalOnProperty (app.db.verify=true) did not find property 'app.db.verify' (OnPropertyCondition)

   DevToolsR2dbcAutoConfiguration:
      Did not match:
         - @ConditionalOnClass did not find required class 'io.r2dbc.spi.ConnectionFactory' (OnClassCondition)

   DispatcherServletAutoConfiguration.DispatcherServletConfiguration#multipartResolver:
      Did not match:
         - @ConditionalOnBean (types: org.springframework.web.multipart.MultipartResolver; SearchStrategy: all) did not find any beans of type org.springframework.web.multipart.MultipartResolver (OnBeanCondition)

   ElasticsearchClientAutoConfiguration:
      Did not match:
         - @ConditionalOnClass did not find required class 'co.elastic.clients.elasticsearch.ElasticsearchClient' (OnClassCondition)

   ElasticsearchDataAutoConfiguration:
      Did not match:
         - @ConditionalOnClass did not find required class 'org.springframework.data.elasticsearch.client.elc.ElasticsearchTemplate' (OnClassCondition)

   ElasticsearchRepositoriesAutoConfiguration:
      Did not match:
         - @ConditionalOnClass did not find required class 'org.springframework.data.elasticsearch.repository.ElasticsearchRepository' (OnClassCondition)

   ElasticsearchRestClientAutoConfiguration:
      Did not match:
         - @ConditionalOnClass did not find required class 'org.elasticsearch.client.RestClientBuilder' (OnClassCondition)

   EmbeddedLdapAutoConfiguration:
      Did not match:
         - @ConditionalOnClass did not find required class 'com.unboundid.ldap.listener.InMemoryDirectoryServer' (OnClassCondition)

   EmbeddedWebServerFactoryCustomizerAutoConfiguration.JettyWebServerFactoryCustomizerConfiguration:
      Did not match:
         - @ConditionalOnClass did not find required classes 'org.eclipse.jetty.server.Server', 'org.eclipse.jetty.util.Loader', 'org.eclipse.jetty.ee10.webapp.WebAppContext' (OnClassCondition)

   EmbeddedWebServerFactoryCustomizerAutoConfiguration.NettyWebServerFactoryCustomizerConfiguration:
      Did not match:
         - @ConditionalOnClass did not find required class 'reactor.netty.http.server.HttpServer' (OnClassCondition)

   EmbeddedWebServerFactoryCustomizerAutoConfiguration.TomcatWebServerFactoryCustomizerConfiguration#tomcatVirtualThreadsProtocolHandlerCustomizer:
      Did not match:
         - @ConditionalOnThreading did not find VIRTUAL (OnThreadingCondition)

   EmbeddedWebServerFactoryCustomizerAutoConfiguration.UndertowWebServerFactoryCustomizerConfiguration:
      Did not match:
         - @ConditionalOnClass did not find required classes 'io.undertow.Undertow', 'org.xnio.SslClientAuthMode' (OnClassCondition)

   ErrorWebFluxAutoConfiguration:
      Did not match:
         - @ConditionalOnClass did not find required class 'org.springframework.web.reactive.config.WebFluxConfigurer' (OnClassCondition)

   FallbackUsersImporter:
      Did not match:
         - @ConditionalOnProperty (app.import.fallback-users=true) did not find property 'fallback-users' (OnPropertyCondition)

   FlywayAutoConfiguration.FlywayConfiguration#oracleFlywayConfigurationCustomizer:
      Did not match:
         - @ConditionalOnClass did not find required class 'org.flywaydb.database.oracle.OracleConfigurationExtension' (OnClassCondition)

   FlywayAutoConfiguration.FlywayConfiguration#sqlServerFlywayConfigurationCustomizer:
      Did not match:
         - @ConditionalOnClass did not find required class 'org.flywaydb.database.sqlserver.SQLServerConfigurationExtension' (OnClassCondition)

   FreeMarkerAutoConfiguration:
      Did not match:
         - @ConditionalOnClass did not find required class 'freemarker.template.Configuration' (OnClassCondition)

   GraphQlAutoConfiguration:
      Did not match:
         - @ConditionalOnClass did not find required class 'graphql.GraphQL' (OnClassCondition)

   GraphQlQueryByExampleAutoConfiguration:
      Did not match:
         - @ConditionalOnClass did not find required class 'graphql.GraphQL' (OnClassCondition)

   GraphQlQuerydslAutoConfiguration:
      Did not match:
         - @ConditionalOnClass did not find required class 'com.querydsl.core.Query' (OnClassCondition)

   GraphQlRSocketAutoConfiguration:
      Did not match:
         - @ConditionalOnClass did not find required class 'graphql.GraphQL' (OnClassCondition)

   GraphQlReactiveQueryByExampleAutoConfiguration:
      Did not match:
         - @ConditionalOnClass did not find required class 'graphql.GraphQL' (OnClassCondition)

   GraphQlReactiveQuerydslAutoConfiguration:
      Did not match:
         - @ConditionalOnClass did not find required class 'com.querydsl.core.Query' (OnClassCondition)

   GraphQlWebFluxAutoConfiguration:
      Did not match:
         - @ConditionalOnClass did not find required class 'graphql.GraphQL' (OnClassCondition)

   GraphQlWebFluxSecurityAutoConfiguration:
      Did not match:
         - @ConditionalOnClass did not find required class 'graphql.GraphQL' (OnClassCondition)

   GraphQlWebMvcAutoConfiguration:
      Did not match:
         - @ConditionalOnClass did not find required class 'graphql.GraphQL' (OnClassCondition)

   GraphQlWebMvcSecurityAutoConfiguration:
      Did not match:
         - @ConditionalOnClass did not find required class 'graphql.GraphQL' (OnClassCondition)

   GroovyTemplateAutoConfiguration:
      Did not match:
         - @ConditionalOnClass did not find required class 'groovy.text.markup.MarkupTemplateEngine' (OnClassCondition)

   GsonHttpMessageConvertersConfiguration.GsonHttpMessageConverterConfiguration:
      Did not match:
         - AnyNestedCondition 0 matched 2 did not; NestedCondition on GsonHttpMessageConvertersConfiguration.PreferGsonOrJacksonAndJsonbUnavailableCondition.JacksonJsonbUnavailable NoneNestedConditions 1 matched 1 did not; NestedCondition on GsonHttpMessageConvertersConfiguration.JacksonAndJsonbUnavailableCondition.JsonbPreferred @ConditionalOnProperty (spring.mvc.converters.preferred-json-mapper=jsonb) did not find property 'spring.mvc.converters.preferred-json-mapper'; NestedCondition on GsonHttpMessageConvertersConfiguration.JacksonAndJsonbUnavailableCondition.JacksonAvailable @ConditionalOnBean (types: org.springframework.http.converter.json.MappingJackson2HttpMessageConverter; SearchStrategy: all) found bean 'mappingJackson2HttpMessageConverter'; NestedCondition on GsonHttpMessageConvertersConfiguration.PreferGsonOrJacksonAndJsonbUnavailableCondition.GsonPreferred @ConditionalOnProperty (spring.mvc.converters.preferred-json-mapper=gson) did not find property 'spring.mvc.converters.preferred-json-mapper' (GsonHttpMessageConvertersConfiguration.PreferGsonOrJacksonAndJsonbUnavailableCondition)

   H2ConsoleAutoConfiguration:
      Did not match:
         - @ConditionalOnClass did not find required class 'org.h2.server.web.JakartaWebServlet' (OnClassCondition)

   HazelcastAutoConfiguration:
      Did not match:
         - @ConditionalOnClass did not find required class 'com.hazelcast.core.HazelcastInstance' (OnClassCondition)

   HazelcastCacheConfiguration:
      Did not match:
         - @ConditionalOnClass did not find required class 'com.hazelcast.core.HazelcastInstance' (OnClassCondition)

   HazelcastJpaDependencyAutoConfiguration:
      Did not match:
         - @ConditionalOnClass did not find required class 'com.hazelcast.core.HazelcastInstance' (OnClassCondition)

   HttpHandlerAutoConfiguration:
      Did not match:
         - @ConditionalOnClass did not find required class 'org.springframework.web.reactive.DispatcherHandler' (OnClassCondition)

   HypermediaAutoConfiguration:
      Did not match:
         - @ConditionalOnClass did not find required class 'org.springframework.hateoas.EntityModel' (OnClassCondition)

   InfinispanCacheConfiguration:
      Did not match:
         - @ConditionalOnClass did not find required class 'org.infinispan.spring.embedded.provider.SpringEmbeddedCacheManager' (OnClassCondition)

   InfluxDbAutoConfiguration:
      Did not match:
         - @ConditionalOnClass did not find required class 'org.influxdb.InfluxDB' (OnClassCondition)

   IntegrationAutoConfiguration:
      Did not match:
         - @ConditionalOnClass did not find required class 'org.springframework.integration.config.EnableIntegration' (OnClassCondition)

   JCacheCacheConfiguration:
      Did not match:
         - @ConditionalOnClass did not find required class 'javax.cache.Caching' (OnClassCondition)

   JacksonHttpMessageConvertersConfiguration.MappingJackson2XmlHttpMessageConverterConfiguration:
      Did not match:
         - @ConditionalOnClass did not find required class 'com.fasterxml.jackson.dataformat.xml.XmlMapper' (OnClassCondition)

   JdbcRepositoriesAutoConfiguration:
      Did not match:
         - @ConditionalOnClass did not find required class 'org.springframework.data.jdbc.repository.config.AbstractJdbcConfiguration' (OnClassCondition)

   JerseyAutoConfiguration:
      Did not match:
         - @ConditionalOnClass did not find required class 'org.glassfish.jersey.server.spring.SpringComponentProvider' (OnClassCondition)

   JmsAutoConfiguration:
      Did not match:
         - @ConditionalOnClass did not find required class 'jakarta.jms.Message' (OnClassCondition)

   JmxAutoConfiguration:
      Did not match:
         - @ConditionalOnProperty (spring.jmx.enabled=true) did not find property 'enabled' (OnPropertyCondition)
      Matched:
         - @ConditionalOnClass found required class 'org.springframework.jmx.export.MBeanExporter' (OnClassCondition)

   JndiConnectionFactoryAutoConfiguration:
      Did not match:
         - @ConditionalOnClass did not find required class 'org.springframework.jms.core.JmsTemplate' (OnClassCondition)

   JndiDataSourceAutoConfiguration:
      Did not match:
         - @ConditionalOnProperty (spring.datasource.jndi-name) did not find property 'jndi-name' (OnPropertyCondition)
      Matched:
         - @ConditionalOnClass found required classes 'javax.sql.DataSource', 'org.springframework.jdbc.datasource.embedded.EmbeddedDatabaseType' (OnClassCondition)

   JndiJtaConfiguration:
      Did not match:
         - @ConditionalOnJndi JNDI environment is not available (OnJndiCondition)
      Matched:
         - @ConditionalOnClass found required class 'org.springframework.transaction.jta.JtaTransactionManager' (OnClassCondition)

   JooqAutoConfiguration:
      Did not match:
         - @ConditionalOnClass did not find required class 'org.jooq.DSLContext' (OnClassCondition)

   JpaRepositoriesAutoConfiguration#entityManagerFactoryBootstrapExecutorCustomizer:
      Did not match:
         - AnyNestedCondition 0 matched 2 did not; NestedCondition on JpaRepositoriesAutoConfiguration.BootstrapExecutorCondition.LazyBootstrapMode @ConditionalOnProperty (spring.data.jpa.repositories.bootstrap-mode=lazy) did not find property 'bootstrap-mode'; NestedCondition on JpaRepositoriesAutoConfiguration.BootstrapExecutorCondition.DeferredBootstrapMode @ConditionalOnProperty (spring.data.jpa.repositories.bootstrap-mode=deferred) did not find property 'bootstrap-mode' (JpaRepositoriesAutoConfiguration.BootstrapExecutorCondition)

   JsonbAutoConfiguration:
      Did not match:
         - @ConditionalOnClass did not find required class 'jakarta.json.bind.Jsonb' (OnClassCondition)

   JsonbHttpMessageConvertersConfiguration:
      Did not match:
         - @ConditionalOnClass did not find required class 'jakarta.json.bind.Jsonb' (OnClassCondition)

   KafkaAutoConfiguration:
      Did not match:
         - @ConditionalOnClass did not find required class 'org.springframework.kafka.core.KafkaTemplate' (OnClassCondition)

   LdapAutoConfiguration:
      Did not match:
         - @ConditionalOnClass did not find required class 'org.springframework.ldap.core.ContextSource' (OnClassCondition)

   LdapRepositoriesAutoConfiguration:
      Did not match:
         - @ConditionalOnClass did not find required class 'org.springframework.data.ldap.repository.LdapRepository' (OnClassCondition)

   LiquibaseAutoConfiguration:
      Did not match:
         - @ConditionalOnClass did not find required class 'liquibase.change.DatabaseChange' (OnClassCondition)

   MailSenderAutoConfiguration:
      Did not match:
         - @ConditionalOnClass did not find required class 'jakarta.mail.internet.MimeMessage' (OnClassCondition)

   MailSenderValidatorAutoConfiguration:
      Did not match:
         - @ConditionalOnSingleCandidate did not find required type 'org.springframework.mail.javamail.JavaMailSenderImpl' (OnBeanCondition)

   MessageSourceAutoConfiguration:
      Did not match:
         - ResourceBundle did not find bundle with basename messages (MessageSourceAutoConfiguration.ResourceBundleCondition)

   MongoAutoConfiguration:
      Did not match:
         - @ConditionalOnClass did not find required class 'com.mongodb.client.MongoClient' (OnClassCondition)

   MongoDataAutoConfiguration:
      Did not match:
         - @ConditionalOnClass did not find required class 'com.mongodb.client.MongoClient' (OnClassCondition)

   MongoReactiveAutoConfiguration:
      Did not match:
         - @ConditionalOnClass did not find required class 'com.mongodb.reactivestreams.client.MongoClient' (OnClassCondition)

   MongoReactiveDataAutoConfiguration:
      Did not match:
         - @ConditionalOnClass did not find required class 'com.mongodb.reactivestreams.client.MongoClient' (OnClassCondition)

   MongoReactiveRepositoriesAutoConfiguration:
      Did not match:
         - @ConditionalOnClass did not find required class 'com.mongodb.reactivestreams.client.MongoClient' (OnClassCondition)

   MongoRepositoriesAutoConfiguration:
      Did not match:
         - @ConditionalOnClass did not find required class 'com.mongodb.client.MongoClient' (OnClassCondition)

   MustacheAutoConfiguration:
      Did not match:
         - @ConditionalOnClass did not find required class 'com.samskivert.mustache.Mustache' (OnClassCondition)

   Neo4jAutoConfiguration:
      Did not match:
         - @ConditionalOnClass did not find required class 'org.neo4j.driver.Driver' (OnClassCondition)

   Neo4jDataAutoConfiguration:
      Did not match:
         - @ConditionalOnClass did not find required class 'org.neo4j.driver.Driver' (OnClassCondition)

   Neo4jReactiveDataAutoConfiguration:
      Did not match:
         - @ConditionalOnClass did not find required class 'org.neo4j.driver.Driver' (OnClassCondition)

   Neo4jReactiveRepositoriesAutoConfiguration:
      Did not match:
         - @ConditionalOnClass did not find required class 'org.neo4j.driver.Driver' (OnClassCondition)

   Neo4jRepositoriesAutoConfiguration:
      Did not match:
         - @ConditionalOnClass did not find required class 'org.neo4j.driver.Driver' (OnClassCondition)

   NettyAutoConfiguration:
      Did not match:
         - @ConditionalOnClass did not find required class 'io.netty.util.NettyRuntime' (OnClassCondition)

   OAuth2AuthorizationServerAutoConfiguration:
      Did not match:
         - @ConditionalOnClass did not find required class 'org.springframework.security.oauth2.server.authorization.OAuth2Authorization' (OnClassCondition)

   OAuth2AuthorizationServerJwtAutoConfiguration:
      Did not match:
         - @ConditionalOnClass did not find required class 'org.springframework.security.oauth2.server.authorization.OAuth2Authorization' (OnClassCondition)

   OAuth2ClientAutoConfiguration:
      Did not match:
         - @ConditionalOnClass did not find required class 'org.springframework.security.oauth2.client.registration.ClientRegistration' (OnClassCondition)

   OAuth2ResourceServerAutoConfiguration:
      Did not match:
         - @ConditionalOnClass did not find required class 'org.springframework.security.oauth2.server.resource.authentication.BearerTokenAuthenticationToken' (OnClassCondition)

   ProjectInfoAutoConfiguration#buildProperties:
      Did not match:
         - @ConditionalOnResource did not find resource '${spring.info.build.location:classpath:META-INF/build-info.properties}' (OnResourceCondition)

   ProjectInfoAutoConfiguration#gitProperties:
      Did not match:
         - GitResource did not find git info at classpath:git.properties (ProjectInfoAutoConfiguration.GitResourceAvailableCondition)

   PulsarAutoConfiguration:
      Did not match:
         - @ConditionalOnClass did not find required class 'org.apache.pulsar.client.api.PulsarClient' (OnClassCondition)

   PulsarReactiveAutoConfiguration:
      Did not match:
         - @ConditionalOnClass did not find required class 'org.apache.pulsar.client.api.PulsarClient' (OnClassCondition)

   QuartzAutoConfiguration:
      Did not match:
         - @ConditionalOnClass did not find required class 'org.quartz.Scheduler' (OnClassCondition)

   R2dbcAutoConfiguration:
      Did not match:
         - @ConditionalOnClass did not find required class 'io.r2dbc.spi.ConnectionFactory' (OnClassCondition)

   R2dbcDataAutoConfiguration:
      Did not match:
         - @ConditionalOnClass did not find required class 'org.springframework.data.r2dbc.core.R2dbcEntityTemplate' (OnClassCondition)

   R2dbcRepositoriesAutoConfiguration:
      Did not match:
         - @ConditionalOnClass did not find required class 'io.r2dbc.spi.ConnectionFactory' (OnClassCondition)

   R2dbcTransactionManagerAutoConfiguration:
      Did not match:
         - @ConditionalOnClass did not find required class 'org.springframework.r2dbc.connection.R2dbcTransactionManager' (OnClassCondition)

   RSocketGraphQlClientAutoConfiguration:
      Did not match:
         - @ConditionalOnClass did not find required class 'graphql.GraphQL' (OnClassCondition)

   RSocketMessagingAutoConfiguration:
      Did not match:
         - @ConditionalOnClass did not find required class 'io.rsocket.RSocket' (OnClassCondition)

   RSocketRequesterAutoConfiguration:
      Did not match:
         - @ConditionalOnClass did not find required class 'io.rsocket.RSocket' (OnClassCondition)

   RSocketSecurityAutoConfiguration:
      Did not match:
         - @ConditionalOnClass did not find required class 'org.springframework.security.rsocket.core.SecuritySocketAcceptorInterceptor' (OnClassCondition)

   RSocketServerAutoConfiguration:
      Did not match:
         - @ConditionalOnClass did not find required class 'io.rsocket.core.RSocketServer' (OnClassCondition)

   RSocketStrategiesAutoConfiguration:
      Did not match:
         - @ConditionalOnClass did not find required class 'io.netty.buffer.PooledByteBufAllocator' (OnClassCondition)

   RabbitAutoConfiguration:
      Did not match:
         - @ConditionalOnClass did not find required class 'com.rabbitmq.client.Channel' (OnClassCondition)

   ReactiveElasticsearchClientAutoConfiguration:
      Did not match:
         - @ConditionalOnClass did not find required class 'co.elastic.clients.transport.ElasticsearchTransport' (OnClassCondition)

   ReactiveElasticsearchRepositoriesAutoConfiguration:
      Did not match:
         - @ConditionalOnClass did not find required class 'org.springframework.data.elasticsearch.client.elc.ReactiveElasticsearchClient' (OnClassCondition)

   ReactiveMultipartAutoConfiguration:
      Did not match:
         - @ConditionalOnClass did not find required class 'org.springframework.web.reactive.config.WebFluxConfigurer' (OnClassCondition)

   ReactiveOAuth2ClientAutoConfiguration:
      Did not match:
         - @ConditionalOnClass did not find required class 'reactor.core.publisher.Flux' (OnClassCondition)

   ReactiveOAuth2ResourceServerAutoConfiguration:
      Did not match:
         - @ConditionalOnWebApplication did not find reactive web application classes (OnWebApplicationCondition)

   ReactiveSecurityAutoConfiguration:
      Did not match:
         - @ConditionalOnClass did not find required class 'reactor.core.publisher.Flux' (OnClassCondition)

   ReactiveUserDetailsServiceAutoConfiguration:
      Did not match:
         - AnyNestedCondition 0 matched 2 did not; NestedCondition on ReactiveUserDetailsServiceAutoConfiguration.ReactiveUserDetailsServiceCondition.ReactiveWebApplicationCondition did not find reactive web application classes; NestedCondition on ReactiveUserDetailsServiceAutoConfiguration.ReactiveUserDetailsServiceCondition.RSocketSecurityEnabledCondition @ConditionalOnBean (types: org.springframework.messaging.rsocket.annotation.support.RSocketMessageHandler; SearchStrategy: all) did not find any beans of type org.springframework.messaging.rsocket.annotation.support.RSocketMessageHandler (ReactiveUserDetailsServiceAutoConfiguration.ReactiveUserDetailsServiceCondition)
      Matched:
         - @ConditionalOnClass found required class 'org.springframework.security.authentication.ReactiveAuthenticationManager'; @ConditionalOnMissingClass did not find unwanted classes 'org.springframework.security.oauth2.client.registration.ClientRegistrationRepository', 'org.springframework.security.oauth2.server.resource.introspection.ReactiveOpaqueTokenIntrospector' (OnClassCondition)

   ReactiveWebServerFactoryAutoConfiguration:
      Did not match:
         - @ConditionalOnWebApplication did not find reactive web application classes (OnWebApplicationCondition)

   ReactorAutoConfiguration:
      Did not match:
         - @ConditionalOnClass did not find required class 'reactor.core.publisher.Hooks' (OnClassCondition)

   RedisAutoConfiguration:
      Did not match:
         - @ConditionalOnClass did not find required class 'org.springframework.data.redis.core.RedisOperations' (OnClassCondition)

   RedisCacheConfiguration:
      Did not match:
         - @ConditionalOnClass did not find required class 'org.springframework.data.redis.connection.RedisConnectionFactory' (OnClassCondition)

   RedisReactiveAutoConfiguration:
      Did not match:
         - @ConditionalOnClass did not find required class 'reactor.core.publisher.Flux' (OnClassCondition)

   RedisRepositoriesAutoConfiguration:
      Did not match:
         - @ConditionalOnClass did not find required class 'org.springframework.data.redis.repository.configuration.EnableRedisRepositories' (OnClassCondition)

   RemoteDevToolsAutoConfiguration:
      Did not match:
         - @ConditionalOnProperty (spring.devtools.remote.secret) did not find property 'secret' (OnPropertyCondition)
      Matched:
         - @ConditionalOnClass found required classes 'jakarta.servlet.Filter', 'org.springframework.http.server.ServerHttpRequest' (OnClassCondition)

   RepositoryRestMvcAutoConfiguration:
      Did not match:
         - @ConditionalOnClass did not find required class 'org.springframework.data.rest.webmvc.config.RepositoryRestMvcConfiguration' (OnClassCondition)

   Saml2RelyingPartyAutoConfiguration:
      Did not match:
         - @ConditionalOnClass did not find required class 'org.springframework.security.saml2.provider.service.registration.RelyingPartyRegistrationRepository' (OnClassCondition)

   SecurityDataConfiguration:
      Did not match:
         - @ConditionalOnClass did not find required class 'org.springframework.security.data.repository.query.SecurityEvaluationContextExtension' (OnClassCondition)

   SendGridAutoConfiguration:
      Did not match:
         - @ConditionalOnClass did not find required class 'com.sendgrid.SendGrid' (OnClassCondition)

   ServletWebServerFactoryAutoConfiguration.ForwardedHeaderFilterConfiguration:
      Did not match:
         - @ConditionalOnProperty (server.forward-headers-strategy=framework) did not find property 'server.forward-headers-strategy' (OnPropertyCondition)

   ServletWebServerFactoryConfiguration.EmbeddedJetty:
      Did not match:
         - @ConditionalOnClass did not find required classes 'org.eclipse.jetty.server.Server', 'org.eclipse.jetty.util.Loader', 'org.eclipse.jetty.ee10.webapp.WebAppContext' (OnClassCondition)

   ServletWebServerFactoryConfiguration.EmbeddedUndertow:
      Did not match:
         - @ConditionalOnClass did not find required classes 'io.undertow.Undertow', 'org.xnio.SslClientAuthMode' (OnClassCondition)

   SessionAutoConfiguration:
      Did not match:
         - @ConditionalOnClass did not find required class 'org.springframework.session.Session' (OnClassCondition)

   SpringApplicationAdminJmxAutoConfiguration:
      Did not match:
         - @ConditionalOnProperty (spring.application.admin.enabled=true) did not find property 'enabled' (OnPropertyCondition)

   SpringBootWebSecurityConfiguration.SecurityFilterChainConfiguration:
      Did not match:
         - AllNestedConditions 1 matched 1 did not; NestedCondition on DefaultWebSecurityCondition.Beans @ConditionalOnMissingBean (types: org.springframework.security.web.SecurityFilterChain; SearchStrategy: all) found beans of type 'org.springframework.security.web.SecurityFilterChain' filterChain; NestedCondition on DefaultWebSecurityCondition.Classes @ConditionalOnClass found required classes 'org.springframework.security.web.SecurityFilterChain', 'org.springframework.security.config.annotation.web.builders.HttpSecurity' (DefaultWebSecurityCondition)

   SpringBootWebSecurityConfiguration.WebSecurityEnablerConfiguration:
      Did not match:
         - @ConditionalOnMissingBean (names: springSecurityFilterChain; SearchStrategy: all) found beans named springSecurityFilterChain (OnBeanCondition)
      Matched:
         - @ConditionalOnClass found required class 'org.springframework.security.config.annotation.web.configuration.EnableWebSecurity' (OnClassCondition)

   SqlInitializationAutoConfiguration:
      Did not match:
         - NoneNestedConditions 1 matched 0 did not; NestedCondition on SqlInitializationAutoConfiguration.SqlInitializationModeCondition.ModeIsNever @ConditionalOnProperty (spring.sql.init.mode=never) matched (SqlInitializationAutoConfiguration.SqlInitializationModeCondition)
      Matched:
         - @ConditionalOnProperty (spring.sql.init.enabled) matched (OnPropertyCondition)

   TaskExecutorConfigurations.SimpleAsyncTaskExecutorBuilderConfiguration#simpleAsyncTaskExecutorBuilderVirtualThreads:
      Did not match:
         - @ConditionalOnMissingBean (types: org.springframework.boot.task.SimpleAsyncTaskExecutorBuilder; SearchStrategy: all) found beans of type 'org.springframework.boot.task.SimpleAsyncTaskExecutorBuilder' simpleAsyncTaskExecutorBuilder (OnBeanCondition)

   TaskExecutorConfigurations.TaskExecutorConfiguration#applicationTaskExecutorVirtualThreads:
      Did not match:
         - @ConditionalOnThreading did not find VIRTUAL (OnThreadingCondition)

   TaskSchedulingAutoConfiguration#scheduledBeanLazyInitializationExcludeFilter:
      Did not match:
         - @ConditionalOnBean (names: org.springframework.context.annotation.internalScheduledAnnotationProcessor; SearchStrategy: all) did not find any beans named org.springframework.context.annotation.internalScheduledAnnotationProcessor (OnBeanCondition)

   TaskSchedulingConfigurations.SimpleAsyncTaskSchedulerBuilderConfiguration#simpleAsyncTaskSchedulerBuilderVirtualThreads:
      Did not match:
         - @ConditionalOnMissingBean (types: org.springframework.boot.task.SimpleAsyncTaskSchedulerBuilder; SearchStrategy: all) found beans of type 'org.springframework.boot.task.SimpleAsyncTaskSchedulerBuilder' simpleAsyncTaskSchedulerBuilder (OnBeanCondition)

   TaskSchedulingConfigurations.TaskSchedulerConfiguration:
      Did not match:
         - @ConditionalOnBean (names: org.springframework.context.annotation.internalScheduledAnnotationProcessor; SearchStrategy: all) did not find any beans named org.springframework.context.annotation.internalScheduledAnnotationProcessor (OnBeanCondition)

   ThymeleafAutoConfiguration:
      Did not match:
         - @ConditionalOnClass did not find required class 'org.thymeleaf.spring6.SpringTemplateEngine' (OnClassCondition)

   TransactionAutoConfiguration#transactionalOperator:
      Did not match:
         - @ConditionalOnSingleCandidate (types: org.springframework.transaction.ReactiveTransactionManager; SearchStrategy: all) did not find any beans (OnBeanCondition)

   TransactionAutoConfiguration.AspectJTransactionManagementConfiguration:
      Did not match:
         - @ConditionalOnBean (types: org.springframework.transaction.aspectj.AbstractTransactionAspect; SearchStrategy: all) did not find any beans of type org.springframework.transaction.aspectj.AbstractTransactionAspect (OnBeanCondition)

   TransactionAutoConfiguration.EnableTransactionManagementConfiguration.JdkDynamicAutoProxyConfiguration:
      Did not match:
         - @ConditionalOnProperty (spring.aop.proxy-target-class=false) did not find property 'proxy-target-class' (OnPropertyCondition)

   WebClientAutoConfiguration:
      Did not match:
         - @ConditionalOnClass did not find required class 'org.springframework.web.reactive.function.client.WebClient' (OnClassCondition)

   WebFluxAutoConfiguration:
      Did not match:
         - @ConditionalOnClass did not find required class 'org.springframework.web.reactive.config.WebFluxConfigurer' (OnClassCondition)

   WebMvcAutoConfiguration#hiddenHttpMethodFilter:
      Did not match:
         - @ConditionalOnProperty (spring.mvc.hiddenmethod.filter.enabled) did not find property 'enabled' (OnPropertyCondition)

   WebMvcAutoConfiguration.ProblemDetailsErrorHandlingConfiguration:
      Did not match:
         - @ConditionalOnProperty (spring.mvc.problemdetails.enabled=true) did not find property 'enabled' (OnPropertyCondition)

   WebMvcAutoConfiguration.ResourceChainCustomizerConfiguration:
      Did not match:
         - @ConditionalOnEnabledResourceChain did not find class org.webjars.WebJarAssetLocator (OnEnabledResourceChainCondition)

   WebMvcAutoConfiguration.WebMvcAutoConfigurationAdapter#beanNameViewResolver:
      Did not match:
         - @ConditionalOnMissingBean (types: org.springframework.web.servlet.view.BeanNameViewResolver; SearchStrategy: all) found beans of type 'org.springframework.web.servlet.view.BeanNameViewResolver' beanNameViewResolver (OnBeanCondition)

   WebServiceTemplateAutoConfiguration:
      Did not match:
         - @ConditionalOnClass did not find required class 'org.springframework.oxm.Marshaller' (OnClassCondition)

   WebServicesAutoConfiguration:
      Did not match:
         - @ConditionalOnClass did not find required class 'org.springframework.ws.transport.http.MessageDispatcherServlet' (OnClassCondition)

   WebSessionIdResolverAutoConfiguration:
      Did not match:
         - @ConditionalOnClass did not find required class 'reactor.core.publisher.Mono' (OnClassCondition)

   WebSocketMessagingAutoConfiguration:
      Did not match:
         - @ConditionalOnClass did not find required class 'org.springframework.web.socket.config.annotation.WebSocketMessageBrokerConfigurer' (OnClassCondition)

   WebSocketReactiveAutoConfiguration:
      Did not match:
         - @ConditionalOnWebApplication did not find reactive web application classes (OnWebApplicationCondition)

   WebSocketServletAutoConfiguration.JettyWebSocketConfiguration:
      Did not match:
         - @ConditionalOnClass did not find required class 'org.eclipse.jetty.ee10.websocket.jakarta.server.config.JakartaWebSocketServletContainerInitializer' (OnClassCondition)

   WebSocketServletAutoConfiguration.UndertowWebSocketConfiguration:
      Did not match:
         - @ConditionalOnClass did not find required class 'io.undertow.websockets.jsr.Bootstrap' (OnClassCondition)

   XADataSourceAutoConfiguration:
      Did not match:
         - @ConditionalOnBean (types: org.springframework.boot.jdbc.XADataSourceWrapper; SearchStrategy: all) did not find any beans of type org.springframework.boot.jdbc.XADataSourceWrapper (OnBeanCondition)
      Matched:
         - @ConditionalOnClass found required classes 'javax.sql.DataSource', 'jakarta.transaction.TransactionManager', 'org.springframework.jdbc.datasource.embedded.EmbeddedDatabaseType' (OnClassCondition)


Exclusions:
-----------

    None


Unconditional classes:
----------------------

    org.springframework.boot.autoconfigure.context.ConfigurationPropertiesAutoConfiguration

    org.springframework.boot.autoconfigure.ssl.SslAutoConfiguration

    org.springframework.boot.autoconfigure.context.PropertyPlaceholderAutoConfiguration

    org.springframework.boot.autoconfigure.context.LifecycleAutoConfiguration

    org.springframework.boot.autoconfigure.availability.ApplicationAvailabilityAutoConfiguration

    org.springframework.boot.autoconfigure.info.ProjectInfoAutoConfiguration



2026-06-01T01:33:00.938+05:30  INFO 19928 --- [  restartedMain] c.e.a.AmazonCloneBackendApplication      : Started AmazonCloneBackendApplication in 19.85 seconds (process running for 20.314)
2026-06-01T01:33:00.939+05:30 DEBUG 19928 --- [  restartedMain] o.s.b.a.ApplicationAvailabilityBean      : Application availability state LivenessState changed to CORRECT
2026-06-01T01:33:00.940+05:30 DEBUG 19928 --- [  restartedMain] o.s.jdbc.core.JdbcTemplate               : Executing SQL statement [ALTER TABLE "products" ADD COLUMN IF NOT EXISTS "category" VARCHAR(50)]
2026-06-01T01:33:01.461+05:30 DEBUG 19928 --- [  restartedMain] o.s.jdbc.core.JdbcTemplate               : SQLWarning ignored: SQL state '42701', error code '0', message [column "category" of relation "products" already exists, skipping]
2026-06-01T01:33:01.472+05:30 DEBUG 19928 --- [  restartedMain] o.s.jdbc.core.JdbcTemplate               : Executing SQL statement [ALTER TABLE "products" ADD COLUMN IF NOT EXISTS "best_seller" BOOLEAN NOT NULL DEFAULT FALSE]
2026-06-01T01:33:01.793+05:30 DEBUG 19928 --- [  restartedMain] o.s.jdbc.core.JdbcTemplate               : SQLWarning ignored: SQL state '42701', error code '0', message [column "best_seller" of relation "products" already exists, skipping]
2026-06-01T01:33:01.802+05:30 DEBUG 19928 --- [  restartedMain] o.s.jdbc.core.JdbcTemplate               : Executing SQL statement [ALTER TABLE "products" ADD COLUMN IF NOT EXISTS "today_deal" BOOLEAN NOT NULL DEFAULT FALSE]
2026-06-01T01:33:02.044+05:30 DEBUG 19928 --- [  restartedMain] o.s.jdbc.core.JdbcTemplate               : SQLWarning ignored: SQL state '42701', error code '0', message [column "today_deal" of relation "products" already exists, skipping]
2026-06-01T01:33:02.053+05:30 DEBUG 19928 --- [  restartedMain] o.s.jdbc.core.JdbcTemplate               : Executing SQL statement [ALTER TABLE "products" ADD COLUMN IF NOT EXISTS "new_release" BOOLEAN NOT NULL DEFAULT FALSE]
2026-06-01T01:33:02.390+05:30 DEBUG 19928 --- [  restartedMain] o.s.jdbc.core.JdbcTemplate               : SQLWarning ignored: SQL state '42701', error code '0', message [column "new_release" of relation "products" already exists, skipping]
2026-06-01T01:33:02.399+05:30 DEBUG 19928 --- [  restartedMain] o.s.jdbc.core.JdbcTemplate               : Executing SQL statement [UPDATE "products" SET "category" = 'ELECTRONICS' WHERE "category" IS NULL]
2026-06-01T01:33:02.651+05:30 DEBUG 19928 --- [  restartedMain] o.s.jdbc.core.JdbcTemplate               : Executing SQL statement [ALTER TABLE "users" ADD COLUMN IF NOT EXISTS "role" VARCHAR(255) DEFAULT 'CUSTOMER']
2026-06-01T01:33:02.899+05:30 DEBUG 19928 --- [  restartedMain] o.s.jdbc.core.JdbcTemplate               : SQLWarning ignored: SQL state '42701', error code '0', message [column "role" of relation "users" already exists, skipping]
2026-06-01T01:33:02.900+05:30 DEBUG 19928 --- [  restartedMain] o.s.jdbc.core.JdbcTemplate               : Executing SQL statement [UPDATE "users" SET "role" = 'CUSTOMER' WHERE "role" IS NULL]
2026-06-01T01:33:03.221+05:30 DEBUG 19928 --- [  restartedMain] o.s.jdbc.core.JdbcTemplate               : Executing SQL statement [ALTER TABLE "users" ADD COLUMN IF NOT EXISTS "seller_approved" BOOLEAN DEFAULT FALSE]
2026-06-01T01:33:03.540+05:30 DEBUG 19928 --- [  restartedMain] o.s.jdbc.core.JdbcTemplate               : SQLWarning ignored: SQL state '42701', error code '0', message [column "seller_approved" of relation "users" already exists, skipping]
2026-06-01T01:33:03.549+05:30 DEBUG 19928 --- [  restartedMain] o.s.jdbc.core.JdbcTemplate               : Executing SQL statement [UPDATE "users" SET "seller_approved" = FALSE WHERE "seller_approved" IS NULL]
2026-06-01T01:33:03.859+05:30 DEBUG 19928 --- [  restartedMain] o.s.jdbc.core.JdbcTemplate               : Executing SQL statement [ALTER TABLE "products" ADD COLUMN IF NOT EXISTS "seller_profile_id" VARCHAR(255)]
2026-06-01T01:33:04.188+05:30 DEBUG 19928 --- [  restartedMain] o.s.jdbc.core.JdbcTemplate               : SQLWarning ignored: SQL state '42701', error code '0', message [column "seller_profile_id" of relation "products" already exists, skipping]
2026-06-01T01:33:04.196+05:30  INFO 19928 --- [  restartedMain] c.e.a.config.DatasourceDiagnostics       : Active Spring profile(s): default
2026-06-01T01:33:04.196+05:30  INFO 19928 --- [  restartedMain] c.e.a.config.DatasourceDiagnostics       : Datasource driver: org.postgresql.Driver
2026-06-01T01:33:04.196+05:30  INFO 19928 --- [  restartedMain] c.e.a.config.DatasourceDiagnostics       : Datasource dialect: org.hibernate.dialect.PostgreSQLDialect
2026-06-01T01:33:04.197+05:30  INFO 19928 --- [  restartedMain] c.e.a.config.DatasourceDiagnostics       : Datasource target: postgresql://ep-misty-rain-apff0rak-pooler.c-7.us-east-1.aws.neon.tech/neondb
2026-06-01T01:33:04.197+05:30 DEBUG 19928 --- [  restartedMain] o.s.boot.devtools.restart.Restarter      : Creating new Restarter for thread Thread[#1,main,5,main]
2026-06-01T01:33:04.197+05:30 DEBUG 19928 --- [  restartedMain] o.s.boot.devtools.restart.Restarter      : Immediately restarting application
2026-06-01T01:33:04.198+05:30 DEBUG 19928 --- [  restartedMain] o.s.boot.devtools.restart.Restarter      : Starting application com.example.amazonclonebackend.AmazonCloneBackendApplication with URLs [file:/C:/Users/Owner/Downloads/Amazon-Clone-main/spring-backend/target/classes/]
2026-06-01T01:33:04.198+05:30 DEBUG 19928 --- [  restartedMain] o.s.b.a.ApplicationAvailabilityBean      : Application availability state ReadinessState changed to ACCEPTING_TRAFFIC
2026-06-01T01:33:27.451+05:30  INFO 19928 --- [nio-8081-exec-2] o.a.c.c.C.[Tomcat].[localhost].[/]       : Initializing Spring DispatcherServlet 'dispatcherServlet'
2026-06-01T01:33:27.452+05:30  INFO 19928 --- [nio-8081-exec-2] o.s.web.servlet.DispatcherServlet        : Initializing Servlet 'dispatcherServlet'
2026-06-01T01:33:27.452+05:30 DEBUG 19928 --- [nio-8081-exec-2] o.s.web.servlet.DispatcherServlet        : Detected StandardServletMultipartResolver
2026-06-01T01:33:27.452+05:30 DEBUG 19928 --- [nio-8081-exec-2] o.s.web.servlet.DispatcherServlet        : Detected AcceptHeaderLocaleResolver
2026-06-01T01:33:27.454+05:30 DEBUG 19928 --- [nio-8081-exec-2] o.s.web.servlet.DispatcherServlet        : Detected FixedThemeResolver
2026-06-01T01:33:27.456+05:30 DEBUG 19928 --- [nio-8081-exec-2] o.s.web.servlet.DispatcherServlet        : Detected org.springframework.web.servlet.view.DefaultRequestToViewNameTranslator@7cbaf33a
2026-06-01T01:33:27.458+05:30 DEBUG 19928 --- [nio-8081-exec-2] o.s.web.servlet.DispatcherServlet        : Detected org.springframework.web.servlet.support.SessionFlashMapManager@43bc2108
2026-06-01T01:33:27.458+05:30 DEBUG 19928 --- [nio-8081-exec-2] o.s.web.servlet.DispatcherServlet        : enableLoggingRequestDetails='false': request parameters and headers will be masked to prevent unsafe logging of potentially sensitive data
2026-06-01T01:33:27.459+05:30  INFO 19928 --- [nio-8081-exec-2] o.s.web.servlet.DispatcherServlet        : Completed initialization in 7 ms
2026-06-01T01:33:27.470+05:30 DEBUG 19928 --- [nio-8081-exec-2] o.s.security.web.FilterChainProxy        : Securing GET /
2026-06-01T01:33:27.488+05:30 DEBUG 19928 --- [nio-8081-exec-2] o.s.s.w.a.AnonymousAuthenticationFilter  : Set SecurityContextHolder to anonymous SecurityContext
2026-06-01T01:33:27.489+05:30  WARN 19928 --- [nio-8081-exec-2] o.s.w.s.h.HandlerMappingIntrospector     : Cache miss for REQUEST dispatch to '/' (previous null). Performing MatchableHandlerMapping lookup. This is logged once only at WARN level, and every time at TRACE.
2026-06-01T01:33:27.511+05:30 DEBUG 19928 --- [nio-8081-exec-2] o.s.s.w.a.Http403ForbiddenEntryPoint     : Pre-authenticated entry point called. Rejecting access
2026-06-01T01:33:27.518+05:30 DEBUG 19928 --- [nio-8081-exec-2] o.s.security.web.FilterChainProxy        : Securing GET /error
2026-06-01T01:33:27.535+05:30 DEBUG 19928 --- [nio-8081-exec-2] o.s.s.w.a.AnonymousAuthenticationFilter  : Set SecurityContextHolder to anonymous SecurityContext
2026-06-01T01:33:27.535+05:30 DEBUG 19928 --- [nio-8081-exec-2] o.s.s.w.a.Http403ForbiddenEntryPoint     : Pre-authenticated entry point called. Rejecting access
2026-06-01T01:33:35.270+05:30 DEBUG 19928 --- [nio-8081-exec-3] o.s.security.web.FilterChainProxy        : Securing OPTIONS /api/products
2026-06-01T01:33:35.271+05:30 DEBUG 19928 --- [nio-8081-exec-4] o.s.security.web.FilterChainProxy        : Securing OPTIONS /api/getAuthUser
2026-06-01T01:33:35.301+05:30 DEBUG 19928 --- [nio-8081-exec-5] o.s.security.web.FilterChainProxy        : Securing GET /api/getAuthUser
2026-06-01T01:33:35.303+05:30 DEBUG 19928 --- [nio-8081-exec-6] o.s.security.web.FilterChainProxy        : Securing GET /api/products
2026-06-01T01:33:35.306+05:30 DEBUG 19928 --- [nio-8081-exec-6] o.s.s.w.a.AnonymousAuthenticationFilter  : Set SecurityContextHolder to anonymous SecurityContext
2026-06-01T01:33:35.306+05:30 DEBUG 19928 --- [nio-8081-exec-5] o.s.s.w.a.AnonymousAuthenticationFilter  : Set SecurityContextHolder to anonymous SecurityContext
2026-06-01T01:33:35.309+05:30 DEBUG 19928 --- [nio-8081-exec-6] o.s.security.web.FilterChainProxy        : Secured GET /api/products
2026-06-01T01:33:35.309+05:30 DEBUG 19928 --- [nio-8081-exec-5] o.s.s.w.a.Http403ForbiddenEntryPoint     : Pre-authenticated entry point called. Rejecting access
2026-06-01T01:33:35.311+05:30 DEBUG 19928 --- [nio-8081-exec-5] o.s.security.web.FilterChainProxy        : Securing GET /error
2026-06-01T01:33:35.313+05:30 DEBUG 19928 --- [nio-8081-exec-6] o.s.web.servlet.DispatcherServlet        : GET "/api/products", parameters={}
2026-06-01T01:33:35.315+05:30 DEBUG 19928 --- [nio-8081-exec-6] s.w.s.m.m.a.RequestMappingHandlerMapping : Mapped to com.example.amazonclonebackend.controller.ProductController#getProducts(String, String)
2026-06-01T01:33:35.316+05:30 DEBUG 19928 --- [nio-8081-exec-5] o.s.s.w.a.AnonymousAuthenticationFilter  : Set SecurityContextHolder to anonymous SecurityContext
2026-06-01T01:33:35.317+05:30 DEBUG 19928 --- [nio-8081-exec-5] o.s.s.w.a.Http403ForbiddenEntryPoint     : Pre-authenticated entry point called. Rejecting access
2026-06-01T01:33:35.652+05:30 DEBUG 19928 --- [nio-8081-exec-6] org.hibernate.SQL                        : 
    select
        p1_0."id",
        p1_0."acc_value",
        p1_0."best_seller",
        p1_0."category",
        p1_0."discount",
        p1_0."mrp",
        p1_0."name",
        p1_0."new_release",
        p1_0."price",
        p1_0."res_url",
        p1_0."seller_profile_id",
        p1_0."today_deal",
        p1_0."url",
        p1_0."value" 
    from
        "products" p1_0
Hibernate: 
    select
        p1_0."id",
        p1_0."acc_value",
        p1_0."best_seller",
        p1_0."category",
        p1_0."discount",
        p1_0."mrp",
        p1_0."name",
        p1_0."new_release",
        p1_0."price",
        p1_0."res_url",
        p1_0."seller_profile_id",
        p1_0."today_deal",
        p1_0."url",
        p1_0."value" 
    from
        "products" p1_0
2026-06-01T01:33:35.935+05:30 DEBUG 19928 --- [nio-8081-exec-6] org.hibernate.SQL                        : 
    select
        p1_0."product_id",
        p1_0."id",
        p1_0."point" 
    from
        "product_points" p1_0 
    where
        p1_0."product_id"=?
Hibernate: 
    select
        p1_0."product_id",
        p1_0."id",
        p1_0."point" 
    from
        "product_points" p1_0 
    where
        p1_0."product_id"=?
2026-06-01T01:33:36.184+05:30 DEBUG 19928 --- [nio-8081-exec-6] org.hibernate.SQL                        : 
    select
        p1_0."product_id",
        p1_0."id",
        p1_0."point" 
    from
        "product_points" p1_0 
    where
        p1_0."product_id"=?
Hibernate: 
    select
        p1_0."product_id",
        p1_0."id",
        p1_0."point" 
    from
        "product_points" p1_0 
    where
        p1_0."product_id"=?
2026-06-01T01:33:36.503+05:30 DEBUG 19928 --- [nio-8081-exec-6] org.hibernate.SQL                        : 
    select
        p1_0."product_id",
        p1_0."id",
        p1_0."point" 
    from
        "product_points" p1_0 
    where
        p1_0."product_id"=?
Hibernate: 
    select
        p1_0."product_id",
        p1_0."id",
        p1_0."point" 
    from
        "product_points" p1_0 
    where
        p1_0."product_id"=?
2026-06-01T01:33:36.821+05:30 DEBUG 19928 --- [nio-8081-exec-6] org.hibernate.SQL                        : 
    select
        p1_0."product_id",
        p1_0."id",
        p1_0."point" 
    from
        "product_points" p1_0 
    where
        p1_0."product_id"=?
Hibernate: 
    select
        p1_0."product_id",
        p1_0."id",
        p1_0."point" 
    from
        "product_points" p1_0 
    where
        p1_0."product_id"=?
2026-06-01T01:33:37.072+05:30 DEBUG 19928 --- [nio-8081-exec-6] org.hibernate.SQL                        : 
    select
        p1_0."product_id",
        p1_0."id",
        p1_0."point" 
    from
        "product_points" p1_0 
    where
        p1_0."product_id"=?
Hibernate: 
    select
        p1_0."product_id",
        p1_0."id",
        p1_0."point" 
    from
        "product_points" p1_0 
    where
        p1_0."product_id"=?
2026-06-01T01:33:37.461+05:30 DEBUG 19928 --- [nio-8081-exec-6] org.hibernate.SQL                        : 
    select
        p1_0."product_id",
        p1_0."id",
        p1_0."point" 
    from
        "product_points" p1_0 
    where
        p1_0."product_id"=?
Hibernate: 
    select
        p1_0."product_id",
        p1_0."id",
        p1_0."point" 
    from
        "product_points" p1_0 
    where
        p1_0."product_id"=?
2026-06-01T01:33:37.782+05:30 DEBUG 19928 --- [nio-8081-exec-6] org.hibernate.SQL                        : 
    select
        p1_0."product_id",
        p1_0."id",
        p1_0."point" 
    from
        "product_points" p1_0 
    where
        p1_0."product_id"=?
Hibernate: 
    select
        p1_0."product_id",
        p1_0."id",
        p1_0."point" 
    from
        "product_points" p1_0 
    where
        p1_0."product_id"=?
2026-06-01T01:33:38.100+05:30 DEBUG 19928 --- [nio-8081-exec-6] org.hibernate.SQL                        : 
    select
        p1_0."product_id",
        p1_0."id",
        p1_0."point" 
    from
        "product_points" p1_0 
    where
        p1_0."product_id"=?
Hibernate: 
    select
        p1_0."product_id",
        p1_0."id",
        p1_0."point" 
    from
        "product_points" p1_0 
    where
        p1_0."product_id"=?
2026-06-01T01:33:38.359+05:30 DEBUG 19928 --- [nio-8081-exec-6] org.hibernate.SQL                        : 
    select
        p1_0."product_id",
        p1_0."id",
        p1_0."point" 
    from
        "product_points" p1_0 
    where
        p1_0."product_id"=?
Hibernate: 
    select
        p1_0."product_id",
        p1_0."id",
        p1_0."point" 
    from
        "product_points" p1_0 
    where
        p1_0."product_id"=?
2026-06-01T01:33:38.652+05:30 DEBUG 19928 --- [nio-8081-exec-6] org.hibernate.SQL                        : 
    select
        p1_0."product_id",
        p1_0."id",
        p1_0."point" 
    from
        "product_points" p1_0 
    where
        p1_0."product_id"=?
Hibernate: 
    select
        p1_0."product_id",
        p1_0."id",
        p1_0."point" 
    from
        "product_points" p1_0 
    where
        p1_0."product_id"=?
2026-06-01T01:33:38.908+05:30 DEBUG 19928 --- [nio-8081-exec-6] org.hibernate.SQL                        : 
    select
        p1_0."product_id",
        p1_0."id",
        p1_0."point" 
    from
        "product_points" p1_0 
    where
        p1_0."product_id"=?
Hibernate: 
    select
        p1_0."product_id",
        p1_0."id",
        p1_0."point" 
    from
        "product_points" p1_0 
    where
        p1_0."product_id"=?
2026-06-01T01:33:39.167+05:30 DEBUG 19928 --- [nio-8081-exec-6] org.hibernate.SQL                        : 
    select
        p1_0."product_id",
        p1_0."id",
        p1_0."point" 
    from
        "product_points" p1_0 
    where
        p1_0."product_id"=?
Hibernate: 
    select
        p1_0."product_id",
        p1_0."id",
        p1_0."point" 
    from
        "product_points" p1_0 
    where
        p1_0."product_id"=?
2026-06-01T01:33:39.417+05:30 DEBUG 19928 --- [nio-8081-exec-6] org.hibernate.SQL                        : 
    select
        p1_0."product_id",
        p1_0."id",
        p1_0."point" 
    from
        "product_points" p1_0 
    where
        p1_0."product_id"=?
Hibernate: 
    select
        p1_0."product_id",
        p1_0."id",
        p1_0."point" 
    from
        "product_points" p1_0 
    where
        p1_0."product_id"=?
2026-06-01T01:33:39.701+05:30 DEBUG 19928 --- [nio-8081-exec-6] org.hibernate.SQL                        : 
    select
        p1_0."product_id",
        p1_0."id",
        p1_0."point" 
    from
        "product_points" p1_0 
    where
        p1_0."product_id"=?
Hibernate: 
    select
        p1_0."product_id",
        p1_0."id",
        p1_0."point" 
    from
        "product_points" p1_0 
    where
        p1_0."product_id"=?
2026-06-01T01:33:39.947+05:30 DEBUG 19928 --- [nio-8081-exec-6] org.hibernate.SQL                        : 
    select
        p1_0."product_id",
        p1_0."id",
        p1_0."point" 
    from
        "product_points" p1_0 
    where
        p1_0."product_id"=?
Hibernate: 
    select
        p1_0."product_id",
        p1_0."id",
        p1_0."point" 
    from
        "product_points" p1_0 
    where
        p1_0."product_id"=?
2026-06-01T01:33:40.341+05:30 DEBUG 19928 --- [nio-8081-exec-6] org.hibernate.SQL                        : 
    select
        p1_0."product_id",
        p1_0."id",
        p1_0."point" 
    from
        "product_points" p1_0 
    where
        p1_0."product_id"=?
Hibernate: 
    select
        p1_0."product_id",
        p1_0."id",
        p1_0."point" 
    from
        "product_points" p1_0 
    where
        p1_0."product_id"=?
2026-06-01T01:33:40.587+05:30 DEBUG 19928 --- [nio-8081-exec-6] org.hibernate.SQL                        : 
    select
        p1_0."product_id",
        p1_0."id",
        p1_0."point" 
    from
        "product_points" p1_0 
    where
        p1_0."product_id"=?
Hibernate: 
    select
        p1_0."product_id",
        p1_0."id",
        p1_0."point" 
    from
        "product_points" p1_0 
    where
        p1_0."product_id"=?
2026-06-01T01:33:40.953+05:30 DEBUG 19928 --- [nio-8081-exec-6] org.hibernate.SQL                        : 
    select
        p1_0."product_id",
        p1_0."id",
        p1_0."point" 
    from
        "product_points" p1_0 
    where
        p1_0."product_id"=?
Hibernate: 
    select
        p1_0."product_id",
        p1_0."id",
        p1_0."point" 
    from
        "product_points" p1_0 
    where
        p1_0."product_id"=?
2026-06-01T01:33:41.198+05:30 DEBUG 19928 --- [nio-8081-exec-6] org.hibernate.SQL                        : 
    select
        p1_0."product_id",
        p1_0."id",
        p1_0."point" 
    from
        "product_points" p1_0 
    where
        p1_0."product_id"=?
Hibernate: 
    select
        p1_0."product_id",
        p1_0."id",
        p1_0."point" 
    from
        "product_points" p1_0 
    where
        p1_0."product_id"=?
2026-06-01T01:33:41.462+05:30 DEBUG 19928 --- [nio-8081-exec-6] org.hibernate.SQL                        : 
    select
        p1_0."product_id",
        p1_0."id",
        p1_0."point" 
    from
        "product_points" p1_0 
    where
        p1_0."product_id"=?
Hibernate: 
    select
        p1_0."product_id",
        p1_0."id",
        p1_0."point" 
    from
        "product_points" p1_0 
    where
        p1_0."product_id"=?
2026-06-01T01:33:41.781+05:30 DEBUG 19928 --- [nio-8081-exec-6] org.hibernate.SQL                        : 
    select
        p1_0."product_id",
        p1_0."id",
        p1_0."point" 
    from
        "product_points" p1_0 
    where
        p1_0."product_id"=?
Hibernate: 
    select
        p1_0."product_id",
        p1_0."id",
        p1_0."point" 
    from
        "product_points" p1_0 
    where
        p1_0."product_id"=?
2026-06-01T01:33:42.100+05:30 DEBUG 19928 --- [nio-8081-exec-6] org.hibernate.SQL                        : 
    select
        p1_0."product_id",
        p1_0."id",
        p1_0."point" 
    from
        "product_points" p1_0 
    where
        p1_0."product_id"=?
Hibernate: 
    select
        p1_0."product_id",
        p1_0."id",
        p1_0."point" 
    from
        "product_points" p1_0 
    where
        p1_0."product_id"=?
2026-06-01T01:33:42.421+05:30 DEBUG 19928 --- [nio-8081-exec-6] org.hibernate.SQL                        : 
    select
        p1_0."product_id",
        p1_0."id",
        p1_0."point" 
    from
        "product_points" p1_0 
    where
        p1_0."product_id"=?
Hibernate: 
    select
        p1_0."product_id",
        p1_0."id",
        p1_0."point" 
    from
        "product_points" p1_0 
    where
        p1_0."product_id"=?
2026-06-01T01:33:42.693+05:30 DEBUG 19928 --- [nio-8081-exec-6] org.hibernate.SQL                        : 
    select
        p1_0."product_id",
        p1_0."id",
        p1_0."point" 
    from
        "product_points" p1_0 
    where
        p1_0."product_id"=?
Hibernate: 
    select
        p1_0."product_id",
        p1_0."id",
        p1_0."point" 
    from
        "product_points" p1_0 
    where
        p1_0."product_id"=?
2026-06-01T01:33:42.952+05:30 DEBUG 19928 --- [nio-8081-exec-6] org.hibernate.SQL                        : 
    select
        p1_0."product_id",
        p1_0."id",
        p1_0."point" 
    from
        "product_points" p1_0 
    where
        p1_0."product_id"=?
Hibernate: 
    select
        p1_0."product_id",
        p1_0."id",
        p1_0."point" 
    from
        "product_points" p1_0 
    where
        p1_0."product_id"=?
2026-06-01T01:33:43.220+05:30 DEBUG 19928 --- [nio-8081-exec-6] org.hibernate.SQL                        : 
    select
        p1_0."product_id",
        p1_0."id",
        p1_0."point" 
    from
        "product_points" p1_0 
    where
        p1_0."product_id"=?
Hibernate: 
    select
        p1_0."product_id",
        p1_0."id",
        p1_0."point" 
    from
        "product_points" p1_0 
    where
        p1_0."product_id"=?
2026-06-01T01:33:43.542+05:30 DEBUG 19928 --- [nio-8081-exec-6] org.hibernate.SQL                        : 
    select
        p1_0."product_id",
        p1_0."id",
        p1_0."point" 
    from
        "product_points" p1_0 
    where
        p1_0."product_id"=?
Hibernate: 
    select
        p1_0."product_id",
        p1_0."id",
        p1_0."point" 
    from
        "product_points" p1_0 
    where
        p1_0."product_id"=?
2026-06-01T01:33:43.861+05:30 DEBUG 19928 --- [nio-8081-exec-6] org.hibernate.SQL                        : 
    select
        p1_0."product_id",
        p1_0."id",
        p1_0."point" 
    from
        "product_points" p1_0 
    where
        p1_0."product_id"=?
Hibernate: 
    select
        p1_0."product_id",
        p1_0."id",
        p1_0."point" 
    from
        "product_points" p1_0 
    where
        p1_0."product_id"=?
2026-06-01T01:33:44.182+05:30 DEBUG 19928 --- [nio-8081-exec-6] org.hibernate.SQL                        : 
    select
        p1_0."product_id",
        p1_0."id",
        p1_0."point" 
    from
        "product_points" p1_0 
    where
        p1_0."product_id"=?
Hibernate: 
    select
        p1_0."product_id",
        p1_0."id",
        p1_0."point" 
    from
        "product_points" p1_0 
    where
        p1_0."product_id"=?
2026-06-01T01:33:44.427+05:30 DEBUG 19928 --- [nio-8081-exec-6] org.hibernate.SQL                        : 
    select
        p1_0."product_id",
        p1_0."id",
        p1_0."point" 
    from
        "product_points" p1_0 
    where
        p1_0."product_id"=?
Hibernate: 
    select
        p1_0."product_id",
        p1_0."id",
        p1_0."point" 
    from
        "product_points" p1_0 
    where
        p1_0."product_id"=?
2026-06-01T01:33:44.822+05:30 DEBUG 19928 --- [nio-8081-exec-6] org.hibernate.SQL                        : 
    select
        p1_0."product_id",
        p1_0."id",
        p1_0."point" 
    from
        "product_points" p1_0 
    where
        p1_0."product_id"=?
Hibernate: 
    select
        p1_0."product_id",
        p1_0."id",
        p1_0."point" 
    from
        "product_points" p1_0 
    where
        p1_0."product_id"=?
2026-06-01T01:33:45.144+05:30 DEBUG 19928 --- [nio-8081-exec-6] org.hibernate.SQL                        : 
    select
        p1_0."product_id",
        p1_0."id",
        p1_0."point" 
    from
        "product_points" p1_0 
    where
        p1_0."product_id"=?
Hibernate: 
    select
        p1_0."product_id",
        p1_0."id",
        p1_0."point" 
    from
        "product_points" p1_0 
    where
        p1_0."product_id"=?
2026-06-01T01:33:45.461+05:30 DEBUG 19928 --- [nio-8081-exec-6] org.hibernate.SQL                        : 
    select
        p1_0."product_id",
        p1_0."id",
        p1_0."point" 
    from
        "product_points" p1_0 
    where
        p1_0."product_id"=?
Hibernate: 
    select
        p1_0."product_id",
        p1_0."id",
        p1_0."point" 
    from
        "product_points" p1_0 
    where
        p1_0."product_id"=?
2026-06-01T01:33:45.782+05:30 DEBUG 19928 --- [nio-8081-exec-6] org.hibernate.SQL                        : 
    select
        p1_0."product_id",
        p1_0."id",
        p1_0."point" 
    from
        "product_points" p1_0 
    where
        p1_0."product_id"=?
Hibernate: 
    select
        p1_0."product_id",
        p1_0."id",
        p1_0."point" 
    from
        "product_points" p1_0 
    where
        p1_0."product_id"=?
2026-06-01T01:33:46.104+05:30 DEBUG 19928 --- [nio-8081-exec-6] org.hibernate.SQL                        : 
    select
        p1_0."product_id",
        p1_0."id",
        p1_0."point" 
    from
        "product_points" p1_0 
    where
        p1_0."product_id"=?
Hibernate: 
    select
        p1_0."product_id",
        p1_0."id",
        p1_0."point" 
    from
        "product_points" p1_0 
    where
        p1_0."product_id"=?
2026-06-01T01:33:46.423+05:30 DEBUG 19928 --- [nio-8081-exec-6] org.hibernate.SQL                        : 
    select
        p1_0."product_id",
        p1_0."id",
        p1_0."point" 
    from
        "product_points" p1_0 
    where
        p1_0."product_id"=?
Hibernate: 
    select
        p1_0."product_id",
        p1_0."id",
        p1_0."point" 
    from
        "product_points" p1_0 
    where
        p1_0."product_id"=?
2026-06-01T01:33:47.002+05:30 DEBUG 19928 --- [nio-8081-exec-6] o.s.w.s.m.m.a.HttpEntityMethodProcessor  : Using 'application/json', given [*/*] and supported [application/json, application/*+json]
2026-06-01T01:33:47.009+05:30 DEBUG 19928 --- [nio-8081-exec-6] o.s.w.s.m.m.a.HttpEntityMethodProcessor  : Writing [[ProductDTO(id=1, url=/images/products/1.jpg, resUrl=/images/products/1.jpg, price=₹61,990.00, value (truncated)...]
2026-06-01T01:33:47.049+05:30 DEBUG 19928 --- [nio-8081-exec-6] o.s.web.servlet.DispatcherServlet        : Completed 200 OK
2026-06-01T01:33:57.142+05:30 DEBUG 19928 --- [nio-8081-exec-7] o.s.security.web.FilterChainProxy        : Securing OPTIONS /api/product/10
2026-06-01T01:33:57.143+05:30 DEBUG 19928 --- [nio-8081-exec-8] o.s.security.web.FilterChainProxy        : Securing OPTIONS /api/product/10
2026-06-01T01:33:57.155+05:30 DEBUG 19928 --- [nio-8081-exec-9] o.s.security.web.FilterChainProxy        : Securing GET /api/product/10
2026-06-01T01:33:57.156+05:30 DEBUG 19928 --- [io-8081-exec-10] o.s.security.web.FilterChainProxy        : Securing GET /api/product/10
2026-06-01T01:33:57.157+05:30 DEBUG 19928 --- [nio-8081-exec-9] o.s.s.w.a.AnonymousAuthenticationFilter  : Set SecurityContextHolder to anonymous SecurityContext
2026-06-01T01:33:57.157+05:30 DEBUG 19928 --- [io-8081-exec-10] o.s.s.w.a.AnonymousAuthenticationFilter  : Set SecurityContextHolder to anonymous SecurityContext
2026-06-01T01:33:57.159+05:30 DEBUG 19928 --- [nio-8081-exec-9] o.s.security.web.FilterChainProxy        : Secured GET /api/product/10
2026-06-01T01:33:57.159+05:30 DEBUG 19928 --- [io-8081-exec-10] o.s.security.web.FilterChainProxy        : Secured GET /api/product/10
2026-06-01T01:33:57.160+05:30 DEBUG 19928 --- [nio-8081-exec-9] o.s.web.servlet.DispatcherServlet        : GET "/api/product/10", parameters={}
2026-06-01T01:33:57.160+05:30 DEBUG 19928 --- [io-8081-exec-10] o.s.web.servlet.DispatcherServlet        : GET "/api/product/10", parameters={}
2026-06-01T01:33:57.161+05:30 DEBUG 19928 --- [nio-8081-exec-9] s.w.s.m.m.a.RequestMappingHandlerMapping : Mapped to com.example.amazonclonebackend.controller.ProductController#getProductById(String)
2026-06-01T01:33:57.161+05:30 DEBUG 19928 --- [io-8081-exec-10] s.w.s.m.m.a.RequestMappingHandlerMapping : Mapped to com.example.amazonclonebackend.controller.ProductController#getProductById(String)
2026-06-01T01:33:57.439+05:30 DEBUG 19928 --- [nio-8081-exec-9] org.hibernate.SQL                        : 
    select
        p1_0."id",
        p1_0."acc_value",
        p1_0."best_seller",
        p1_0."category",
        p1_0."discount",
        p1_0."mrp",
        p1_0."name",
        p1_0."new_release",
        p1_0."price",
        p1_0."res_url",
        p1_0."seller_profile_id",
        p1_0."today_deal",
        p1_0."url",
        p1_0."value" 
    from
        "products" p1_0 
    where
        p1_0."id"=?
Hibernate: 
    select
        p1_0."id",
        p1_0."acc_value",
        p1_0."best_seller",
        p1_0."category",
        p1_0."discount",
        p1_0."mrp",
        p1_0."name",
        p1_0."new_release",
        p1_0."price",
        p1_0."res_url",
        p1_0."seller_profile_id",
        p1_0."today_deal",
        p1_0."url",
        p1_0."value" 
    from
        "products" p1_0 
    where
        p1_0."id"=?
2026-06-01T01:33:57.439+05:30 DEBUG 19928 --- [io-8081-exec-10] org.hibernate.SQL                        : 
    select
        p1_0."id",
        p1_0."acc_value",
        p1_0."best_seller",
        p1_0."category",
        p1_0."discount",
        p1_0."mrp",
        p1_0."name",
        p1_0."new_release",
        p1_0."price",
        p1_0."res_url",
        p1_0."seller_profile_id",
        p1_0."today_deal",
        p1_0."url",
        p1_0."value" 
    from
        "products" p1_0 
    where
        p1_0."id"=?
Hibernate: 
    select
        p1_0."id",
        p1_0."acc_value",
        p1_0."best_seller",
        p1_0."category",
        p1_0."discount",
        p1_0."mrp",
        p1_0."name",
        p1_0."new_release",
        p1_0."price",
        p1_0."res_url",
        p1_0."seller_profile_id",
        p1_0."today_deal",
        p1_0."url",
        p1_0."value" 
    from
        "products" p1_0 
    where
        p1_0."id"=?
2026-06-01T01:33:57.782+05:30 DEBUG 19928 --- [nio-8081-exec-9] org.hibernate.SQL                        : 
    select
        p1_0."product_id",
        p1_0."id",
        p1_0."point" 
    from
        "product_points" p1_0 
    where
        p1_0."product_id"=?
Hibernate: 
    select
        p1_0."product_id",
        p1_0."id",
        p1_0."point" 
    from
        "product_points" p1_0 
    where
        p1_0."product_id"=?
2026-06-01T01:33:57.782+05:30 DEBUG 19928 --- [io-8081-exec-10] org.hibernate.SQL                        : 
    select
        p1_0."product_id",
        p1_0."id",
        p1_0."point" 
    from
        "product_points" p1_0 
    where
        p1_0."product_id"=?
Hibernate: 
    select
        p1_0."product_id",
        p1_0."id",
        p1_0."point" 
    from
        "product_points" p1_0 
    where
        p1_0."product_id"=?
2026-06-01T01:33:58.270+05:30 DEBUG 19928 --- [nio-8081-exec-9] o.s.w.s.m.m.a.HttpEntityMethodProcessor  : Using 'application/json', given [*/*] and supported [application/json, application/*+json]
2026-06-01T01:33:58.270+05:30 DEBUG 19928 --- [io-8081-exec-10] o.s.w.s.m.m.a.HttpEntityMethodProcessor  : Using 'application/json', given [*/*] and supported [application/json, application/*+json]
2026-06-01T01:33:58.279+05:30 DEBUG 19928 --- [nio-8081-exec-9] o.s.w.s.m.m.a.HttpEntityMethodProcessor  : Writing [ProductDTO(id=10, url=/images/products/10.jpg, resUrl=/images/products/10.jpg, price=₹1,499.00, valu (truncated)...]
2026-06-01T01:33:58.279+05:30 DEBUG 19928 --- [io-8081-exec-10] o.s.w.s.m.m.a.HttpEntityMethodProcessor  : Writing [ProductDTO(id=10, url=/images/products/10.jpg, resUrl=/images/products/10.jpg, price=₹1,499.00, valu (truncated)...]
2026-06-01T01:33:58.281+05:30 DEBUG 19928 --- [io-8081-exec-10] o.s.web.servlet.DispatcherServlet        : Completed 200 OK
2026-06-01T01:33:58.281+05:30 DEBUG 19928 --- [nio-8081-exec-9] o.s.web.servlet.DispatcherServlet        : Completed 200 OK
2026-06-01T01:34:03.997+05:30 DEBUG 19928 --- [nio-8081-exec-1] o.s.security.web.FilterChainProxy        : Securing OPTIONS /api/login
2026-06-01T01:34:04.002+05:30 DEBUG 19928 --- [nio-8081-exec-2] o.s.security.web.FilterChainProxy        : Securing POST /api/login
2026-06-01T01:34:04.003+05:30 DEBUG 19928 --- [nio-8081-exec-2] o.s.s.w.a.AnonymousAuthenticationFilter  : Set SecurityContextHolder to anonymous SecurityContext
2026-06-01T01:34:04.003+05:30 DEBUG 19928 --- [nio-8081-exec-2] o.s.security.web.FilterChainProxy        : Secured POST /api/login
2026-06-01T01:34:04.003+05:30 DEBUG 19928 --- [nio-8081-exec-2] o.s.web.servlet.DispatcherServlet        : POST "/api/login", parameters={}
2026-06-01T01:34:04.004+05:30 DEBUG 19928 --- [nio-8081-exec-2] s.w.s.m.m.a.RequestMappingHandlerMapping : Mapped to com.example.amazonclonebackend.controller.AuthController#login(LoginRequest, HttpServletResponse)
2026-06-01T01:34:04.043+05:30 DEBUG 19928 --- [nio-8081-exec-2] m.m.a.RequestResponseBodyMethodProcessor : Read "application/json;charset=UTF-8" to [LoginRequest(email=seller@gmail.com, password=seller@gmail.com)]
2026-06-01T01:34:04.098+05:30  INFO 19928 --- [nio-8081-exec-2] c.e.a.controller.AuthController          : Login attempt for email=seller@gmail.com
2026-06-01T01:34:04.376+05:30 DEBUG 19928 --- [nio-8081-exec-2] org.hibernate.SQL                        : 
    select
        u1_0."id",
        u1_0."created_at",
        u1_0."email",
        u1_0."name",
        u1_0."number",
        u1_0."password",
        u1_0."role",
        u1_0."seller_approved" 
    from
        "users" u1_0 
    where
        lower(u1_0."email")=lower(?)
Hibernate: 
    select
        u1_0."id",
        u1_0."created_at",
        u1_0."email",
        u1_0."name",
        u1_0."number",
        u1_0."password",
        u1_0."role",
        u1_0."seller_approved" 
    from
        "users" u1_0 
    where
        lower(u1_0."email")=lower(?)
2026-06-01T01:34:04.984+05:30 DEBUG 19928 --- [nio-8081-exec-2] o.s.w.s.m.m.a.HttpEntityMethodProcessor  : Using 'application/json', given [*/*] and supported [application/json, application/*+json]
2026-06-01T01:34:04.993+05:30 DEBUG 19928 --- [nio-8081-exec-2] o.s.w.s.m.m.a.HttpEntityMethodProcessor  : Writing [{message=[Ljava.lang.Object;@cb38dab, status=false}]
2026-06-01T01:34:04.998+05:30 DEBUG 19928 --- [nio-8081-exec-2] o.s.web.servlet.DispatcherServlet        : Completed 400 BAD_REQUEST
2026-06-01T01:34:28.062+05:30 DEBUG 19928 --- [nio-8081-exec-3] o.s.security.web.FilterChainProxy        : Securing OPTIONS /api/register
2026-06-01T01:34:28.074+05:30 DEBUG 19928 --- [nio-8081-exec-4] o.s.security.web.FilterChainProxy        : Securing POST /api/register
2026-06-01T01:34:28.076+05:30 DEBUG 19928 --- [nio-8081-exec-4] o.s.s.w.a.AnonymousAuthenticationFilter  : Set SecurityContextHolder to anonymous SecurityContext
2026-06-01T01:34:28.077+05:30 DEBUG 19928 --- [nio-8081-exec-4] o.s.security.web.FilterChainProxy        : Secured POST /api/register
2026-06-01T01:34:28.078+05:30 DEBUG 19928 --- [nio-8081-exec-4] o.s.web.servlet.DispatcherServlet        : POST "/api/register", parameters={}
2026-06-01T01:34:28.078+05:30 DEBUG 19928 --- [nio-8081-exec-4] s.w.s.m.m.a.RequestMappingHandlerMapping : Mapped to com.example.amazonclonebackend.controller.AuthController#register(RegisterRequest)
2026-06-01T01:34:28.083+05:30 DEBUG 19928 --- [nio-8081-exec-4] m.m.a.RequestResponseBodyMethodProcessor : Read "application/json;charset=UTF-8" to [RegisterRequest(name=Seller, number=123456790, email=seller@gmail.com, password=seller@gmail.com, co (truncated)...]
2026-06-01T01:34:28.096+05:30 DEBUG 19928 --- [nio-8081-exec-4] .m.m.a.ExceptionHandlerExceptionResolver : Using @ExceptionHandler com.example.amazonclonebackend.exception.GlobalExceptionHandler#handleValidationExceptions(MethodArgumentNotValidException)
2026-06-01T01:34:28.097+05:30 DEBUG 19928 --- [nio-8081-exec-4] o.s.w.s.m.m.a.HttpEntityMethodProcessor  : Using 'application/json', given [*/*] and supported [application/json, application/*+json]
2026-06-01T01:34:28.098+05:30 DEBUG 19928 --- [nio-8081-exec-4] o.s.w.s.m.m.a.HttpEntityMethodProcessor  : Writing [{message=[{msg=number: Number must consist of 10 digits}], status=false}]
2026-06-01T01:34:28.100+05:30  WARN 19928 --- [nio-8081-exec-4] .m.m.a.ExceptionHandlerExceptionResolver : Resolved [org.springframework.web.bind.MethodArgumentNotValidException: Validation failed for argument [0] in public org.springframework.http.ResponseEntity<java.util.Map<java.lang.String, java.lang.Object>> com.example.amazonclonebackend.controller.AuthController.register(com.example.amazonclonebackend.dto.RegisterRequest): [Field error in object 'registerRequest' on field 'number': rejected value [123456790]; codes [Pattern.registerRequest.number,Pattern.number,Pattern.java.lang.String,Pattern]; arguments [org.springframework.context.support.DefaultMessageSourceResolvable: codes [registerRequest.number,number]; arguments []; default message [number],[Ljakarta.validation.constraints.Pattern$Flag;@36a69be7,^\d{10}$]; default message [Number must consist of 10 digits]] ]
2026-06-01T01:34:28.101+05:30 DEBUG 19928 --- [nio-8081-exec-4] o.s.web.servlet.DispatcherServlet        : Completed 400 BAD_REQUEST
2026-06-01T01:34:35.186+05:30 DEBUG 19928 --- [nio-8081-exec-5] o.s.security.web.FilterChainProxy        : Securing OPTIONS /api/register
2026-06-01T01:34:35.199+05:30 DEBUG 19928 --- [nio-8081-exec-6] o.s.security.web.FilterChainProxy        : Securing POST /api/register
2026-06-01T01:34:35.200+05:30 DEBUG 19928 --- [nio-8081-exec-6] o.s.s.w.a.AnonymousAuthenticationFilter  : Set SecurityContextHolder to anonymous SecurityContext
2026-06-01T01:34:35.201+05:30 DEBUG 19928 --- [nio-8081-exec-6] o.s.security.web.FilterChainProxy        : Secured POST /api/register
2026-06-01T01:34:35.201+05:30 DEBUG 19928 --- [nio-8081-exec-6] o.s.web.servlet.DispatcherServlet        : POST "/api/register", parameters={}
2026-06-01T01:34:35.202+05:30 DEBUG 19928 --- [nio-8081-exec-6] s.w.s.m.m.a.RequestMappingHandlerMapping : Mapped to com.example.amazonclonebackend.controller.AuthController#register(RegisterRequest)
2026-06-01T01:34:35.203+05:30 DEBUG 19928 --- [nio-8081-exec-6] m.m.a.RequestResponseBodyMethodProcessor : Read "application/json;charset=UTF-8" to [RegisterRequest(name=Seller, number=1234567890, email=seller@gmail.com, password=seller@gmail.com, c (truncated)...]
2026-06-01T01:34:35.547+05:30 DEBUG 19928 --- [nio-8081-exec-6] org.hibernate.SQL                        : 
    select
        u1_0."id" 
    from
        "users" u1_0 
    where
        u1_0."email"=? 
    fetch
        first ? rows only
Hibernate: 
    select
        u1_0."id" 
    from
        "users" u1_0 
    where
        u1_0."email"=? 
    fetch
        first ? rows only
2026-06-01T01:34:35.862+05:30 DEBUG 19928 --- [nio-8081-exec-6] org.hibernate.SQL                        : 
    select
        u1_0."id" 
    from
        "users" u1_0 
    where
        u1_0."number"=? 
    fetch
        first ? rows only
Hibernate: 
    select
        u1_0."id" 
    from
        "users" u1_0 
    where
        u1_0."number"=? 
    fetch
        first ? rows only
2026-06-01T01:34:36.428+05:30 DEBUG 19928 --- [nio-8081-exec-6] o.s.w.s.m.m.a.HttpEntityMethodProcessor  : Using 'application/json', given [*/*] and supported [application/json, application/*+json]
2026-06-01T01:34:36.437+05:30 DEBUG 19928 --- [nio-8081-exec-6] o.s.w.s.m.m.a.HttpEntityMethodProcessor  : Writing [{message=[Ljava.lang.Object;@63666c3a, status=false}]
2026-06-01T01:34:36.438+05:30 DEBUG 19928 --- [nio-8081-exec-6] o.s.web.servlet.DispatcherServlet        : Completed 400 BAD_REQUEST
2026-06-01T01:34:45.364+05:30 DEBUG 19928 --- [nio-8081-exec-7] o.s.security.web.FilterChainProxy        : Securing OPTIONS /api/register
2026-06-01T01:34:45.377+05:30 DEBUG 19928 --- [nio-8081-exec-8] o.s.security.web.FilterChainProxy        : Securing POST /api/register
2026-06-01T01:34:45.379+05:30 DEBUG 19928 --- [nio-8081-exec-8] o.s.s.w.a.AnonymousAuthenticationFilter  : Set SecurityContextHolder to anonymous SecurityContext
2026-06-01T01:34:45.380+05:30 DEBUG 19928 --- [nio-8081-exec-8] o.s.security.web.FilterChainProxy        : Secured POST /api/register
2026-06-01T01:34:45.381+05:30 DEBUG 19928 --- [nio-8081-exec-8] o.s.web.servlet.DispatcherServlet        : POST "/api/register", parameters={}
2026-06-01T01:34:45.381+05:30 DEBUG 19928 --- [nio-8081-exec-8] s.w.s.m.m.a.RequestMappingHandlerMapping : Mapped to com.example.amazonclonebackend.controller.AuthController#register(RegisterRequest)
2026-06-01T01:34:45.382+05:30 DEBUG 19928 --- [nio-8081-exec-8] m.m.a.RequestResponseBodyMethodProcessor : Read "application/json;charset=UTF-8" to [RegisterRequest(name=Seller, number=999999999, email=seller@gmail.com, password=seller@gmail.com, co (truncated)...]
2026-06-01T01:34:45.384+05:30 DEBUG 19928 --- [nio-8081-exec-8] .m.m.a.ExceptionHandlerExceptionResolver : Using @ExceptionHandler com.example.amazonclonebackend.exception.GlobalExceptionHandler#handleValidationExceptions(MethodArgumentNotValidException)
2026-06-01T01:34:45.385+05:30 DEBUG 19928 --- [nio-8081-exec-8] o.s.w.s.m.m.a.HttpEntityMethodProcessor  : Using 'application/json', given [*/*] and supported [application/json, application/*+json]
2026-06-01T01:34:45.386+05:30 DEBUG 19928 --- [nio-8081-exec-8] o.s.w.s.m.m.a.HttpEntityMethodProcessor  : Writing [{message=[{msg=number: Number must consist of 10 digits}], status=false}]
2026-06-01T01:34:45.386+05:30  WARN 19928 --- [nio-8081-exec-8] .m.m.a.ExceptionHandlerExceptionResolver : Resolved [org.springframework.web.bind.MethodArgumentNotValidException: Validation failed for argument [0] in public org.springframework.http.ResponseEntity<java.util.Map<java.lang.String, java.lang.Object>> com.example.amazonclonebackend.controller.AuthController.register(com.example.amazonclonebackend.dto.RegisterRequest): [Field error in object 'registerRequest' on field 'number': rejected value [999999999]; codes [Pattern.registerRequest.number,Pattern.number,Pattern.java.lang.String,Pattern]; arguments [org.springframework.context.support.DefaultMessageSourceResolvable: codes [registerRequest.number,number]; arguments []; default message [number],[Ljakarta.validation.constraints.Pattern$Flag;@36a69be7,^\d{10}$]; default message [Number must consist of 10 digits]] ]
2026-06-01T01:34:45.387+05:30 DEBUG 19928 --- [nio-8081-exec-8] o.s.web.servlet.DispatcherServlet        : Completed 400 BAD_REQUEST
2026-06-01T01:34:48.323+05:30 DEBUG 19928 --- [io-8081-exec-10] o.s.security.web.FilterChainProxy        : Securing OPTIONS /api/register
2026-06-01T01:34:48.337+05:30 DEBUG 19928 --- [nio-8081-exec-9] o.s.security.web.FilterChainProxy        : Securing POST /api/register
2026-06-01T01:34:48.338+05:30 DEBUG 19928 --- [nio-8081-exec-9] o.s.s.w.a.AnonymousAuthenticationFilter  : Set SecurityContextHolder to anonymous SecurityContext
2026-06-01T01:34:48.339+05:30 DEBUG 19928 --- [nio-8081-exec-9] o.s.security.web.FilterChainProxy        : Secured POST /api/register
2026-06-01T01:34:48.340+05:30 DEBUG 19928 --- [nio-8081-exec-9] o.s.web.servlet.DispatcherServlet        : POST "/api/register", parameters={}
2026-06-01T01:34:48.340+05:30 DEBUG 19928 --- [nio-8081-exec-9] s.w.s.m.m.a.RequestMappingHandlerMapping : Mapped to com.example.amazonclonebackend.controller.AuthController#register(RegisterRequest)
2026-06-01T01:34:48.341+05:30 DEBUG 19928 --- [nio-8081-exec-9] m.m.a.RequestResponseBodyMethodProcessor : Read "application/json;charset=UTF-8" to [RegisterRequest(name=Seller, number=9999999999, email=seller@gmail.com, password=seller@gmail.com, c (truncated)...]
2026-06-01T01:34:48.663+05:30 DEBUG 19928 --- [nio-8081-exec-9] org.hibernate.SQL                        : 
    select
        u1_0."id" 
    from
        "users" u1_0 
    where
        u1_0."email"=? 
    fetch
        first ? rows only
Hibernate: 
    select
        u1_0."id" 
    from
        "users" u1_0 
    where
        u1_0."email"=? 
    fetch
        first ? rows only
2026-06-01T01:34:48.984+05:30 DEBUG 19928 --- [nio-8081-exec-9] org.hibernate.SQL                        : 
    select
        u1_0."id" 
    from
        "users" u1_0 
    where
        u1_0."number"=? 
    fetch
        first ? rows only
Hibernate: 
    select
        u1_0."id" 
    from
        "users" u1_0 
    where
        u1_0."number"=? 
    fetch
        first ? rows only
2026-06-01T01:34:49.391+05:30 DEBUG 19928 --- [nio-8081-exec-9] org.hibernate.SQL                        : 
    insert 
    into
        "users"
        ("created_at", "email", "name", "number", "password", "role", "seller_approved", "id") 
    values
        (?, ?, ?, ?, ?, ?, ?, ?)
Hibernate: 
    insert 
    into
        "users"
        ("created_at", "email", "name", "number", "password", "role", "seller_approved", "id") 
    values
        (?, ?, ?, ?, ?, ?, ?, ?)
2026-06-01T01:34:49.919+05:30 DEBUG 19928 --- [nio-8081-exec-9] o.s.w.s.m.m.a.HttpEntityMethodProcessor  : Using 'application/json', given [*/*] and supported [application/json, application/*+json]
2026-06-01T01:34:49.928+05:30 DEBUG 19928 --- [nio-8081-exec-9] o.s.w.s.m.m.a.HttpEntityMethodProcessor  : Writing [{message=User registered successfully, status=true}]
2026-06-01T01:34:49.929+05:30 DEBUG 19928 --- [nio-8081-exec-9] o.s.web.servlet.DispatcherServlet        : Completed 201 CREATED
2026-06-01T01:34:49.933+05:30 DEBUG 19928 --- [nio-8081-exec-1] o.s.security.web.FilterChainProxy        : Securing OPTIONS /api/login
2026-06-01T01:34:49.936+05:30 DEBUG 19928 --- [nio-8081-exec-2] o.s.security.web.FilterChainProxy        : Securing POST /api/login
2026-06-01T01:34:49.937+05:30 DEBUG 19928 --- [nio-8081-exec-2] o.s.s.w.a.AnonymousAuthenticationFilter  : Set SecurityContextHolder to anonymous SecurityContext
2026-06-01T01:34:49.938+05:30 DEBUG 19928 --- [nio-8081-exec-2] o.s.security.web.FilterChainProxy        : Secured POST /api/login
2026-06-01T01:34:49.938+05:30 DEBUG 19928 --- [nio-8081-exec-2] o.s.web.servlet.DispatcherServlet        : POST "/api/login", parameters={}
2026-06-01T01:34:49.938+05:30 DEBUG 19928 --- [nio-8081-exec-2] s.w.s.m.m.a.RequestMappingHandlerMapping : Mapped to com.example.amazonclonebackend.controller.AuthController#login(LoginRequest, HttpServletResponse)
2026-06-01T01:34:49.939+05:30 DEBUG 19928 --- [nio-8081-exec-2] m.m.a.RequestResponseBodyMethodProcessor : Read "application/json;charset=UTF-8" to [LoginRequest(email=seller@gmail.com, password=seller@gmail.com)]
2026-06-01T01:34:49.939+05:30  INFO 19928 --- [nio-8081-exec-2] c.e.a.controller.AuthController          : Login attempt for email=seller@gmail.com
2026-06-01T01:34:50.188+05:30 DEBUG 19928 --- [nio-8081-exec-2] org.hibernate.SQL                        : 
    select
        u1_0."id",
        u1_0."created_at",
        u1_0."email",
        u1_0."name",
        u1_0."number",
        u1_0."password",
        u1_0."role",
        u1_0."seller_approved" 
    from
        "users" u1_0 
    where
        lower(u1_0."email")=lower(?)
Hibernate: 
    select
        u1_0."id",
        u1_0."created_at",
        u1_0."email",
        u1_0."name",
        u1_0."number",
        u1_0."password",
        u1_0."role",
        u1_0."seller_approved" 
    from
        "users" u1_0 
    where
        lower(u1_0."email")=lower(?)
2026-06-01T01:34:50.447+05:30 DEBUG 19928 --- [nio-8081-exec-2] org.hibernate.SQL                        : 
    select
        sp1_0."id",
        sp1_0."bio",
        sp1_0."business_name",
        sp1_0."created_at",
        sp1_0."logo_url",
        sp1_0."status",
        sp1_0."user_id",
        u1_0."id",
        u1_0."created_at",
        u1_0."email",
        u1_0."name",
        u1_0."number",
        u1_0."password",
        u1_0."role",
        u1_0."seller_approved" 
    from
        "seller_profiles" sp1_0 
    join
        "users" u1_0 
            on u1_0."id"=sp1_0."user_id" 
    where
        sp1_0."user_id"=?
Hibernate: 
    select
        sp1_0."id",
        sp1_0."bio",
        sp1_0."business_name",
        sp1_0."created_at",
        sp1_0."logo_url",
        sp1_0."status",
        sp1_0."user_id",
        u1_0."id",
        u1_0."created_at",
        u1_0."email",
        u1_0."name",
        u1_0."number",
        u1_0."password",
        u1_0."role",
        u1_0."seller_approved" 
    from
        "seller_profiles" sp1_0 
    join
        "users" u1_0 
            on u1_0."id"=sp1_0."user_id" 
    where
        sp1_0."user_id"=?
2026-06-01T01:34:51.123+05:30  INFO 19928 --- [nio-8081-exec-2] c.e.a.service.UserService                : Password bcrypt match for userId=494b479d-edef-4f16-b25a-5287fa6ea009
2026-06-01T01:34:51.127+05:30  INFO 19928 --- [nio-8081-exec-2] c.e.a.controller.AuthController          : Authentication result for userId=494b479d-edef-4f16-b25a-5287fa6ea009 : true
2026-06-01T01:34:51.145+05:30 DEBUG 19928 --- [nio-8081-exec-2] org.hibernate.SQL                        : 
    insert 
    into
        "user_tokens"
        ("token", "user_id") 
    values
        (?, ?)
Hibernate: 
    insert 
    into
        "user_tokens"
        ("token", "user_id") 
    values
        (?, ?)
2026-06-01T01:34:51.874+05:30 DEBUG 19928 --- [nio-8081-exec-2] o.s.w.s.m.m.a.HttpEntityMethodProcessor  : Using 'application/json', given [*/*] and supported [application/json, application/*+json]
2026-06-01T01:34:51.882+05:30 DEBUG 19928 --- [nio-8081-exec-2] o.s.w.s.m.m.a.HttpEntityMethodProcessor  : Writing [{message=Logged in successfully!, status=true}]
2026-06-01T01:34:51.884+05:30 DEBUG 19928 --- [nio-8081-exec-2] o.s.web.servlet.DispatcherServlet        : Completed 201 CREATED
2026-06-01T01:34:51.889+05:30 DEBUG 19928 --- [nio-8081-exec-3] o.s.security.web.FilterChainProxy        : Securing OPTIONS /api/getAuthUser
2026-06-01T01:34:51.892+05:30 DEBUG 19928 --- [nio-8081-exec-4] o.s.security.web.FilterChainProxy        : Securing GET /api/getAuthUser
2026-06-01T01:34:51.949+05:30 DEBUG 19928 --- [nio-8081-exec-4] org.hibernate.SQL                        : 
    select
        ut1_0."id",
        ut1_0."token",
        ut1_0."user_id" 
    from
        "user_tokens" ut1_0 
    where
        ut1_0."token"=?
Hibernate: 
    select
        ut1_0."id",
        ut1_0."token",
        ut1_0."user_id" 
    from
        "user_tokens" ut1_0 
    where
        ut1_0."token"=?
2026-06-01T01:34:52.349+05:30 DEBUG 19928 --- [nio-8081-exec-4] org.hibernate.SQL                        : 
    select
        u1_0."id",
        u1_0."created_at",
        u1_0."email",
        u1_0."name",
        u1_0."number",
        u1_0."password",
        u1_0."role",
        u1_0."seller_approved" 
    from
        "users" u1_0 
    where
        u1_0."id"=?
Hibernate: 
    select
        u1_0."id",
        u1_0."created_at",
        u1_0."email",
        u1_0."name",
        u1_0."number",
        u1_0."password",
        u1_0."role",
        u1_0."seller_approved" 
    from
        "users" u1_0 
    where
        u1_0."id"=?
2026-06-01T01:34:52.667+05:30 DEBUG 19928 --- [nio-8081-exec-4] org.hibernate.SQL                        : 
    select
        sp1_0."id",
        sp1_0."bio",
        sp1_0."business_name",
        sp1_0."created_at",
        sp1_0."logo_url",
        sp1_0."status",
        sp1_0."user_id",
        u1_0."id",
        u1_0."created_at",
        u1_0."email",
        u1_0."name",
        u1_0."number",
        u1_0."password",
        u1_0."role",
        u1_0."seller_approved" 
    from
        "seller_profiles" sp1_0 
    join
        "users" u1_0 
            on u1_0."id"=sp1_0."user_id" 
    where
        sp1_0."user_id"=?
Hibernate: 
    select
        sp1_0."id",
        sp1_0."bio",
        sp1_0."business_name",
        sp1_0."created_at",
        sp1_0."logo_url",
        sp1_0."status",
        sp1_0."user_id",
        u1_0."id",
        u1_0."created_at",
        u1_0."email",
        u1_0."name",
        u1_0."number",
        u1_0."password",
        u1_0."role",
        u1_0."seller_approved" 
    from
        "seller_profiles" sp1_0 
    join
        "users" u1_0 
            on u1_0."id"=sp1_0."user_id" 
    where
        sp1_0."user_id"=?
2026-06-01T01:34:53.305+05:30 DEBUG 19928 --- [nio-8081-exec-4] org.hibernate.SQL                        : 
    select
        as1_0."id",
        as1_0."last_seen",
        as1_0."session_id",
        as1_0."user_id" 
    from
        "active_sessions" as1_0 
    where
        as1_0."session_id"=?
Hibernate: 
    select
        as1_0."id",
        as1_0."last_seen",
        as1_0."session_id",
        as1_0."user_id" 
    from
        "active_sessions" as1_0 
    where
        as1_0."session_id"=?
2026-06-01T01:34:53.628+05:30 DEBUG 19928 --- [nio-8081-exec-4] org.hibernate.SQL                        : 
    insert 
    into
        "active_sessions"
        ("last_seen", "session_id", "user_id", "id") 
    values
        (?, ?, ?, ?)
Hibernate: 
    insert 
    into
        "active_sessions"
        ("last_seen", "session_id", "user_id", "id") 
    values
        (?, ?, ?, ?)
2026-06-01T01:34:54.265+05:30 DEBUG 19928 --- [nio-8081-exec-4] o.s.security.web.FilterChainProxy        : Secured GET /api/getAuthUser
2026-06-01T01:34:54.274+05:30 DEBUG 19928 --- [nio-8081-exec-4] o.s.web.servlet.DispatcherServlet        : GET "/api/getAuthUser", parameters={}
2026-06-01T01:34:54.275+05:30 DEBUG 19928 --- [nio-8081-exec-4] s.w.s.m.m.a.RequestMappingHandlerMapping : Mapped to com.example.amazonclonebackend.controller.UserController#getAuthenticatedUser(User)
2026-06-01T01:34:54.280+05:30 DEBUG 19928 --- [nio-8081-exec-4] org.hibernate.SQL                        : 
    select
        ci1_0."id",
        ci1_0."product_id",
        ci1_0."qty",
        ci1_0."user_id" 
    from
        "cart_items" ci1_0 
    where
        ci1_0."user_id"=?
Hibernate: 
    select
        ci1_0."id",
        ci1_0."product_id",
        ci1_0."qty",
        ci1_0."user_id" 
    from
        "cart_items" ci1_0 
    where
        ci1_0."user_id"=?
2026-06-01T01:34:54.585+05:30 DEBUG 19928 --- [nio-8081-exec-4] org.hibernate.SQL                        : 
    select
        o1_0."id",
        o1_0."amount",
        o1_0."date_ordered",
        o1_0."is_paid",
        o1_0."razorpay_order_id",
        o1_0."razorpay_payment_id",
        o1_0."razorpay_signature",
        o1_0."user_id" 
    from
        "orders" o1_0 
    where
        o1_0."user_id"=? 
    order by
        o1_0."date_ordered" desc
Hibernate: 
    select
        o1_0."id",
        o1_0."amount",
        o1_0."date_ordered",
        o1_0."is_paid",
        o1_0."razorpay_order_id",
        o1_0."razorpay_payment_id",
        o1_0."razorpay_signature",
        o1_0."user_id" 
    from
        "orders" o1_0 
    where
        o1_0."user_id"=? 
    order by
        o1_0."date_ordered" desc
2026-06-01T01:34:55.225+05:30 DEBUG 19928 --- [nio-8081-exec-4] o.s.w.s.m.m.a.HttpEntityMethodProcessor  : Using 'application/json', given [*/*] and supported [application/json, application/*+json]
2026-06-01T01:34:55.234+05:30 DEBUG 19928 --- [nio-8081-exec-4] o.s.w.s.m.m.a.HttpEntityMethodProcessor  : Writing [CompatAuthUserDTO(_id=494b479d-edef-4f16-b25a-5287fa6ea009, name=Seller, number=9999999999, email=se (truncated)...]
2026-06-01T01:34:55.236+05:30 DEBUG 19928 --- [nio-8081-exec-4] o.s.web.servlet.DispatcherServlet        : Completed 200 OK
2026-06-01T01:34:55.718+05:30 DEBUG 19928 --- [nio-8081-exec-5] o.s.security.web.FilterChainProxy        : Securing OPTIONS /api/seller/me/products
2026-06-01T01:34:55.720+05:30 DEBUG 19928 --- [nio-8081-exec-6] o.s.security.web.FilterChainProxy        : Securing OPTIONS /api/seller/me/orders
2026-06-01T01:34:55.723+05:30 DEBUG 19928 --- [nio-8081-exec-7] o.s.security.web.FilterChainProxy        : Securing OPTIONS /api/seller/me/profile
2026-06-01T01:34:55.725+05:30 DEBUG 19928 --- [nio-8081-exec-8] o.s.security.web.FilterChainProxy        : Securing OPTIONS /api/seller/me/products
2026-06-01T01:34:55.729+05:30 DEBUG 19928 --- [io-8081-exec-10] o.s.security.web.FilterChainProxy        : Securing OPTIONS /api/seller/me/orders
2026-06-01T01:34:55.731+05:30 DEBUG 19928 --- [nio-8081-exec-9] o.s.security.web.FilterChainProxy        : Securing OPTIONS /api/seller/me/profile
2026-06-01T01:34:55.738+05:30 DEBUG 19928 --- [nio-8081-exec-1] o.s.security.web.FilterChainProxy        : Securing GET /api/seller/me/products
2026-06-01T01:34:55.742+05:30 DEBUG 19928 --- [nio-8081-exec-2] o.s.security.web.FilterChainProxy        : Securing GET /api/seller/me/orders
2026-06-01T01:34:55.749+05:30 DEBUG 19928 --- [nio-8081-exec-3] o.s.security.web.FilterChainProxy        : Securing GET /api/seller/me/products
2026-06-01T01:34:55.749+05:30 DEBUG 19928 --- [nio-8081-exec-4] o.s.security.web.FilterChainProxy        : Securing GET /api/seller/me/profile
2026-06-01T01:34:55.749+05:30 DEBUG 19928 --- [nio-8081-exec-5] o.s.security.web.FilterChainProxy        : Securing GET /api/seller/me/orders
2026-06-01T01:34:55.750+05:30 DEBUG 19928 --- [nio-8081-exec-1] org.hibernate.SQL                        : 
    select
        ut1_0."id",
        ut1_0."token",
        ut1_0."user_id" 
    from
        "user_tokens" ut1_0 
    where
        ut1_0."token"=?
Hibernate: 
    select
        ut1_0."id",
        ut1_0."token",
        ut1_0."user_id" 
    from
        "user_tokens" ut1_0 
    where
        ut1_0."token"=?
2026-06-01T01:34:55.753+05:30 DEBUG 19928 --- [nio-8081-exec-6] o.s.security.web.FilterChainProxy        : Securing GET /api/seller/me/profile
2026-06-01T01:34:55.754+05:30 DEBUG 19928 --- [nio-8081-exec-2] org.hibernate.SQL                        : 
    select
        ut1_0."id",
        ut1_0."token",
        ut1_0."user_id" 
    from
        "user_tokens" ut1_0 
    where
        ut1_0."token"=?
Hibernate: 
    select
        ut1_0."id",
        ut1_0."token",
        ut1_0."user_id" 
    from
        "user_tokens" ut1_0 
    where
        ut1_0."token"=?
2026-06-01T01:34:55.761+05:30 DEBUG 19928 --- [nio-8081-exec-4] org.hibernate.SQL                        : 
    select
        ut1_0."id",
        ut1_0."token",
        ut1_0."user_id" 
    from
        "user_tokens" ut1_0 
    where
        ut1_0."token"=?
Hibernate: 
    select
        ut1_0."id",
        ut1_0."token",
        ut1_0."user_id" 
    from
        "user_tokens" ut1_0 
    where
        ut1_0."token"=?
2026-06-01T01:34:55.761+05:30 DEBUG 19928 --- [nio-8081-exec-5] org.hibernate.SQL                        : 
    select
        ut1_0."id",
        ut1_0."token",
        ut1_0."user_id" 
    from
        "user_tokens" ut1_0 
    where
        ut1_0."token"=?
2026-06-01T01:34:55.761+05:30 DEBUG 19928 --- [nio-8081-exec-3] org.hibernate.SQL                        : 
    select
        ut1_0."id",
        ut1_0."token",
        ut1_0."user_id" 
    from
        "user_tokens" ut1_0 
    where
        ut1_0."token"=?
Hibernate: 
    select
        ut1_0."id",
        ut1_0."token",
        ut1_0."user_id" 
    from
        "user_tokens" ut1_0 
    where
        ut1_0."token"=?
Hibernate: 
    select
        ut1_0."id",
        ut1_0."token",
        ut1_0."user_id" 
    from
        "user_tokens" ut1_0 
    where
        ut1_0."token"=?
2026-06-01T01:34:55.761+05:30 DEBUG 19928 --- [nio-8081-exec-6] org.hibernate.SQL                        : 
    select
        ut1_0."id",
        ut1_0."token",
        ut1_0."user_id" 
    from
        "user_tokens" ut1_0 
    where
        ut1_0."token"=?
Hibernate: 
    select
        ut1_0."id",
        ut1_0."token",
        ut1_0."user_id" 
    from
        "user_tokens" ut1_0 
    where
        ut1_0."token"=?
2026-06-01T01:34:56.352+05:30 DEBUG 19928 --- [nio-8081-exec-2] org.hibernate.SQL                        : 
    select
        u1_0."id",
        u1_0."created_at",
        u1_0."email",
        u1_0."name",
        u1_0."number",
        u1_0."password",
        u1_0."role",
        u1_0."seller_approved" 
    from
        "users" u1_0 
    where
        u1_0."id"=?
2026-06-01T01:34:56.352+05:30 DEBUG 19928 --- [nio-8081-exec-6] org.hibernate.SQL                        : 
    select
        u1_0."id",
        u1_0."created_at",
        u1_0."email",
        u1_0."name",
        u1_0."number",
        u1_0."password",
        u1_0."role",
        u1_0."seller_approved" 
    from
        "users" u1_0 
    where
        u1_0."id"=?
Hibernate: 
    select
        u1_0."id",
        u1_0."created_at",
        u1_0."email",
        u1_0."name",
        u1_0."number",
        u1_0."password",
        u1_0."role",
        u1_0."seller_approved" 
    from
        "users" u1_0 
    where
        u1_0."id"=?
Hibernate: 
    select
        u1_0."id",
        u1_0."created_at",
        u1_0."email",
        u1_0."name",
        u1_0."number",
        u1_0."password",
        u1_0."role",
        u1_0."seller_approved" 
    from
        "users" u1_0 
    where
        u1_0."id"=?
2026-06-01T01:34:56.352+05:30 DEBUG 19928 --- [nio-8081-exec-1] org.hibernate.SQL                        : 
    select
        u1_0."id",
        u1_0."created_at",
        u1_0."email",
        u1_0."name",
        u1_0."number",
        u1_0."password",
        u1_0."role",
        u1_0."seller_approved" 
    from
        "users" u1_0 
    where
        u1_0."id"=?
Hibernate: 
    select
        u1_0."id",
        u1_0."created_at",
        u1_0."email",
        u1_0."name",
        u1_0."number",
        u1_0."password",
        u1_0."role",
        u1_0."seller_approved" 
    from
        "users" u1_0 
    where
        u1_0."id"=?
2026-06-01T01:34:56.352+05:30 DEBUG 19928 --- [nio-8081-exec-4] org.hibernate.SQL                        : 
    select
        u1_0."id",
        u1_0."created_at",
        u1_0."email",
        u1_0."name",
        u1_0."number",
        u1_0."password",
        u1_0."role",
        u1_0."seller_approved" 
    from
        "users" u1_0 
    where
        u1_0."id"=?
Hibernate: 
    select
        u1_0."id",
        u1_0."created_at",
        u1_0."email",
        u1_0."name",
        u1_0."number",
        u1_0."password",
        u1_0."role",
        u1_0."seller_approved" 
    from
        "users" u1_0 
    where
        u1_0."id"=?
2026-06-01T01:34:56.352+05:30 DEBUG 19928 --- [nio-8081-exec-5] org.hibernate.SQL                        : 
    select
        u1_0."id",
        u1_0."created_at",
        u1_0."email",
        u1_0."name",
        u1_0."number",
        u1_0."password",
        u1_0."role",
        u1_0."seller_approved" 
    from
        "users" u1_0 
    where
        u1_0."id"=?
Hibernate: 
    select
        u1_0."id",
        u1_0."created_at",
        u1_0."email",
        u1_0."name",
        u1_0."number",
        u1_0."password",
        u1_0."role",
        u1_0."seller_approved" 
    from
        "users" u1_0 
    where
        u1_0."id"=?
2026-06-01T01:34:56.352+05:30 DEBUG 19928 --- [nio-8081-exec-3] org.hibernate.SQL                        : 
    select
        u1_0."id",
        u1_0."created_at",
        u1_0."email",
        u1_0."name",
        u1_0."number",
        u1_0."password",
        u1_0."role",
        u1_0."seller_approved" 
    from
        "users" u1_0 
    where
        u1_0."id"=?
Hibernate: 
    select
        u1_0."id",
        u1_0."created_at",
        u1_0."email",
        u1_0."name",
        u1_0."number",
        u1_0."password",
        u1_0."role",
        u1_0."seller_approved" 
    from
        "users" u1_0 
    where
        u1_0."id"=?
2026-06-01T01:34:56.671+05:30 DEBUG 19928 --- [nio-8081-exec-2] org.hibernate.SQL                        : 
    select
        sp1_0."id",
        sp1_0."bio",
        sp1_0."business_name",
        sp1_0."created_at",
        sp1_0."logo_url",
        sp1_0."status",
        sp1_0."user_id",
        u1_0."id",
        u1_0."created_at",
        u1_0."email",
        u1_0."name",
        u1_0."number",
        u1_0."password",
        u1_0."role",
        u1_0."seller_approved" 
    from
        "seller_profiles" sp1_0 
    join
        "users" u1_0 
            on u1_0."id"=sp1_0."user_id" 
    where
        sp1_0."user_id"=?
2026-06-01T01:34:56.671+05:30 DEBUG 19928 --- [nio-8081-exec-4] org.hibernate.SQL                        : 
    select
        sp1_0."id",
        sp1_0."bio",
        sp1_0."business_name",
        sp1_0."created_at",
        sp1_0."logo_url",
        sp1_0."status",
        sp1_0."user_id",
        u1_0."id",
        u1_0."created_at",
        u1_0."email",
        u1_0."name",
        u1_0."number",
        u1_0."password",
        u1_0."role",
        u1_0."seller_approved" 
    from
        "seller_profiles" sp1_0 
    join
        "users" u1_0 
            on u1_0."id"=sp1_0."user_id" 
    where
        sp1_0."user_id"=?
Hibernate: 
    select
        sp1_0."id",
        sp1_0."bio",
        sp1_0."business_name",
        sp1_0."created_at",
        sp1_0."logo_url",
        sp1_0."status",
        sp1_0."user_id",
        u1_0."id",
        u1_0."created_at",
        u1_0."email",
        u1_0."name",
        u1_0."number",
        u1_0."password",
        u1_0."role",
        u1_0."seller_approved" 
    from
        "seller_profiles" sp1_0 
    join
        "users" u1_0 
            on u1_0."id"=sp1_0."user_id" 
    where
        sp1_0."user_id"=?
Hibernate: 
    select
        sp1_0."id",
        sp1_0."bio",
        sp1_0."business_name",
        sp1_0."created_at",
        sp1_0."logo_url",
        sp1_0."status",
        sp1_0."user_id",
        u1_0."id",
        u1_0."created_at",
        u1_0."email",
        u1_0."name",
        u1_0."number",
        u1_0."password",
        u1_0."role",
        u1_0."seller_approved" 
    from
        "seller_profiles" sp1_0 
    join
        "users" u1_0 
            on u1_0."id"=sp1_0."user_id" 
    where
        sp1_0."user_id"=?
2026-06-01T01:34:56.671+05:30 DEBUG 19928 --- [nio-8081-exec-6] org.hibernate.SQL                        : 
    select
        sp1_0."id",
        sp1_0."bio",
        sp1_0."business_name",
        sp1_0."created_at",
        sp1_0."logo_url",
        sp1_0."status",
        sp1_0."user_id",
        u1_0."id",
        u1_0."created_at",
        u1_0."email",
        u1_0."name",
        u1_0."number",
        u1_0."password",
        u1_0."role",
        u1_0."seller_approved" 
    from
        "seller_profiles" sp1_0 
    join
        "users" u1_0 
            on u1_0."id"=sp1_0."user_id" 
    where
        sp1_0."user_id"=?
Hibernate: 
    select
        sp1_0."id",
        sp1_0."bio",
        sp1_0."business_name",
        sp1_0."created_at",
        sp1_0."logo_url",
        sp1_0."status",
        sp1_0."user_id",
        u1_0."id",
        u1_0."created_at",
        u1_0."email",
        u1_0."name",
        u1_0."number",
        u1_0."password",
        u1_0."role",
        u1_0."seller_approved" 
    from
        "seller_profiles" sp1_0 
    join
        "users" u1_0 
            on u1_0."id"=sp1_0."user_id" 
    where
        sp1_0."user_id"=?
2026-06-01T01:34:56.671+05:30 DEBUG 19928 --- [nio-8081-exec-1] org.hibernate.SQL                        : 
    select
        sp1_0."id",
        sp1_0."bio",
        sp1_0."business_name",
        sp1_0."created_at",
        sp1_0."logo_url",
        sp1_0."status",
        sp1_0."user_id",
        u1_0."id",
        u1_0."created_at",
        u1_0."email",
        u1_0."name",
        u1_0."number",
        u1_0."password",
        u1_0."role",
        u1_0."seller_approved" 
    from
        "seller_profiles" sp1_0 
    join
        "users" u1_0 
            on u1_0."id"=sp1_0."user_id" 
    where
        sp1_0."user_id"=?
Hibernate: 
    select
        sp1_0."id",
        sp1_0."bio",
        sp1_0."business_name",
        sp1_0."created_at",
        sp1_0."logo_url",
        sp1_0."status",
        sp1_0."user_id",
        u1_0."id",
        u1_0."created_at",
        u1_0."email",
        u1_0."name",
        u1_0."number",
        u1_0."password",
        u1_0."role",
        u1_0."seller_approved" 
    from
        "seller_profiles" sp1_0 
    join
        "users" u1_0 
            on u1_0."id"=sp1_0."user_id" 
    where
        sp1_0."user_id"=?
2026-06-01T01:34:56.671+05:30 DEBUG 19928 --- [nio-8081-exec-3] org.hibernate.SQL                        : 
    select
        sp1_0."id",
        sp1_0."bio",
        sp1_0."business_name",
        sp1_0."created_at",
        sp1_0."logo_url",
        sp1_0."status",
        sp1_0."user_id",
        u1_0."id",
        u1_0."created_at",
        u1_0."email",
        u1_0."name",
        u1_0."number",
        u1_0."password",
        u1_0."role",
        u1_0."seller_approved" 
    from
        "seller_profiles" sp1_0 
    join
        "users" u1_0 
            on u1_0."id"=sp1_0."user_id" 
    where
        sp1_0."user_id"=?
Hibernate: 
    select
        sp1_0."id",
        sp1_0."bio",
        sp1_0."business_name",
        sp1_0."created_at",
        sp1_0."logo_url",
        sp1_0."status",
        sp1_0."user_id",
        u1_0."id",
        u1_0."created_at",
        u1_0."email",
        u1_0."name",
        u1_0."number",
        u1_0."password",
        u1_0."role",
        u1_0."seller_approved" 
    from
        "seller_profiles" sp1_0 
    join
        "users" u1_0 
            on u1_0."id"=sp1_0."user_id" 
    where
        sp1_0."user_id"=?
2026-06-01T01:34:56.671+05:30 DEBUG 19928 --- [nio-8081-exec-5] org.hibernate.SQL                        : 
    select
        sp1_0."id",
        sp1_0."bio",
        sp1_0."business_name",
        sp1_0."created_at",
        sp1_0."logo_url",
        sp1_0."status",
        sp1_0."user_id",
        u1_0."id",
        u1_0."created_at",
        u1_0."email",
        u1_0."name",
        u1_0."number",
        u1_0."password",
        u1_0."role",
        u1_0."seller_approved" 
    from
        "seller_profiles" sp1_0 
    join
        "users" u1_0 
            on u1_0."id"=sp1_0."user_id" 
    where
        sp1_0."user_id"=?
Hibernate: 
    select
        sp1_0."id",
        sp1_0."bio",
        sp1_0."business_name",
        sp1_0."created_at",
        sp1_0."logo_url",
        sp1_0."status",
        sp1_0."user_id",
        u1_0."id",
        u1_0."created_at",
        u1_0."email",
        u1_0."name",
        u1_0."number",
        u1_0."password",
        u1_0."role",
        u1_0."seller_approved" 
    from
        "seller_profiles" sp1_0 
    join
        "users" u1_0 
            on u1_0."id"=sp1_0."user_id" 
    where
        sp1_0."user_id"=?
2026-06-01T01:34:57.311+05:30 DEBUG 19928 --- [nio-8081-exec-4] org.hibernate.SQL                        : 
    select
        as1_0."id",
        as1_0."last_seen",
        as1_0."session_id",
        as1_0."user_id" 
    from
        "active_sessions" as1_0 
    where
        as1_0."session_id"=?
2026-06-01T01:34:57.311+05:30 DEBUG 19928 --- [nio-8081-exec-2] org.hibernate.SQL                        : 
    select
        as1_0."id",
        as1_0."last_seen",
        as1_0."session_id",
        as1_0."user_id" 
    from
        "active_sessions" as1_0 
    where
        as1_0."session_id"=?
Hibernate: 
    select
        as1_0."id",
        as1_0."last_seen",
        as1_0."session_id",
        as1_0."user_id" 
    from
        "active_sessions" as1_0 
    where
        as1_0."session_id"=?
Hibernate: 
    select
        as1_0."id",
        as1_0."last_seen",
        as1_0."session_id",
        as1_0."user_id" 
    from
        "active_sessions" as1_0 
    where
        as1_0."session_id"=?
2026-06-01T01:34:57.311+05:30 DEBUG 19928 --- [nio-8081-exec-3] org.hibernate.SQL                        : 
    select
        as1_0."id",
        as1_0."last_seen",
        as1_0."session_id",
        as1_0."user_id" 
    from
        "active_sessions" as1_0 
    where
        as1_0."session_id"=?
Hibernate: 
    select
        as1_0."id",
        as1_0."last_seen",
        as1_0."session_id",
        as1_0."user_id" 
    from
        "active_sessions" as1_0 
    where
        as1_0."session_id"=?
2026-06-01T01:34:57.312+05:30 DEBUG 19928 --- [nio-8081-exec-1] org.hibernate.SQL                        : 
    select
        as1_0."id",
        as1_0."last_seen",
        as1_0."session_id",
        as1_0."user_id" 
    from
        "active_sessions" as1_0 
    where
        as1_0."session_id"=?
Hibernate: 
    select
        as1_0."id",
        as1_0."last_seen",
        as1_0."session_id",
        as1_0."user_id" 
    from
        "active_sessions" as1_0 
    where
        as1_0."session_id"=?
2026-06-01T01:34:57.312+05:30 DEBUG 19928 --- [nio-8081-exec-5] org.hibernate.SQL                        : 
    select
        as1_0."id",
        as1_0."last_seen",
        as1_0."session_id",
        as1_0."user_id" 
    from
        "active_sessions" as1_0 
    where
        as1_0."session_id"=?
Hibernate: 
    select
        as1_0."id",
        as1_0."last_seen",
        as1_0."session_id",
        as1_0."user_id" 
    from
        "active_sessions" as1_0 
    where
        as1_0."session_id"=?
2026-06-01T01:34:57.312+05:30 DEBUG 19928 --- [nio-8081-exec-6] org.hibernate.SQL                        : 
    select
        as1_0."id",
        as1_0."last_seen",
        as1_0."session_id",
        as1_0."user_id" 
    from
        "active_sessions" as1_0 
    where
        as1_0."session_id"=?
Hibernate: 
    select
        as1_0."id",
        as1_0."last_seen",
        as1_0."session_id",
        as1_0."user_id" 
    from
        "active_sessions" as1_0 
    where
        as1_0."session_id"=?
2026-06-01T01:34:57.631+05:30 DEBUG 19928 --- [nio-8081-exec-1] org.hibernate.SQL                        : 
    select
        u1_0."id",
        u1_0."created_at",
        u1_0."email",
        u1_0."name",
        u1_0."number",
        u1_0."password",
        u1_0."role",
        u1_0."seller_approved" 
    from
        "users" u1_0 
    where
        u1_0."id"=?
2026-06-01T01:34:57.631+05:30 DEBUG 19928 --- [nio-8081-exec-5] org.hibernate.SQL                        : 
    select
        u1_0."id",
        u1_0."created_at",
        u1_0."email",
        u1_0."name",
        u1_0."number",
        u1_0."password",
        u1_0."role",
        u1_0."seller_approved" 
    from
        "users" u1_0 
    where
        u1_0."id"=?
Hibernate: 
    select
        u1_0."id",
        u1_0."created_at",
        u1_0."email",
        u1_0."name",
        u1_0."number",
        u1_0."password",
        u1_0."role",
        u1_0."seller_approved" 
    from
        "users" u1_0 
    where
        u1_0."id"=?
Hibernate: 
    select
        u1_0."id",
        u1_0."created_at",
        u1_0."email",
        u1_0."name",
        u1_0."number",
        u1_0."password",
        u1_0."role",
        u1_0."seller_approved" 
    from
        "users" u1_0 
    where
        u1_0."id"=?
2026-06-01T01:34:57.631+05:30 DEBUG 19928 --- [nio-8081-exec-3] org.hibernate.SQL                        : 
    select
        u1_0."id",
        u1_0."created_at",
        u1_0."email",
        u1_0."name",
        u1_0."number",
        u1_0."password",
        u1_0."role",
        u1_0."seller_approved" 
    from
        "users" u1_0 
    where
        u1_0."id"=?
Hibernate: 
    select
        u1_0."id",
        u1_0."created_at",
        u1_0."email",
        u1_0."name",
        u1_0."number",
        u1_0."password",
        u1_0."role",
        u1_0."seller_approved" 
    from
        "users" u1_0 
    where
        u1_0."id"=?
2026-06-01T01:34:57.631+05:30 DEBUG 19928 --- [nio-8081-exec-4] org.hibernate.SQL                        : 
    select
        u1_0."id",
        u1_0."created_at",
        u1_0."email",
        u1_0."name",
        u1_0."number",
        u1_0."password",
        u1_0."role",
        u1_0."seller_approved" 
    from
        "users" u1_0 
    where
        u1_0."id"=?
Hibernate: 
    select
        u1_0."id",
        u1_0."created_at",
        u1_0."email",
        u1_0."name",
        u1_0."number",
        u1_0."password",
        u1_0."role",
        u1_0."seller_approved" 
    from
        "users" u1_0 
    where
        u1_0."id"=?
2026-06-01T01:34:57.631+05:30 DEBUG 19928 --- [nio-8081-exec-6] org.hibernate.SQL                        : 
    select
        u1_0."id",
        u1_0."created_at",
        u1_0."email",
        u1_0."name",
        u1_0."number",
        u1_0."password",
        u1_0."role",
        u1_0."seller_approved" 
    from
        "users" u1_0 
    where
        u1_0."id"=?
Hibernate: 
    select
        u1_0."id",
        u1_0."created_at",
        u1_0."email",
        u1_0."name",
        u1_0."number",
        u1_0."password",
        u1_0."role",
        u1_0."seller_approved" 
    from
        "users" u1_0 
    where
        u1_0."id"=?
2026-06-01T01:34:57.631+05:30 DEBUG 19928 --- [nio-8081-exec-2] org.hibernate.SQL                        : 
    select
        u1_0."id",
        u1_0."created_at",
        u1_0."email",
        u1_0."name",
        u1_0."number",
        u1_0."password",
        u1_0."role",
        u1_0."seller_approved" 
    from
        "users" u1_0 
    where
        u1_0."id"=?
Hibernate: 
    select
        u1_0."id",
        u1_0."created_at",
        u1_0."email",
        u1_0."name",
        u1_0."number",
        u1_0."password",
        u1_0."role",
        u1_0."seller_approved" 
    from
        "users" u1_0 
    where
        u1_0."id"=?
2026-06-01T01:34:57.951+05:30 DEBUG 19928 --- [nio-8081-exec-4] org.hibernate.SQL                        : 
    select
        sp1_0."id",
        sp1_0."bio",
        sp1_0."business_name",
        sp1_0."created_at",
        sp1_0."logo_url",
        sp1_0."status",
        sp1_0."user_id",
        u1_0."id",
        u1_0."created_at",
        u1_0."email",
        u1_0."name",
        u1_0."number",
        u1_0."password",
        u1_0."role",
        u1_0."seller_approved" 
    from
        "seller_profiles" sp1_0 
    join
        "users" u1_0 
            on u1_0."id"=sp1_0."user_id" 
    where
        sp1_0."user_id"=?
2026-06-01T01:34:57.951+05:30 DEBUG 19928 --- [nio-8081-exec-1] org.hibernate.SQL                        : 
    select
        sp1_0."id",
        sp1_0."bio",
        sp1_0."business_name",
        sp1_0."created_at",
        sp1_0."logo_url",
        sp1_0."status",
        sp1_0."user_id",
        u1_0."id",
        u1_0."created_at",
        u1_0."email",
        u1_0."name",
        u1_0."number",
        u1_0."password",
        u1_0."role",
        u1_0."seller_approved" 
    from
        "seller_profiles" sp1_0 
    join
        "users" u1_0 
            on u1_0."id"=sp1_0."user_id" 
    where
        sp1_0."user_id"=?
Hibernate: 
    select
        sp1_0."id",
        sp1_0."bio",
        sp1_0."business_name",
        sp1_0."created_at",
        sp1_0."logo_url",
        sp1_0."status",
        sp1_0."user_id",
        u1_0."id",
        u1_0."created_at",
        u1_0."email",
        u1_0."name",
        u1_0."number",
        u1_0."password",
        u1_0."role",
        u1_0."seller_approved" 
    from
        "seller_profiles" sp1_0 
    join
        "users" u1_0 
            on u1_0."id"=sp1_0."user_id" 
    where
        sp1_0."user_id"=?
Hibernate: 
    select
        sp1_0."id",
        sp1_0."bio",
        sp1_0."business_name",
        sp1_0."created_at",
        sp1_0."logo_url",
        sp1_0."status",
        sp1_0."user_id",
        u1_0."id",
        u1_0."created_at",
        u1_0."email",
        u1_0."name",
        u1_0."number",
        u1_0."password",
        u1_0."role",
        u1_0."seller_approved" 
    from
        "seller_profiles" sp1_0 
    join
        "users" u1_0 
            on u1_0."id"=sp1_0."user_id" 
    where
        sp1_0."user_id"=?
2026-06-01T01:34:57.951+05:30 DEBUG 19928 --- [nio-8081-exec-2] org.hibernate.SQL                        : 
    select
        sp1_0."id",
        sp1_0."bio",
        sp1_0."business_name",
        sp1_0."created_at",
        sp1_0."logo_url",
        sp1_0."status",
        sp1_0."user_id",
        u1_0."id",
        u1_0."created_at",
        u1_0."email",
        u1_0."name",
        u1_0."number",
        u1_0."password",
        u1_0."role",
        u1_0."seller_approved" 
    from
        "seller_profiles" sp1_0 
    join
        "users" u1_0 
            on u1_0."id"=sp1_0."user_id" 
    where
        sp1_0."user_id"=?
Hibernate: 
    select
        sp1_0."id",
        sp1_0."bio",
        sp1_0."business_name",
        sp1_0."created_at",
        sp1_0."logo_url",
        sp1_0."status",
        sp1_0."user_id",
        u1_0."id",
        u1_0."created_at",
        u1_0."email",
        u1_0."name",
        u1_0."number",
        u1_0."password",
        u1_0."role",
        u1_0."seller_approved" 
    from
        "seller_profiles" sp1_0 
    join
        "users" u1_0 
            on u1_0."id"=sp1_0."user_id" 
    where
        sp1_0."user_id"=?
2026-06-01T01:34:57.951+05:30 DEBUG 19928 --- [nio-8081-exec-3] org.hibernate.SQL                        : 
    select
        sp1_0."id",
        sp1_0."bio",
        sp1_0."business_name",
        sp1_0."created_at",
        sp1_0."logo_url",
        sp1_0."status",
        sp1_0."user_id",
        u1_0."id",
        u1_0."created_at",
        u1_0."email",
        u1_0."name",
        u1_0."number",
        u1_0."password",
        u1_0."role",
        u1_0."seller_approved" 
    from
        "seller_profiles" sp1_0 
    join
        "users" u1_0 
            on u1_0."id"=sp1_0."user_id" 
    where
        sp1_0."user_id"=?
Hibernate: 
    select
        sp1_0."id",
        sp1_0."bio",
        sp1_0."business_name",
        sp1_0."created_at",
        sp1_0."logo_url",
        sp1_0."status",
        sp1_0."user_id",
        u1_0."id",
        u1_0."created_at",
        u1_0."email",
        u1_0."name",
        u1_0."number",
        u1_0."password",
        u1_0."role",
        u1_0."seller_approved" 
    from
        "seller_profiles" sp1_0 
    join
        "users" u1_0 
            on u1_0."id"=sp1_0."user_id" 
    where
        sp1_0."user_id"=?
2026-06-01T01:34:57.951+05:30 DEBUG 19928 --- [nio-8081-exec-5] org.hibernate.SQL                        : 
    select
        sp1_0."id",
        sp1_0."bio",
        sp1_0."business_name",
        sp1_0."created_at",
        sp1_0."logo_url",
        sp1_0."status",
        sp1_0."user_id",
        u1_0."id",
        u1_0."created_at",
        u1_0."email",
        u1_0."name",
        u1_0."number",
        u1_0."password",
        u1_0."role",
        u1_0."seller_approved" 
    from
        "seller_profiles" sp1_0 
    join
        "users" u1_0 
            on u1_0."id"=sp1_0."user_id" 
    where
        sp1_0."user_id"=?
Hibernate: 
    select
        sp1_0."id",
        sp1_0."bio",
        sp1_0."business_name",
        sp1_0."created_at",
        sp1_0."logo_url",
        sp1_0."status",
        sp1_0."user_id",
        u1_0."id",
        u1_0."created_at",
        u1_0."email",
        u1_0."name",
        u1_0."number",
        u1_0."password",
        u1_0."role",
        u1_0."seller_approved" 
    from
        "seller_profiles" sp1_0 
    join
        "users" u1_0 
            on u1_0."id"=sp1_0."user_id" 
    where
        sp1_0."user_id"=?
2026-06-01T01:34:57.951+05:30 DEBUG 19928 --- [nio-8081-exec-6] org.hibernate.SQL                        : 
    select
        sp1_0."id",
        sp1_0."bio",
        sp1_0."business_name",
        sp1_0."created_at",
        sp1_0."logo_url",
        sp1_0."status",
        sp1_0."user_id",
        u1_0."id",
        u1_0."created_at",
        u1_0."email",
        u1_0."name",
        u1_0."number",
        u1_0."password",
        u1_0."role",
        u1_0."seller_approved" 
    from
        "seller_profiles" sp1_0 
    join
        "users" u1_0 
            on u1_0."id"=sp1_0."user_id" 
    where
        sp1_0."user_id"=?
Hibernate: 
    select
        sp1_0."id",
        sp1_0."bio",
        sp1_0."business_name",
        sp1_0."created_at",
        sp1_0."logo_url",
        sp1_0."status",
        sp1_0."user_id",
        u1_0."id",
        u1_0."created_at",
        u1_0."email",
        u1_0."name",
        u1_0."number",
        u1_0."password",
        u1_0."role",
        u1_0."seller_approved" 
    from
        "seller_profiles" sp1_0 
    join
        "users" u1_0 
            on u1_0."id"=sp1_0."user_id" 
    where
        sp1_0."user_id"=?
2026-06-01T01:34:58.278+05:30 DEBUG 19928 --- [nio-8081-exec-5] org.hibernate.SQL                        : 
    select
        as1_0."id",
        as1_0."last_seen",
        as1_0."session_id",
        u1_0."id",
        u1_0."created_at",
        u1_0."email",
        u1_0."name",
        u1_0."number",
        u1_0."password",
        u1_0."role",
        u1_0."seller_approved",
        sp1_0."id",
        sp1_0."bio",
        sp1_0."business_name",
        sp1_0."created_at",
        sp1_0."logo_url",
        sp1_0."status",
        sp1_0."user_id",
        c1_0."user_id",
        c1_0."id",
        c1_0."product_id",
        c1_0."qty" 
    from
        "active_sessions" as1_0 
    left join
        "users" u1_0 
            on u1_0."id"=as1_0."user_id" 
    left join
        "seller_profiles" sp1_0 
            on u1_0."id"=sp1_0."user_id" 
    left join
        "cart_items" c1_0 
            on u1_0."id"=c1_0."user_id" 
    where
        as1_0."id"=?
2026-06-01T01:34:58.278+05:30 DEBUG 19928 --- [nio-8081-exec-1] org.hibernate.SQL                        : 
    select
        as1_0."id",
        as1_0."last_seen",
        as1_0."session_id",
        u1_0."id",
        u1_0."created_at",
        u1_0."email",
        u1_0."name",
        u1_0."number",
        u1_0."password",
        u1_0."role",
        u1_0."seller_approved",
        sp1_0."id",
        sp1_0."bio",
        sp1_0."business_name",
        sp1_0."created_at",
        sp1_0."logo_url",
        sp1_0."status",
        sp1_0."user_id",
        c1_0."user_id",
        c1_0."id",
        c1_0."product_id",
        c1_0."qty" 
    from
        "active_sessions" as1_0 
    left join
        "users" u1_0 
            on u1_0."id"=as1_0."user_id" 
    left join
        "seller_profiles" sp1_0 
            on u1_0."id"=sp1_0."user_id" 
    left join
        "cart_items" c1_0 
            on u1_0."id"=c1_0."user_id" 
    where
        as1_0."id"=?
Hibernate: 
    select
        as1_0."id",
        as1_0."last_seen",
        as1_0."session_id",
        u1_0."id",
        u1_0."created_at",
        u1_0."email",
        u1_0."name",
        u1_0."number",
        u1_0."password",
        u1_0."role",
        u1_0."seller_approved",
        sp1_0."id",
        sp1_0."bio",
        sp1_0."business_name",
        sp1_0."created_at",
        sp1_0."logo_url",
        sp1_0."status",
        sp1_0."user_id",
        c1_0."user_id",
        c1_0."id",
        c1_0."product_id",
        c1_0."qty" 
    from
        "active_sessions" as1_0 
    left join
        "users" u1_0 
            on u1_0."id"=as1_0."user_id" 
    left join
        "seller_profiles" sp1_0 
            on u1_0."id"=sp1_0."user_id" 
    left join
        "cart_items" c1_0 
            on u1_0."id"=c1_0."user_id" 
    where
        as1_0."id"=?
Hibernate: 
    select
        as1_0."id",
        as1_0."last_seen",
        as1_0."session_id",
        u1_0."id",
        u1_0."created_at",
        u1_0."email",
        u1_0."name",
        u1_0."number",
        u1_0."password",
        u1_0."role",
        u1_0."seller_approved",
        sp1_0."id",
        sp1_0."bio",
        sp1_0."business_name",
        sp1_0."created_at",
        sp1_0."logo_url",
        sp1_0."status",
        sp1_0."user_id",
        c1_0."user_id",
        c1_0."id",
        c1_0."product_id",
        c1_0."qty" 
    from
        "active_sessions" as1_0 
    left join
        "users" u1_0 
            on u1_0."id"=as1_0."user_id" 
    left join
        "seller_profiles" sp1_0 
            on u1_0."id"=sp1_0."user_id" 
    left join
        "cart_items" c1_0 
            on u1_0."id"=c1_0."user_id" 
    where
        as1_0."id"=?
2026-06-01T01:34:58.278+05:30 DEBUG 19928 --- [nio-8081-exec-2] org.hibernate.SQL                        : 
    select
        as1_0."id",
        as1_0."last_seen",
        as1_0."session_id",
        u1_0."id",
        u1_0."created_at",
        u1_0."email",
        u1_0."name",
        u1_0."number",
        u1_0."password",
        u1_0."role",
        u1_0."seller_approved",
        sp1_0."id",
        sp1_0."bio",
        sp1_0."business_name",
        sp1_0."created_at",
        sp1_0."logo_url",
        sp1_0."status",
        sp1_0."user_id",
        c1_0."user_id",
        c1_0."id",
        c1_0."product_id",
        c1_0."qty" 
    from
        "active_sessions" as1_0 
    left join
        "users" u1_0 
            on u1_0."id"=as1_0."user_id" 
    left join
        "seller_profiles" sp1_0 
            on u1_0."id"=sp1_0."user_id" 
    left join
        "cart_items" c1_0 
            on u1_0."id"=c1_0."user_id" 
    where
        as1_0."id"=?
Hibernate: 
    select
        as1_0."id",
        as1_0."last_seen",
        as1_0."session_id",
        u1_0."id",
        u1_0."created_at",
        u1_0."email",
        u1_0."name",
        u1_0."number",
        u1_0."password",
        u1_0."role",
        u1_0."seller_approved",
        sp1_0."id",
        sp1_0."bio",
        sp1_0."business_name",
        sp1_0."created_at",
        sp1_0."logo_url",
        sp1_0."status",
        sp1_0."user_id",
        c1_0."user_id",
        c1_0."id",
        c1_0."product_id",
        c1_0."qty" 
    from
        "active_sessions" as1_0 
    left join
        "users" u1_0 
            on u1_0."id"=as1_0."user_id" 
    left join
        "seller_profiles" sp1_0 
            on u1_0."id"=sp1_0."user_id" 
    left join
        "cart_items" c1_0 
            on u1_0."id"=c1_0."user_id" 
    where
        as1_0."id"=?
2026-06-01T01:34:58.278+05:30 DEBUG 19928 --- [nio-8081-exec-6] org.hibernate.SQL                        : 
    select
        as1_0."id",
        as1_0."last_seen",
        as1_0."session_id",
        u1_0."id",
        u1_0."created_at",
        u1_0."email",
        u1_0."name",
        u1_0."number",
        u1_0."password",
        u1_0."role",
        u1_0."seller_approved",
        sp1_0."id",
        sp1_0."bio",
        sp1_0."business_name",
        sp1_0."created_at",
        sp1_0."logo_url",
        sp1_0."status",
        sp1_0."user_id",
        c1_0."user_id",
        c1_0."id",
        c1_0."product_id",
        c1_0."qty" 
    from
        "active_sessions" as1_0 
    left join
        "users" u1_0 
            on u1_0."id"=as1_0."user_id" 
    left join
        "seller_profiles" sp1_0 
            on u1_0."id"=sp1_0."user_id" 
    left join
        "cart_items" c1_0 
            on u1_0."id"=c1_0."user_id" 
    where
        as1_0."id"=?
Hibernate: 
    select
        as1_0."id",
        as1_0."last_seen",
        as1_0."session_id",
        u1_0."id",
        u1_0."created_at",
        u1_0."email",
        u1_0."name",
        u1_0."number",
        u1_0."password",
        u1_0."role",
        u1_0."seller_approved",
        sp1_0."id",
        sp1_0."bio",
        sp1_0."business_name",
        sp1_0."created_at",
        sp1_0."logo_url",
        sp1_0."status",
        sp1_0."user_id",
        c1_0."user_id",
        c1_0."id",
        c1_0."product_id",
        c1_0."qty" 
    from
        "active_sessions" as1_0 
    left join
        "users" u1_0 
            on u1_0."id"=as1_0."user_id" 
    left join
        "seller_profiles" sp1_0 
            on u1_0."id"=sp1_0."user_id" 
    left join
        "cart_items" c1_0 
            on u1_0."id"=c1_0."user_id" 
    where
        as1_0."id"=?
2026-06-01T01:34:58.278+05:30 DEBUG 19928 --- [nio-8081-exec-4] org.hibernate.SQL                        : 
    select
        as1_0."id",
        as1_0."last_seen",
        as1_0."session_id",
        u1_0."id",
        u1_0."created_at",
        u1_0."email",
        u1_0."name",
        u1_0."number",
        u1_0."password",
        u1_0."role",
        u1_0."seller_approved",
        sp1_0."id",
        sp1_0."bio",
        sp1_0."business_name",
        sp1_0."created_at",
        sp1_0."logo_url",
        sp1_0."status",
        sp1_0."user_id",
        c1_0."user_id",
        c1_0."id",
        c1_0."product_id",
        c1_0."qty" 
    from
        "active_sessions" as1_0 
    left join
        "users" u1_0 
            on u1_0."id"=as1_0."user_id" 
    left join
        "seller_profiles" sp1_0 
            on u1_0."id"=sp1_0."user_id" 
    left join
        "cart_items" c1_0 
            on u1_0."id"=c1_0."user_id" 
    where
        as1_0."id"=?
Hibernate: 
    select
        as1_0."id",
        as1_0."last_seen",
        as1_0."session_id",
        u1_0."id",
        u1_0."created_at",
        u1_0."email",
        u1_0."name",
        u1_0."number",
        u1_0."password",
        u1_0."role",
        u1_0."seller_approved",
        sp1_0."id",
        sp1_0."bio",
        sp1_0."business_name",
        sp1_0."created_at",
        sp1_0."logo_url",
        sp1_0."status",
        sp1_0."user_id",
        c1_0."user_id",
        c1_0."id",
        c1_0."product_id",
        c1_0."qty" 
    from
        "active_sessions" as1_0 
    left join
        "users" u1_0 
            on u1_0."id"=as1_0."user_id" 
    left join
        "seller_profiles" sp1_0 
            on u1_0."id"=sp1_0."user_id" 
    left join
        "cart_items" c1_0 
            on u1_0."id"=c1_0."user_id" 
    where
        as1_0."id"=?
2026-06-01T01:34:58.278+05:30 DEBUG 19928 --- [nio-8081-exec-3] org.hibernate.SQL                        : 
    select
        as1_0."id",
        as1_0."last_seen",
        as1_0."session_id",
        u1_0."id",
        u1_0."created_at",
        u1_0."email",
        u1_0."name",
        u1_0."number",
        u1_0."password",
        u1_0."role",
        u1_0."seller_approved",
        sp1_0."id",
        sp1_0."bio",
        sp1_0."business_name",
        sp1_0."created_at",
        sp1_0."logo_url",
        sp1_0."status",
        sp1_0."user_id",
        c1_0."user_id",
        c1_0."id",
        c1_0."product_id",
        c1_0."qty" 
    from
        "active_sessions" as1_0 
    left join
        "users" u1_0 
            on u1_0."id"=as1_0."user_id" 
    left join
        "seller_profiles" sp1_0 
            on u1_0."id"=sp1_0."user_id" 
    left join
        "cart_items" c1_0 
            on u1_0."id"=c1_0."user_id" 
    where
        as1_0."id"=?
Hibernate: 
    select
        as1_0."id",
        as1_0."last_seen",
        as1_0."session_id",
        u1_0."id",
        u1_0."created_at",
        u1_0."email",
        u1_0."name",
        u1_0."number",
        u1_0."password",
        u1_0."role",
        u1_0."seller_approved",
        sp1_0."id",
        sp1_0."bio",
        sp1_0."business_name",
        sp1_0."created_at",
        sp1_0."logo_url",
        sp1_0."status",
        sp1_0."user_id",
        c1_0."user_id",
        c1_0."id",
        c1_0."product_id",
        c1_0."qty" 
    from
        "active_sessions" as1_0 
    left join
        "users" u1_0 
            on u1_0."id"=as1_0."user_id" 
    left join
        "seller_profiles" sp1_0 
            on u1_0."id"=sp1_0."user_id" 
    left join
        "cart_items" c1_0 
            on u1_0."id"=c1_0."user_id" 
    where
        as1_0."id"=?
2026-06-01T01:34:58.587+05:30 DEBUG 19928 --- [nio-8081-exec-3] org.hibernate.SQL                        : 
    select
        t1_0."user_id",
        t1_0."id",
        t1_0."token" 
    from
        "user_tokens" t1_0 
    where
        t1_0."user_id"=?
2026-06-01T01:34:58.587+05:30 DEBUG 19928 --- [nio-8081-exec-5] org.hibernate.SQL                        : 
    select
        t1_0."user_id",
        t1_0."id",
        t1_0."token" 
    from
        "user_tokens" t1_0 
    where
        t1_0."user_id"=?
Hibernate: 
    select
        t1_0."user_id",
        t1_0."id",
        t1_0."token" 
    from
        "user_tokens" t1_0 
    where
        t1_0."user_id"=?
Hibernate: 
    select
        t1_0."user_id",
        t1_0."id",
        t1_0."token" 
    from
        "user_tokens" t1_0 
    where
        t1_0."user_id"=?
2026-06-01T01:34:58.587+05:30 DEBUG 19928 --- [nio-8081-exec-6] org.hibernate.SQL                        : 
    select
        t1_0."user_id",
        t1_0."id",
        t1_0."token" 
    from
        "user_tokens" t1_0 
    where
        t1_0."user_id"=?
Hibernate: 
    select
        t1_0."user_id",
        t1_0."id",
        t1_0."token" 
    from
        "user_tokens" t1_0 
    where
        t1_0."user_id"=?
2026-06-01T01:34:58.587+05:30 DEBUG 19928 --- [nio-8081-exec-4] org.hibernate.SQL                        : 
    select
        t1_0."user_id",
        t1_0."id",
        t1_0."token" 
    from
        "user_tokens" t1_0 
    where
        t1_0."user_id"=?
Hibernate: 
    select
        t1_0."user_id",
        t1_0."id",
        t1_0."token" 
    from
        "user_tokens" t1_0 
    where
        t1_0."user_id"=?
2026-06-01T01:34:58.587+05:30 DEBUG 19928 --- [nio-8081-exec-2] org.hibernate.SQL                        : 
    select
        t1_0."user_id",
        t1_0."id",
        t1_0."token" 
    from
        "user_tokens" t1_0 
    where
        t1_0."user_id"=?
Hibernate: 
    select
        t1_0."user_id",
        t1_0."id",
        t1_0."token" 
    from
        "user_tokens" t1_0 
    where
        t1_0."user_id"=?
2026-06-01T01:34:58.587+05:30 DEBUG 19928 --- [nio-8081-exec-1] org.hibernate.SQL                        : 
    select
        t1_0."user_id",
        t1_0."id",
        t1_0."token" 
    from
        "user_tokens" t1_0 
    where
        t1_0."user_id"=?
Hibernate: 
    select
        t1_0."user_id",
        t1_0."id",
        t1_0."token" 
    from
        "user_tokens" t1_0 
    where
        t1_0."user_id"=?
2026-06-01T01:34:58.904+05:30 DEBUG 19928 --- [nio-8081-exec-2] org.hibernate.SQL                        : 
    select
        sr1_0."requester_id",
        sr1_0."id",
        sr1_0."created_at",
        sr1_0."message",
        sr1_0."status" 
    from
        "seller_requests" sr1_0 
    where
        sr1_0."requester_id"=?
Hibernate: 
    select
        sr1_0."requester_id",
        sr1_0."id",
        sr1_0."created_at",
        sr1_0."message",
        sr1_0."status" 
    from
        "seller_requests" sr1_0 
    where
        sr1_0."requester_id"=?
2026-06-01T01:34:58.904+05:30 DEBUG 19928 --- [nio-8081-exec-3] org.hibernate.SQL                        : 
    select
        sr1_0."requester_id",
        sr1_0."id",
        sr1_0."created_at",
        sr1_0."message",
        sr1_0."status" 
    from
        "seller_requests" sr1_0 
    where
        sr1_0."requester_id"=?
Hibernate: 
    select
        sr1_0."requester_id",
        sr1_0."id",
        sr1_0."created_at",
        sr1_0."message",
        sr1_0."status" 
    from
        "seller_requests" sr1_0 
    where
        sr1_0."requester_id"=?
2026-06-01T01:34:58.904+05:30 DEBUG 19928 --- [nio-8081-exec-6] org.hibernate.SQL                        : 
    select
        sr1_0."requester_id",
        sr1_0."id",
        sr1_0."created_at",
        sr1_0."message",
        sr1_0."status" 
    from
        "seller_requests" sr1_0 
    where
        sr1_0."requester_id"=?
Hibernate: 
    select
        sr1_0."requester_id",
        sr1_0."id",
        sr1_0."created_at",
        sr1_0."message",
        sr1_0."status" 
    from
        "seller_requests" sr1_0 
    where
        sr1_0."requester_id"=?
2026-06-01T01:34:58.904+05:30 DEBUG 19928 --- [nio-8081-exec-5] org.hibernate.SQL                        : 
    select
        sr1_0."requester_id",
        sr1_0."id",
        sr1_0."created_at",
        sr1_0."message",
        sr1_0."status" 
    from
        "seller_requests" sr1_0 
    where
        sr1_0."requester_id"=?
Hibernate: 
    select
        sr1_0."requester_id",
        sr1_0."id",
        sr1_0."created_at",
        sr1_0."message",
        sr1_0."status" 
    from
        "seller_requests" sr1_0 
    where
        sr1_0."requester_id"=?
2026-06-01T01:34:58.904+05:30 DEBUG 19928 --- [nio-8081-exec-4] org.hibernate.SQL                        : 
    select
        sr1_0."requester_id",
        sr1_0."id",
        sr1_0."created_at",
        sr1_0."message",
        sr1_0."status" 
    from
        "seller_requests" sr1_0 
    where
        sr1_0."requester_id"=?
Hibernate: 
    select
        sr1_0."requester_id",
        sr1_0."id",
        sr1_0."created_at",
        sr1_0."message",
        sr1_0."status" 
    from
        "seller_requests" sr1_0 
    where
        sr1_0."requester_id"=?
2026-06-01T01:34:58.904+05:30 DEBUG 19928 --- [nio-8081-exec-1] org.hibernate.SQL                        : 
    select
        sr1_0."requester_id",
        sr1_0."id",
        sr1_0."created_at",
        sr1_0."message",
        sr1_0."status" 
    from
        "seller_requests" sr1_0 
    where
        sr1_0."requester_id"=?
Hibernate: 
    select
        sr1_0."requester_id",
        sr1_0."id",
        sr1_0."created_at",
        sr1_0."message",
        sr1_0."status" 
    from
        "seller_requests" sr1_0 
    where
        sr1_0."requester_id"=?
2026-06-01T01:34:59.223+05:30 DEBUG 19928 --- [nio-8081-exec-3] org.hibernate.SQL                        : 
    select
        o1_0."user_id",
        o1_0."id",
        o1_0."amount",
        o1_0."date_ordered",
        o1_0."is_paid",
        o1_0."razorpay_order_id",
        o1_0."razorpay_payment_id",
        o1_0."razorpay_signature" 
    from
        "orders" o1_0 
    where
        o1_0."user_id"=?
2026-06-01T01:34:59.223+05:30 DEBUG 19928 --- [nio-8081-exec-2] org.hibernate.SQL                        : 
    select
        o1_0."user_id",
        o1_0."id",
        o1_0."amount",
        o1_0."date_ordered",
        o1_0."is_paid",
        o1_0."razorpay_order_id",
        o1_0."razorpay_payment_id",
        o1_0."razorpay_signature" 
    from
        "orders" o1_0 
    where
        o1_0."user_id"=?
Hibernate: 
    select
        o1_0."user_id",
        o1_0."id",
        o1_0."amount",
        o1_0."date_ordered",
        o1_0."is_paid",
        o1_0."razorpay_order_id",
        o1_0."razorpay_payment_id",
        o1_0."razorpay_signature" 
    from
        "orders" o1_0 
    where
        o1_0."user_id"=?
Hibernate: 
    select
        o1_0."user_id",
        o1_0."id",
        o1_0."amount",
        o1_0."date_ordered",
        o1_0."is_paid",
        o1_0."razorpay_order_id",
        o1_0."razorpay_payment_id",
        o1_0."razorpay_signature" 
    from
        "orders" o1_0 
    where
        o1_0."user_id"=?
2026-06-01T01:34:59.223+05:30 DEBUG 19928 --- [nio-8081-exec-4] org.hibernate.SQL                        : 
    select
        o1_0."user_id",
        o1_0."id",
        o1_0."amount",
        o1_0."date_ordered",
        o1_0."is_paid",
        o1_0."razorpay_order_id",
        o1_0."razorpay_payment_id",
        o1_0."razorpay_signature" 
    from
        "orders" o1_0 
    where
        o1_0."user_id"=?
Hibernate: 
    select
        o1_0."user_id",
        o1_0."id",
        o1_0."amount",
        o1_0."date_ordered",
        o1_0."is_paid",
        o1_0."razorpay_order_id",
        o1_0."razorpay_payment_id",
        o1_0."razorpay_signature" 
    from
        "orders" o1_0 
    where
        o1_0."user_id"=?
2026-06-01T01:34:59.223+05:30 DEBUG 19928 --- [nio-8081-exec-5] org.hibernate.SQL                        : 
    select
        o1_0."user_id",
        o1_0."id",
        o1_0."amount",
        o1_0."date_ordered",
        o1_0."is_paid",
        o1_0."razorpay_order_id",
        o1_0."razorpay_payment_id",
        o1_0."razorpay_signature" 
    from
        "orders" o1_0 
    where
        o1_0."user_id"=?
Hibernate: 
    select
        o1_0."user_id",
        o1_0."id",
        o1_0."amount",
        o1_0."date_ordered",
        o1_0."is_paid",
        o1_0."razorpay_order_id",
        o1_0."razorpay_payment_id",
        o1_0."razorpay_signature" 
    from
        "orders" o1_0 
    where
        o1_0."user_id"=?
2026-06-01T01:34:59.223+05:30 DEBUG 19928 --- [nio-8081-exec-1] org.hibernate.SQL                        : 
    select
        o1_0."user_id",
        o1_0."id",
        o1_0."amount",
        o1_0."date_ordered",
        o1_0."is_paid",
        o1_0."razorpay_order_id",
        o1_0."razorpay_payment_id",
        o1_0."razorpay_signature" 
    from
        "orders" o1_0 
    where
        o1_0."user_id"=?
Hibernate: 
    select
        o1_0."user_id",
        o1_0."id",
        o1_0."amount",
        o1_0."date_ordered",
        o1_0."is_paid",
        o1_0."razorpay_order_id",
        o1_0."razorpay_payment_id",
        o1_0."razorpay_signature" 
    from
        "orders" o1_0 
    where
        o1_0."user_id"=?
2026-06-01T01:34:59.223+05:30 DEBUG 19928 --- [nio-8081-exec-6] org.hibernate.SQL                        : 
    select
        o1_0."user_id",
        o1_0."id",
        o1_0."amount",
        o1_0."date_ordered",
        o1_0."is_paid",
        o1_0."razorpay_order_id",
        o1_0."razorpay_payment_id",
        o1_0."razorpay_signature" 
    from
        "orders" o1_0 
    where
        o1_0."user_id"=?
Hibernate: 
    select
        o1_0."user_id",
        o1_0."id",
        o1_0."amount",
        o1_0."date_ordered",
        o1_0."is_paid",
        o1_0."razorpay_order_id",
        o1_0."razorpay_payment_id",
        o1_0."razorpay_signature" 
    from
        "orders" o1_0 
    where
        o1_0."user_id"=?
2026-06-01T01:34:59.554+05:30 DEBUG 19928 --- [nio-8081-exec-3] org.hibernate.SQL                        : 
    update
        "active_sessions" 
    set
        "last_seen"=?,
        "session_id"=?,
        "user_id"=? 
    where
        "id"=?
2026-06-01T01:34:59.554+05:30 DEBUG 19928 --- [nio-8081-exec-4] org.hibernate.SQL                        : 
    update
        "active_sessions" 
    set
        "last_seen"=?,
        "session_id"=?,
        "user_id"=? 
    where
        "id"=?
Hibernate: 
    update
        "active_sessions" 
    set
        "last_seen"=?,
        "session_id"=?,
        "user_id"=? 
    where
        "id"=?
Hibernate: 
    update
        "active_sessions" 
    set
        "last_seen"=?,
        "session_id"=?,
        "user_id"=? 
    where
        "id"=?
2026-06-01T01:34:59.554+05:30 DEBUG 19928 --- [nio-8081-exec-2] org.hibernate.SQL                        : 
    update
        "active_sessions" 
    set
        "last_seen"=?,
        "session_id"=?,
        "user_id"=? 
    where
        "id"=?
Hibernate: 
    update
        "active_sessions" 
    set
        "last_seen"=?,
        "session_id"=?,
        "user_id"=? 
    where
        "id"=?
2026-06-01T01:34:59.554+05:30 DEBUG 19928 --- [nio-8081-exec-1] org.hibernate.SQL                        : 
    update
        "active_sessions" 
    set
        "last_seen"=?,
        "session_id"=?,
        "user_id"=? 
    where
        "id"=?
Hibernate: 
    update
        "active_sessions" 
    set
        "last_seen"=?,
        "session_id"=?,
        "user_id"=? 
    where
        "id"=?
2026-06-01T01:34:59.554+05:30 DEBUG 19928 --- [nio-8081-exec-6] org.hibernate.SQL                        : 
    update
        "active_sessions" 
    set
        "last_seen"=?,
        "session_id"=?,
        "user_id"=? 
    where
        "id"=?
Hibernate: 
    update
        "active_sessions" 
    set
        "last_seen"=?,
        "session_id"=?,
        "user_id"=? 
    where
        "id"=?
2026-06-01T01:34:59.554+05:30 DEBUG 19928 --- [nio-8081-exec-5] org.hibernate.SQL                        : 
    update
        "active_sessions" 
    set
        "last_seen"=?,
        "session_id"=?,
        "user_id"=? 
    where
        "id"=?
Hibernate: 
    update
        "active_sessions" 
    set
        "last_seen"=?,
        "session_id"=?,
        "user_id"=? 
    where
        "id"=?
2026-06-01T01:35:00.184+05:30 DEBUG 19928 --- [nio-8081-exec-4] o.s.s.w.access.AccessDeniedHandlerImpl   : Responding with 403 status code
2026-06-01T01:35:00.185+05:30 DEBUG 19928 --- [nio-8081-exec-4] o.s.security.web.FilterChainProxy        : Securing GET /error
2026-06-01T01:35:00.186+05:30 DEBUG 19928 --- [nio-8081-exec-4] o.s.s.w.a.AnonymousAuthenticationFilter  : Set SecurityContextHolder to anonymous SecurityContext
2026-06-01T01:35:00.187+05:30 DEBUG 19928 --- [nio-8081-exec-4] o.s.s.w.a.Http403ForbiddenEntryPoint     : Pre-authenticated entry point called. Rejecting access
2026-06-01T01:35:00.430+05:30 DEBUG 19928 --- [nio-8081-exec-2] o.s.s.w.access.AccessDeniedHandlerImpl   : Responding with 403 status code
2026-06-01T01:35:00.431+05:30 DEBUG 19928 --- [nio-8081-exec-2] o.s.security.web.FilterChainProxy        : Securing GET /error
2026-06-01T01:35:00.434+05:30 DEBUG 19928 --- [nio-8081-exec-2] o.s.s.w.a.AnonymousAuthenticationFilter  : Set SecurityContextHolder to anonymous SecurityContext
2026-06-01T01:35:00.434+05:30 DEBUG 19928 --- [nio-8081-exec-2] o.s.s.w.a.Http403ForbiddenEntryPoint     : Pre-authenticated entry point called. Rejecting access
2026-06-01T01:35:00.673+05:30 DEBUG 19928 --- [nio-8081-exec-6] o.s.s.w.access.AccessDeniedHandlerImpl   : Responding with 403 status code
2026-06-01T01:35:00.674+05:30 DEBUG 19928 --- [nio-8081-exec-6] o.s.security.web.FilterChainProxy        : Securing GET /error
2026-06-01T01:35:00.675+05:30 DEBUG 19928 --- [nio-8081-exec-6] o.s.s.w.a.AnonymousAuthenticationFilter  : Set SecurityContextHolder to anonymous SecurityContext
2026-06-01T01:35:00.676+05:30 DEBUG 19928 --- [nio-8081-exec-6] o.s.s.w.a.Http403ForbiddenEntryPoint     : Pre-authenticated entry point called. Rejecting access
2026-06-01T01:35:00.984+05:30 DEBUG 19928 --- [nio-8081-exec-5] o.s.s.w.access.AccessDeniedHandlerImpl   : Responding with 403 status code
2026-06-01T01:35:00.994+05:30 DEBUG 19928 --- [nio-8081-exec-5] o.s.security.web.FilterChainProxy        : Securing GET /error
2026-06-01T01:35:00.996+05:30 DEBUG 19928 --- [nio-8081-exec-5] o.s.s.w.a.AnonymousAuthenticationFilter  : Set SecurityContextHolder to anonymous SecurityContext
2026-06-01T01:35:00.996+05:30 DEBUG 19928 --- [nio-8081-exec-5] o.s.s.w.a.Http403ForbiddenEntryPoint     : Pre-authenticated entry point called. Rejecting access
2026-06-01T01:35:01.305+05:30 DEBUG 19928 --- [nio-8081-exec-1] o.s.s.w.access.AccessDeniedHandlerImpl   : Responding with 403 status code
2026-06-01T01:35:01.315+05:30 DEBUG 19928 --- [nio-8081-exec-1] o.s.security.web.FilterChainProxy        : Securing GET /error
2026-06-01T01:35:01.317+05:30 DEBUG 19928 --- [nio-8081-exec-1] o.s.s.w.a.AnonymousAuthenticationFilter  : Set SecurityContextHolder to anonymous SecurityContext
2026-06-01T01:35:01.317+05:30 DEBUG 19928 --- [nio-8081-exec-1] o.s.s.w.a.Http403ForbiddenEntryPoint     : Pre-authenticated entry point called. Rejecting access
2026-06-01T01:35:01.623+05:30 DEBUG 19928 --- [nio-8081-exec-3] o.s.s.w.access.AccessDeniedHandlerImpl   : Responding with 403 status code
2026-06-01T01:35:01.624+05:30 DEBUG 19928 --- [nio-8081-exec-3] o.s.security.web.FilterChainProxy        : Securing GET /error
2026-06-01T01:35:01.626+05:30 DEBUG 19928 --- [nio-8081-exec-3] o.s.s.w.a.AnonymousAuthenticationFilter  : Set SecurityContextHolder to anonymous SecurityContext
2026-06-01T01:35:01.626+05:30 DEBUG 19928 --- [nio-8081-exec-3] o.s.s.w.a.Http403ForbiddenEntryPoint     : Pre-authenticated entry point called. Rejecting access
2026-06-01T01:35:04.829+05:30 DEBUG 19928 --- [nio-8081-exec-7] o.s.security.web.FilterChainProxy        : Securing OPTIONS /api/seller/me/products
2026-06-01T01:35:04.832+05:30 DEBUG 19928 --- [nio-8081-exec-8] o.s.security.web.FilterChainProxy        : Securing OPTIONS /api/seller/me/products
2026-06-01T01:35:04.841+05:30 DEBUG 19928 --- [io-8081-exec-10] o.s.security.web.FilterChainProxy        : Securing GET /api/seller/me/products
2026-06-01T01:35:04.842+05:30 DEBUG 19928 --- [nio-8081-exec-9] o.s.security.web.FilterChainProxy        : Securing GET /api/seller/me/products
2026-06-01T01:35:04.848+05:30 DEBUG 19928 --- [nio-8081-exec-9] org.hibernate.SQL                        : 
    select
        ut1_0."id",
        ut1_0."token",
        ut1_0."user_id" 
    from
        "user_tokens" ut1_0 
    where
        ut1_0."token"=?
2026-06-01T01:35:04.848+05:30 DEBUG 19928 --- [io-8081-exec-10] org.hibernate.SQL                        : 
    select
        ut1_0."id",
        ut1_0."token",
        ut1_0."user_id" 
    from
        "user_tokens" ut1_0 
    where
        ut1_0."token"=?
Hibernate: 
    select
        ut1_0."id",
        ut1_0."token",
        ut1_0."user_id" 
    from
        "user_tokens" ut1_0 
    where
        ut1_0."token"=?
Hibernate: 
    select
        ut1_0."id",
        ut1_0."token",
        ut1_0."user_id" 
    from
        "user_tokens" ut1_0 
    where
        ut1_0."token"=?
2026-06-01T01:35:05.466+05:30 DEBUG 19928 --- [nio-8081-exec-9] org.hibernate.SQL                        : 
    select
        u1_0."id",
        u1_0."created_at",
        u1_0."email",
        u1_0."name",
        u1_0."number",
        u1_0."password",
        u1_0."role",
        u1_0."seller_approved" 
    from
        "users" u1_0 
    where
        u1_0."id"=?
2026-06-01T01:35:05.466+05:30 DEBUG 19928 --- [io-8081-exec-10] org.hibernate.SQL                        : 
    select
        u1_0."id",
        u1_0."created_at",
        u1_0."email",
        u1_0."name",
        u1_0."number",
        u1_0."password",
        u1_0."role",
        u1_0."seller_approved" 
    from
        "users" u1_0 
    where
        u1_0."id"=?
Hibernate: 
    select
        u1_0."id",
        u1_0."created_at",
        u1_0."email",
        u1_0."name",
        u1_0."number",
        u1_0."password",
        u1_0."role",
        u1_0."seller_approved" 
    from
        "users" u1_0 
    where
        u1_0."id"=?
Hibernate: 
    select
        u1_0."id",
        u1_0."created_at",
        u1_0."email",
        u1_0."name",
        u1_0."number",
        u1_0."password",
        u1_0."role",
        u1_0."seller_approved" 
    from
        "users" u1_0 
    where
        u1_0."id"=?
2026-06-01T01:35:05.791+05:30 DEBUG 19928 --- [io-8081-exec-10] org.hibernate.SQL                        : 
    select
        sp1_0."id",
        sp1_0."bio",
        sp1_0."business_name",
        sp1_0."created_at",
        sp1_0."logo_url",
        sp1_0."status",
        sp1_0."user_id",
        u1_0."id",
        u1_0."created_at",
        u1_0."email",
        u1_0."name",
        u1_0."number",
        u1_0."password",
        u1_0."role",
        u1_0."seller_approved" 
    from
        "seller_profiles" sp1_0 
    join
        "users" u1_0 
            on u1_0."id"=sp1_0."user_id" 
    where
        sp1_0."user_id"=?
2026-06-01T01:35:05.791+05:30 DEBUG 19928 --- [nio-8081-exec-9] org.hibernate.SQL                        : 
    select
        sp1_0."id",
        sp1_0."bio",
        sp1_0."business_name",
        sp1_0."created_at",
        sp1_0."logo_url",
        sp1_0."status",
        sp1_0."user_id",
        u1_0."id",
        u1_0."created_at",
        u1_0."email",
        u1_0."name",
        u1_0."number",
        u1_0."password",
        u1_0."role",
        u1_0."seller_approved" 
    from
        "seller_profiles" sp1_0 
    join
        "users" u1_0 
            on u1_0."id"=sp1_0."user_id" 
    where
        sp1_0."user_id"=?
Hibernate: 
    select
        sp1_0."id",
        sp1_0."bio",
        sp1_0."business_name",
        sp1_0."created_at",
        sp1_0."logo_url",
        sp1_0."status",
        sp1_0."user_id",
        u1_0."id",
        u1_0."created_at",
        u1_0."email",
        u1_0."name",
        u1_0."number",
        u1_0."password",
        u1_0."role",
        u1_0."seller_approved" 
    from
        "seller_profiles" sp1_0 
    join
        "users" u1_0 
            on u1_0."id"=sp1_0."user_id" 
    where
        sp1_0."user_id"=?
Hibernate: 
    select
        sp1_0."id",
        sp1_0."bio",
        sp1_0."business_name",
        sp1_0."created_at",
        sp1_0."logo_url",
        sp1_0."status",
        sp1_0."user_id",
        u1_0."id",
        u1_0."created_at",
        u1_0."email",
        u1_0."name",
        u1_0."number",
        u1_0."password",
        u1_0."role",
        u1_0."seller_approved" 
    from
        "seller_profiles" sp1_0 
    join
        "users" u1_0 
            on u1_0."id"=sp1_0."user_id" 
    where
        sp1_0."user_id"=?
2026-06-01T01:35:06.426+05:30 DEBUG 19928 --- [nio-8081-exec-9] org.hibernate.SQL                        : 
    select
        as1_0."id",
        as1_0."last_seen",
        as1_0."session_id",
        as1_0."user_id" 
    from
        "active_sessions" as1_0 
    where
        as1_0."session_id"=?
2026-06-01T01:35:06.426+05:30 DEBUG 19928 --- [io-8081-exec-10] org.hibernate.SQL                        : 
    select
        as1_0."id",
        as1_0."last_seen",
        as1_0."session_id",
        as1_0."user_id" 
    from
        "active_sessions" as1_0 
    where
        as1_0."session_id"=?
Hibernate: 
    select
        as1_0."id",
        as1_0."last_seen",
        as1_0."session_id",
        as1_0."user_id" 
    from
        "active_sessions" as1_0 
    where
        as1_0."session_id"=?
Hibernate: 
    select
        as1_0."id",
        as1_0."last_seen",
        as1_0."session_id",
        as1_0."user_id" 
    from
        "active_sessions" as1_0 
    where
        as1_0."session_id"=?
2026-06-01T01:35:06.743+05:30 DEBUG 19928 --- [io-8081-exec-10] org.hibernate.SQL                        : 
    select
        u1_0."id",
        u1_0."created_at",
        u1_0."email",
        u1_0."name",
        u1_0."number",
        u1_0."password",
        u1_0."role",
        u1_0."seller_approved" 
    from
        "users" u1_0 
    where
        u1_0."id"=?
2026-06-01T01:35:06.743+05:30 DEBUG 19928 --- [nio-8081-exec-9] org.hibernate.SQL                        : 
    select
        u1_0."id",
        u1_0."created_at",
        u1_0."email",
        u1_0."name",
        u1_0."number",
        u1_0."password",
        u1_0."role",
        u1_0."seller_approved" 
    from
        "users" u1_0 
    where
        u1_0."id"=?
Hibernate: 
    select
        u1_0."id",
        u1_0."created_at",
        u1_0."email",
        u1_0."name",
        u1_0."number",
        u1_0."password",
        u1_0."role",
        u1_0."seller_approved" 
    from
        "users" u1_0 
    where
        u1_0."id"=?
Hibernate: 
    select
        u1_0."id",
        u1_0."created_at",
        u1_0."email",
        u1_0."name",
        u1_0."number",
        u1_0."password",
        u1_0."role",
        u1_0."seller_approved" 
    from
        "users" u1_0 
    where
        u1_0."id"=?
2026-06-01T01:35:07.065+05:30 DEBUG 19928 --- [nio-8081-exec-9] org.hibernate.SQL                        : 
    select
        sp1_0."id",
        sp1_0."bio",
        sp1_0."business_name",
        sp1_0."created_at",
        sp1_0."logo_url",
        sp1_0."status",
        sp1_0."user_id",
        u1_0."id",
        u1_0."created_at",
        u1_0."email",
        u1_0."name",
        u1_0."number",
        u1_0."password",
        u1_0."role",
        u1_0."seller_approved" 
    from
        "seller_profiles" sp1_0 
    join
        "users" u1_0 
            on u1_0."id"=sp1_0."user_id" 
    where
        sp1_0."user_id"=?
2026-06-01T01:35:07.065+05:30 DEBUG 19928 --- [io-8081-exec-10] org.hibernate.SQL                        : 
    select
        sp1_0."id",
        sp1_0."bio",
        sp1_0."business_name",
        sp1_0."created_at",
        sp1_0."logo_url",
        sp1_0."status",
        sp1_0."user_id",
        u1_0."id",
        u1_0."created_at",
        u1_0."email",
        u1_0."name",
        u1_0."number",
        u1_0."password",
        u1_0."role",
        u1_0."seller_approved" 
    from
        "seller_profiles" sp1_0 
    join
        "users" u1_0 
            on u1_0."id"=sp1_0."user_id" 
    where
        sp1_0."user_id"=?
Hibernate: 
    select
        sp1_0."id",
        sp1_0."bio",
        sp1_0."business_name",
        sp1_0."created_at",
        sp1_0."logo_url",
        sp1_0."status",
        sp1_0."user_id",
        u1_0."id",
        u1_0."created_at",
        u1_0."email",
        u1_0."name",
        u1_0."number",
        u1_0."password",
        u1_0."role",
        u1_0."seller_approved" 
    from
        "seller_profiles" sp1_0 
    join
        "users" u1_0 
            on u1_0."id"=sp1_0."user_id" 
    where
        sp1_0."user_id"=?
Hibernate: 
    select
        sp1_0."id",
        sp1_0."bio",
        sp1_0."business_name",
        sp1_0."created_at",
        sp1_0."logo_url",
        sp1_0."status",
        sp1_0."user_id",
        u1_0."id",
        u1_0."created_at",
        u1_0."email",
        u1_0."name",
        u1_0."number",
        u1_0."password",
        u1_0."role",
        u1_0."seller_approved" 
    from
        "seller_profiles" sp1_0 
    join
        "users" u1_0 
            on u1_0."id"=sp1_0."user_id" 
    where
        sp1_0."user_id"=?
2026-06-01T01:35:07.384+05:30 DEBUG 19928 --- [io-8081-exec-10] org.hibernate.SQL                        : 
    select
        as1_0."id",
        as1_0."last_seen",
        as1_0."session_id",
        u1_0."id",
        u1_0."created_at",
        u1_0."email",
        u1_0."name",
        u1_0."number",
        u1_0."password",
        u1_0."role",
        u1_0."seller_approved",
        sp1_0."id",
        sp1_0."bio",
        sp1_0."business_name",
        sp1_0."created_at",
        sp1_0."logo_url",
        sp1_0."status",
        sp1_0."user_id",
        c1_0."user_id",
        c1_0."id",
        c1_0."product_id",
        c1_0."qty" 
    from
        "active_sessions" as1_0 
    left join
        "users" u1_0 
            on u1_0."id"=as1_0."user_id" 
    left join
        "seller_profiles" sp1_0 
            on u1_0."id"=sp1_0."user_id" 
    left join
        "cart_items" c1_0 
            on u1_0."id"=c1_0."user_id" 
    where
        as1_0."id"=?
2026-06-01T01:35:07.384+05:30 DEBUG 19928 --- [nio-8081-exec-9] org.hibernate.SQL                        : 
    select
        as1_0."id",
        as1_0."last_seen",
        as1_0."session_id",
        u1_0."id",
        u1_0."created_at",
        u1_0."email",
        u1_0."name",
        u1_0."number",
        u1_0."password",
        u1_0."role",
        u1_0."seller_approved",
        sp1_0."id",
        sp1_0."bio",
        sp1_0."business_name",
        sp1_0."created_at",
        sp1_0."logo_url",
        sp1_0."status",
        sp1_0."user_id",
        c1_0."user_id",
        c1_0."id",
        c1_0."product_id",
        c1_0."qty" 
    from
        "active_sessions" as1_0 
    left join
        "users" u1_0 
            on u1_0."id"=as1_0."user_id" 
    left join
        "seller_profiles" sp1_0 
            on u1_0."id"=sp1_0."user_id" 
    left join
        "cart_items" c1_0 
            on u1_0."id"=c1_0."user_id" 
    where
        as1_0."id"=?
Hibernate: 
    select
        as1_0."id",
        as1_0."last_seen",
        as1_0."session_id",
        u1_0."id",
        u1_0."created_at",
        u1_0."email",
        u1_0."name",
        u1_0."number",
        u1_0."password",
        u1_0."role",
        u1_0."seller_approved",
        sp1_0."id",
        sp1_0."bio",
        sp1_0."business_name",
        sp1_0."created_at",
        sp1_0."logo_url",
        sp1_0."status",
        sp1_0."user_id",
        c1_0."user_id",
        c1_0."id",
        c1_0."product_id",
        c1_0."qty" 
    from
        "active_sessions" as1_0 
    left join
        "users" u1_0 
            on u1_0."id"=as1_0."user_id" 
    left join
        "seller_profiles" sp1_0 
            on u1_0."id"=sp1_0."user_id" 
    left join
        "cart_items" c1_0 
            on u1_0."id"=c1_0."user_id" 
    where
        as1_0."id"=?
Hibernate: 
    select
        as1_0."id",
        as1_0."last_seen",
        as1_0."session_id",
        u1_0."id",
        u1_0."created_at",
        u1_0."email",
        u1_0."name",
        u1_0."number",
        u1_0."password",
        u1_0."role",
        u1_0."seller_approved",
        sp1_0."id",
        sp1_0."bio",
        sp1_0."business_name",
        sp1_0."created_at",
        sp1_0."logo_url",
        sp1_0."status",
        sp1_0."user_id",
        c1_0."user_id",
        c1_0."id",
        c1_0."product_id",
        c1_0."qty" 
    from
        "active_sessions" as1_0 
    left join
        "users" u1_0 
            on u1_0."id"=as1_0."user_id" 
    left join
        "seller_profiles" sp1_0 
            on u1_0."id"=sp1_0."user_id" 
    left join
        "cart_items" c1_0 
            on u1_0."id"=c1_0."user_id" 
    where
        as1_0."id"=?
2026-06-01T01:35:07.703+05:30 DEBUG 19928 --- [io-8081-exec-10] org.hibernate.SQL                        : 
    select
        t1_0."user_id",
        t1_0."id",
        t1_0."token" 
    from
        "user_tokens" t1_0 
    where
        t1_0."user_id"=?
2026-06-01T01:35:07.703+05:30 DEBUG 19928 --- [nio-8081-exec-9] org.hibernate.SQL                        : 
    select
        t1_0."user_id",
        t1_0."id",
        t1_0."token" 
    from
        "user_tokens" t1_0 
    where
        t1_0."user_id"=?
Hibernate: 
    select
        t1_0."user_id",
        t1_0."id",
        t1_0."token" 
    from
        "user_tokens" t1_0 
    where
        t1_0."user_id"=?
Hibernate: 
    select
        t1_0."user_id",
        t1_0."id",
        t1_0."token" 
    from
        "user_tokens" t1_0 
    where
        t1_0."user_id"=?
2026-06-01T01:35:08.025+05:30 DEBUG 19928 --- [nio-8081-exec-9] org.hibernate.SQL                        : 
    select
        sr1_0."requester_id",
        sr1_0."id",
        sr1_0."created_at",
        sr1_0."message",
        sr1_0."status" 
    from
        "seller_requests" sr1_0 
    where
        sr1_0."requester_id"=?
2026-06-01T01:35:08.025+05:30 DEBUG 19928 --- [io-8081-exec-10] org.hibernate.SQL                        : 
    select
        sr1_0."requester_id",
        sr1_0."id",
        sr1_0."created_at",
        sr1_0."message",
        sr1_0."status" 
    from
        "seller_requests" sr1_0 
    where
        sr1_0."requester_id"=?
Hibernate: 
    select
        sr1_0."requester_id",
        sr1_0."id",
        sr1_0."created_at",
        sr1_0."message",
        sr1_0."status" 
    from
        "seller_requests" sr1_0 
    where
        sr1_0."requester_id"=?
Hibernate: 
    select
        sr1_0."requester_id",
        sr1_0."id",
        sr1_0."created_at",
        sr1_0."message",
        sr1_0."status" 
    from
        "seller_requests" sr1_0 
    where
        sr1_0."requester_id"=?
2026-06-01T01:35:08.350+05:30 DEBUG 19928 --- [io-8081-exec-10] org.hibernate.SQL                        : 
    select
        o1_0."user_id",
        o1_0."id",
        o1_0."amount",
        o1_0."date_ordered",
        o1_0."is_paid",
        o1_0."razorpay_order_id",
        o1_0."razorpay_payment_id",
        o1_0."razorpay_signature" 
    from
        "orders" o1_0 
    where
        o1_0."user_id"=?
Hibernate: 
    select
        o1_0."user_id",
        o1_0."id",
        o1_0."amount",
        o1_0."date_ordered",
        o1_0."is_paid",
        o1_0."razorpay_order_id",
        o1_0."razorpay_payment_id",
        o1_0."razorpay_signature" 
    from
        "orders" o1_0 
    where
        o1_0."user_id"=?
2026-06-01T01:35:08.350+05:30 DEBUG 19928 --- [nio-8081-exec-9] org.hibernate.SQL                        : 
    select
        o1_0."user_id",
        o1_0."id",
        o1_0."amount",
        o1_0."date_ordered",
        o1_0."is_paid",
        o1_0."razorpay_order_id",
        o1_0."razorpay_payment_id",
        o1_0."razorpay_signature" 
    from
        "orders" o1_0 
    where
        o1_0."user_id"=?
Hibernate: 
    select
        o1_0."user_id",
        o1_0."id",
        o1_0."amount",
        o1_0."date_ordered",
        o1_0."is_paid",
        o1_0."razorpay_order_id",
        o1_0."razorpay_payment_id",
        o1_0."razorpay_signature" 
    from
        "orders" o1_0 
    where
        o1_0."user_id"=?
2026-06-01T01:35:08.599+05:30 DEBUG 19928 --- [io-8081-exec-10] org.hibernate.SQL                        : 
    update
        "active_sessions" 
    set
        "last_seen"=?,
        "session_id"=?,
        "user_id"=? 
    where
        "id"=?
2026-06-01T01:35:08.599+05:30 DEBUG 19928 --- [nio-8081-exec-9] org.hibernate.SQL                        : 
    update
        "active_sessions" 
    set
        "last_seen"=?,
        "session_id"=?,
        "user_id"=? 
    where
        "id"=?
Hibernate: 
    update
        "active_sessions" 
    set
        "last_seen"=?,
        "session_id"=?,
        "user_id"=? 
    where
        "id"=?
Hibernate: 
    update
        "active_sessions" 
    set
        "last_seen"=?,
        "session_id"=?,
        "user_id"=? 
    where
        "id"=?
2026-06-01T01:35:09.145+05:30 DEBUG 19928 --- [nio-8081-exec-9] o.s.s.w.access.AccessDeniedHandlerImpl   : Responding with 403 status code
2026-06-01T01:35:09.147+05:30 DEBUG 19928 --- [nio-8081-exec-9] o.s.security.web.FilterChainProxy        : Securing GET /error
2026-06-01T01:35:09.151+05:30 DEBUG 19928 --- [nio-8081-exec-9] o.s.s.w.a.AnonymousAuthenticationFilter  : Set SecurityContextHolder to anonymous SecurityContext
2026-06-01T01:35:09.151+05:30 DEBUG 19928 --- [nio-8081-exec-9] o.s.s.w.a.Http403ForbiddenEntryPoint     : Pre-authenticated entry point called. Rejecting access
2026-06-01T01:35:09.387+05:30 DEBUG 19928 --- [io-8081-exec-10] o.s.s.w.access.AccessDeniedHandlerImpl   : Responding with 403 status code
2026-06-01T01:35:09.397+05:30 DEBUG 19928 --- [io-8081-exec-10] o.s.security.web.FilterChainProxy        : Securing GET /error
2026-06-01T01:35:09.401+05:30 DEBUG 19928 --- [io-8081-exec-10] o.s.s.w.a.AnonymousAuthenticationFilter  : Set SecurityContextHolder to anonymous SecurityContext
2026-06-01T01:35:09.402+05:30 DEBUG 19928 --- [io-8081-exec-10] o.s.s.w.a.Http403ForbiddenEntryPoint     : Pre-authenticated entry point called. Rejecting access
2026-06-01T01:35:10.497+05:30 DEBUG 19928 --- [nio-8081-exec-4] o.s.security.web.FilterChainProxy        : Securing OPTIONS /api/seller/me/orders
2026-06-01T01:35:10.498+05:30 DEBUG 19928 --- [nio-8081-exec-2] o.s.security.web.FilterChainProxy        : Securing OPTIONS /api/seller/me/orders
2026-06-01T01:35:10.510+05:30 DEBUG 19928 --- [nio-8081-exec-6] o.s.security.web.FilterChainProxy        : Securing GET /api/seller/me/orders
2026-06-01T01:35:10.511+05:30 DEBUG 19928 --- [nio-8081-exec-5] o.s.security.web.FilterChainProxy        : Securing GET /api/seller/me/orders
2026-06-01T01:35:10.518+05:30 DEBUG 19928 --- [nio-8081-exec-6] org.hibernate.SQL                        : 
    select
        ut1_0."id",
        ut1_0."token",
        ut1_0."user_id" 
    from
        "user_tokens" ut1_0 
    where
        ut1_0."token"=?
2026-06-01T01:35:10.518+05:30 DEBUG 19928 --- [nio-8081-exec-5] org.hibernate.SQL                        : 
    select
        ut1_0."id",
        ut1_0."token",
        ut1_0."user_id" 
    from
        "user_tokens" ut1_0 
    where
        ut1_0."token"=?
Hibernate: 
    select
        ut1_0."id",
        ut1_0."token",
        ut1_0."user_id" 
    from
        "user_tokens" ut1_0 
    where
        ut1_0."token"=?
Hibernate: 
    select
        ut1_0."id",
        ut1_0."token",
        ut1_0."user_id" 
    from
        "user_tokens" ut1_0 
    where
        ut1_0."token"=?
2026-06-01T01:35:11.144+05:30 DEBUG 19928 --- [nio-8081-exec-5] org.hibernate.SQL                        : 
    select
        u1_0."id",
        u1_0."created_at",
        u1_0."email",
        u1_0."name",
        u1_0."number",
        u1_0."password",
        u1_0."role",
        u1_0."seller_approved" 
    from
        "users" u1_0 
    where
        u1_0."id"=?
Hibernate: 
    select
        u1_0."id",
        u1_0."created_at",
        u1_0."email",
        u1_0."name",
        u1_0."number",
        u1_0."password",
        u1_0."role",
        u1_0."seller_approved" 
    from
        "users" u1_0 
    where
        u1_0."id"=?
2026-06-01T01:35:11.149+05:30 DEBUG 19928 --- [nio-8081-exec-6] org.hibernate.SQL                        : 
    select
        u1_0."id",
        u1_0."created_at",
        u1_0."email",
        u1_0."name",
        u1_0."number",
        u1_0."password",
        u1_0."role",
        u1_0."seller_approved" 
    from
        "users" u1_0 
    where
        u1_0."id"=?
Hibernate: 
    select
        u1_0."id",
        u1_0."created_at",
        u1_0."email",
        u1_0."name",
        u1_0."number",
        u1_0."password",
        u1_0."role",
        u1_0."seller_approved" 
    from
        "users" u1_0 
    where
        u1_0."id"=?
2026-06-01T01:35:11.551+05:30 DEBUG 19928 --- [nio-8081-exec-6] org.hibernate.SQL                        : 
    select
        sp1_0."id",
        sp1_0."bio",
        sp1_0."business_name",
        sp1_0."created_at",
        sp1_0."logo_url",
        sp1_0."status",
        sp1_0."user_id",
        u1_0."id",
        u1_0."created_at",
        u1_0."email",
        u1_0."name",
        u1_0."number",
        u1_0."password",
        u1_0."role",
        u1_0."seller_approved" 
    from
        "seller_profiles" sp1_0 
    join
        "users" u1_0 
            on u1_0."id"=sp1_0."user_id" 
    where
        sp1_0."user_id"=?
2026-06-01T01:35:11.551+05:30 DEBUG 19928 --- [nio-8081-exec-5] org.hibernate.SQL                        : 
    select
        sp1_0."id",
        sp1_0."bio",
        sp1_0."business_name",
        sp1_0."created_at",
        sp1_0."logo_url",
        sp1_0."status",
        sp1_0."user_id",
        u1_0."id",
        u1_0."created_at",
        u1_0."email",
        u1_0."name",
        u1_0."number",
        u1_0."password",
        u1_0."role",
        u1_0."seller_approved" 
    from
        "seller_profiles" sp1_0 
    join
        "users" u1_0 
            on u1_0."id"=sp1_0."user_id" 
    where
        sp1_0."user_id"=?
Hibernate: 
    select
        sp1_0."id",
        sp1_0."bio",
        sp1_0."business_name",
        sp1_0."created_at",
        sp1_0."logo_url",
        sp1_0."status",
        sp1_0."user_id",
        u1_0."id",
        u1_0."created_at",
        u1_0."email",
        u1_0."name",
        u1_0."number",
        u1_0."password",
        u1_0."role",
        u1_0."seller_approved" 
    from
        "seller_profiles" sp1_0 
    join
        "users" u1_0 
            on u1_0."id"=sp1_0."user_id" 
    where
        sp1_0."user_id"=?
Hibernate: 
    select
        sp1_0."id",
        sp1_0."bio",
        sp1_0."business_name",
        sp1_0."created_at",
        sp1_0."logo_url",
        sp1_0."status",
        sp1_0."user_id",
        u1_0."id",
        u1_0."created_at",
        u1_0."email",
        u1_0."name",
        u1_0."number",
        u1_0."password",
        u1_0."role",
        u1_0."seller_approved" 
    from
        "seller_profiles" sp1_0 
    join
        "users" u1_0 
            on u1_0."id"=sp1_0."user_id" 
    where
        sp1_0."user_id"=?
2026-06-01T01:35:12.185+05:30 DEBUG 19928 --- [nio-8081-exec-5] org.hibernate.SQL                        : 
    select
        as1_0."id",
        as1_0."last_seen",
        as1_0."session_id",
        as1_0."user_id" 
    from
        "active_sessions" as1_0 
    where
        as1_0."session_id"=?
2026-06-01T01:35:12.185+05:30 DEBUG 19928 --- [nio-8081-exec-6] org.hibernate.SQL                        : 
    select
        as1_0."id",
        as1_0."last_seen",
        as1_0."session_id",
        as1_0."user_id" 
    from
        "active_sessions" as1_0 
    where
        as1_0."session_id"=?
Hibernate: 
    select
        as1_0."id",
        as1_0."last_seen",
        as1_0."session_id",
        as1_0."user_id" 
    from
        "active_sessions" as1_0 
    where
        as1_0."session_id"=?
Hibernate: 
    select
        as1_0."id",
        as1_0."last_seen",
        as1_0."session_id",
        as1_0."user_id" 
    from
        "active_sessions" as1_0 
    where
        as1_0."session_id"=?
2026-06-01T01:35:12.198+05:30 DEBUG 19928 --- [nio-8081-exec-1] o.s.security.web.FilterChainProxy        : Securing OPTIONS /api/seller/me/profile
2026-06-01T01:35:12.201+05:30 DEBUG 19928 --- [nio-8081-exec-3] o.s.security.web.FilterChainProxy        : Securing OPTIONS /api/seller/me/profile
2026-06-01T01:35:12.208+05:30 DEBUG 19928 --- [nio-8081-exec-7] o.s.security.web.FilterChainProxy        : Securing GET /api/seller/me/profile
2026-06-01T01:35:12.215+05:30 DEBUG 19928 --- [nio-8081-exec-8] o.s.security.web.FilterChainProxy        : Securing GET /api/seller/me/profile
2026-06-01T01:35:12.223+05:30 DEBUG 19928 --- [nio-8081-exec-7] org.hibernate.SQL                        : 
    select
        ut1_0."id",
        ut1_0."token",
        ut1_0."user_id" 
    from
        "user_tokens" ut1_0 
    where
        ut1_0."token"=?
Hibernate: 
    select
        ut1_0."id",
        ut1_0."token",
        ut1_0."user_id" 
    from
        "user_tokens" ut1_0 
    where
        ut1_0."token"=?
2026-06-01T01:35:12.225+05:30 DEBUG 19928 --- [nio-8081-exec-8] org.hibernate.SQL                        : 
    select
        ut1_0."id",
        ut1_0."token",
        ut1_0."user_id" 
    from
        "user_tokens" ut1_0 
    where
        ut1_0."token"=?
Hibernate: 
    select
        ut1_0."id",
        ut1_0."token",
        ut1_0."user_id" 
    from
        "user_tokens" ut1_0 
    where
        ut1_0."token"=?
2026-06-01T01:35:12.433+05:30 DEBUG 19928 --- [nio-8081-exec-5] org.hibernate.SQL                        : 
    select
        u1_0."id",
        u1_0."created_at",
        u1_0."email",
        u1_0."name",
        u1_0."number",
        u1_0."password",
        u1_0."role",
        u1_0."seller_approved" 
    from
        "users" u1_0 
    where
        u1_0."id"=?
Hibernate: 
    select
        u1_0."id",
        u1_0."created_at",
        u1_0."email",
        u1_0."name",
        u1_0."number",
        u1_0."password",
        u1_0."role",
        u1_0."seller_approved" 
    from
        "users" u1_0 
    where
        u1_0."id"=?
2026-06-01T01:35:12.437+05:30 DEBUG 19928 --- [nio-8081-exec-6] org.hibernate.SQL                        : 
    select
        u1_0."id",
        u1_0."created_at",
        u1_0."email",
        u1_0."name",
        u1_0."number",
        u1_0."password",
        u1_0."role",
        u1_0."seller_approved" 
    from
        "users" u1_0 
    where
        u1_0."id"=?
Hibernate: 
    select
        u1_0."id",
        u1_0."created_at",
        u1_0."email",
        u1_0."name",
        u1_0."number",
        u1_0."password",
        u1_0."role",
        u1_0."seller_approved" 
    from
        "users" u1_0 
    where
        u1_0."id"=?
2026-06-01T01:35:12.823+05:30 DEBUG 19928 --- [nio-8081-exec-8] org.hibernate.SQL                        : 
    select
        u1_0."id",
        u1_0."created_at",
        u1_0."email",
        u1_0."name",
        u1_0."number",
        u1_0."password",
        u1_0."role",
        u1_0."seller_approved" 
    from
        "users" u1_0 
    where
        u1_0."id"=?
2026-06-01T01:35:12.823+05:30 DEBUG 19928 --- [nio-8081-exec-7] org.hibernate.SQL                        : 
    select
        u1_0."id",
        u1_0."created_at",
        u1_0."email",
        u1_0."name",
        u1_0."number",
        u1_0."password",
        u1_0."role",
        u1_0."seller_approved" 
    from
        "users" u1_0 
    where
        u1_0."id"=?
Hibernate: 
    select
        u1_0."id",
        u1_0."created_at",
        u1_0."email",
        u1_0."name",
        u1_0."number",
        u1_0."password",
        u1_0."role",
        u1_0."seller_approved" 
    from
        "users" u1_0 
    where
        u1_0."id"=?
Hibernate: 
    select
        u1_0."id",
        u1_0."created_at",
        u1_0."email",
        u1_0."name",
        u1_0."number",
        u1_0."password",
        u1_0."role",
        u1_0."seller_approved" 
    from
        "users" u1_0 
    where
        u1_0."id"=?
2026-06-01T01:35:12.823+05:30 DEBUG 19928 --- [nio-8081-exec-6] org.hibernate.SQL                        : 
    select
        sp1_0."id",
        sp1_0."bio",
        sp1_0."business_name",
        sp1_0."created_at",
        sp1_0."logo_url",
        sp1_0."status",
        sp1_0."user_id",
        u1_0."id",
        u1_0."created_at",
        u1_0."email",
        u1_0."name",
        u1_0."number",
        u1_0."password",
        u1_0."role",
        u1_0."seller_approved" 
    from
        "seller_profiles" sp1_0 
    join
        "users" u1_0 
            on u1_0."id"=sp1_0."user_id" 
    where
        sp1_0."user_id"=?
Hibernate: 
    select
        sp1_0."id",
        sp1_0."bio",
        sp1_0."business_name",
        sp1_0."created_at",
        sp1_0."logo_url",
        sp1_0."status",
        sp1_0."user_id",
        u1_0."id",
        u1_0."created_at",
        u1_0."email",
        u1_0."name",
        u1_0."number",
        u1_0."password",
        u1_0."role",
        u1_0."seller_approved" 
    from
        "seller_profiles" sp1_0 
    join
        "users" u1_0 
            on u1_0."id"=sp1_0."user_id" 
    where
        sp1_0."user_id"=?
2026-06-01T01:35:12.823+05:30 DEBUG 19928 --- [nio-8081-exec-5] org.hibernate.SQL                        : 
    select
        sp1_0."id",
        sp1_0."bio",
        sp1_0."business_name",
        sp1_0."created_at",
        sp1_0."logo_url",
        sp1_0."status",
        sp1_0."user_id",
        u1_0."id",
        u1_0."created_at",
        u1_0."email",
        u1_0."name",
        u1_0."number",
        u1_0."password",
        u1_0."role",
        u1_0."seller_approved" 
    from
        "seller_profiles" sp1_0 
    join
        "users" u1_0 
            on u1_0."id"=sp1_0."user_id" 
    where
        sp1_0."user_id"=?
Hibernate: 
    select
        sp1_0."id",
        sp1_0."bio",
        sp1_0."business_name",
        sp1_0."created_at",
        sp1_0."logo_url",
        sp1_0."status",
        sp1_0."user_id",
        u1_0."id",
        u1_0."created_at",
        u1_0."email",
        u1_0."name",
        u1_0."number",
        u1_0."password",
        u1_0."role",
        u1_0."seller_approved" 
    from
        "seller_profiles" sp1_0 
    join
        "users" u1_0 
            on u1_0."id"=sp1_0."user_id" 
    where
        sp1_0."user_id"=?
2026-06-01T01:35:13.146+05:30 DEBUG 19928 --- [nio-8081-exec-8] org.hibernate.SQL                        : 
    select
        sp1_0."id",
        sp1_0."bio",
        sp1_0."business_name",
        sp1_0."created_at",
        sp1_0."logo_url",
        sp1_0."status",
        sp1_0."user_id",
        u1_0."id",
        u1_0."created_at",
        u1_0."email",
        u1_0."name",
        u1_0."number",
        u1_0."password",
        u1_0."role",
        u1_0."seller_approved" 
    from
        "seller_profiles" sp1_0 
    join
        "users" u1_0 
            on u1_0."id"=sp1_0."user_id" 
    where
        sp1_0."user_id"=?
2026-06-01T01:35:13.146+05:30 DEBUG 19928 --- [nio-8081-exec-7] org.hibernate.SQL                        : 
    select
        sp1_0."id",
        sp1_0."bio",
        sp1_0."business_name",
        sp1_0."created_at",
        sp1_0."logo_url",
        sp1_0."status",
        sp1_0."user_id",
        u1_0."id",
        u1_0."created_at",
        u1_0."email",
        u1_0."name",
        u1_0."number",
        u1_0."password",
        u1_0."role",
        u1_0."seller_approved" 
    from
        "seller_profiles" sp1_0 
    join
        "users" u1_0 
            on u1_0."id"=sp1_0."user_id" 
    where
        sp1_0."user_id"=?
Hibernate: 
    select
        sp1_0."id",
        sp1_0."bio",
        sp1_0."business_name",
        sp1_0."created_at",
        sp1_0."logo_url",
        sp1_0."status",
        sp1_0."user_id",
        u1_0."id",
        u1_0."created_at",
        u1_0."email",
        u1_0."name",
        u1_0."number",
        u1_0."password",
        u1_0."role",
        u1_0."seller_approved" 
    from
        "seller_profiles" sp1_0 
    join
        "users" u1_0 
            on u1_0."id"=sp1_0."user_id" 
    where
        sp1_0."user_id"=?
Hibernate: 
    select
        sp1_0."id",
        sp1_0."bio",
        sp1_0."business_name",
        sp1_0."created_at",
        sp1_0."logo_url",
        sp1_0."status",
        sp1_0."user_id",
        u1_0."id",
        u1_0."created_at",
        u1_0."email",
        u1_0."name",
        u1_0."number",
        u1_0."password",
        u1_0."role",
        u1_0."seller_approved" 
    from
        "seller_profiles" sp1_0 
    join
        "users" u1_0 
            on u1_0."id"=sp1_0."user_id" 
    where
        sp1_0."user_id"=?
2026-06-01T01:35:13.147+05:30 DEBUG 19928 --- [nio-8081-exec-5] org.hibernate.SQL                        : 
    select
        as1_0."id",
        as1_0."last_seen",
        as1_0."session_id",
        u1_0."id",
        u1_0."created_at",
        u1_0."email",
        u1_0."name",
        u1_0."number",
        u1_0."password",
        u1_0."role",
        u1_0."seller_approved",
        sp1_0."id",
        sp1_0."bio",
        sp1_0."business_name",
        sp1_0."created_at",
        sp1_0."logo_url",
        sp1_0."status",
        sp1_0."user_id",
        c1_0."user_id",
        c1_0."id",
        c1_0."product_id",
        c1_0."qty" 
    from
        "active_sessions" as1_0 
    left join
        "users" u1_0 
            on u1_0."id"=as1_0."user_id" 
    left join
        "seller_profiles" sp1_0 
            on u1_0."id"=sp1_0."user_id" 
    left join
        "cart_items" c1_0 
            on u1_0."id"=c1_0."user_id" 
    where
        as1_0."id"=?
Hibernate: 
    select
        as1_0."id",
        as1_0."last_seen",
        as1_0."session_id",
        u1_0."id",
        u1_0."created_at",
        u1_0."email",
        u1_0."name",
        u1_0."number",
        u1_0."password",
        u1_0."role",
        u1_0."seller_approved",
        sp1_0."id",
        sp1_0."bio",
        sp1_0."business_name",
        sp1_0."created_at",
        sp1_0."logo_url",
        sp1_0."status",
        sp1_0."user_id",
        c1_0."user_id",
        c1_0."id",
        c1_0."product_id",
        c1_0."qty" 
    from
        "active_sessions" as1_0 
    left join
        "users" u1_0 
            on u1_0."id"=as1_0."user_id" 
    left join
        "seller_profiles" sp1_0 
            on u1_0."id"=sp1_0."user_id" 
    left join
        "cart_items" c1_0 
            on u1_0."id"=c1_0."user_id" 
    where
        as1_0."id"=?
2026-06-01T01:35:13.147+05:30 DEBUG 19928 --- [nio-8081-exec-6] org.hibernate.SQL                        : 
    select
        as1_0."id",
        as1_0."last_seen",
        as1_0."session_id",
        u1_0."id",
        u1_0."created_at",
        u1_0."email",
        u1_0."name",
        u1_0."number",
        u1_0."password",
        u1_0."role",
        u1_0."seller_approved",
        sp1_0."id",
        sp1_0."bio",
        sp1_0."business_name",
        sp1_0."created_at",
        sp1_0."logo_url",
        sp1_0."status",
        sp1_0."user_id",
        c1_0."user_id",
        c1_0."id",
        c1_0."product_id",
        c1_0."qty" 
    from
        "active_sessions" as1_0 
    left join
        "users" u1_0 
            on u1_0."id"=as1_0."user_id" 
    left join
        "seller_profiles" sp1_0 
            on u1_0."id"=sp1_0."user_id" 
    left join
        "cart_items" c1_0 
            on u1_0."id"=c1_0."user_id" 
    where
        as1_0."id"=?
Hibernate: 
    select
        as1_0."id",
        as1_0."last_seen",
        as1_0."session_id",
        u1_0."id",
        u1_0."created_at",
        u1_0."email",
        u1_0."name",
        u1_0."number",
        u1_0."password",
        u1_0."role",
        u1_0."seller_approved",
        sp1_0."id",
        sp1_0."bio",
        sp1_0."business_name",
        sp1_0."created_at",
        sp1_0."logo_url",
        sp1_0."status",
        sp1_0."user_id",
        c1_0."user_id",
        c1_0."id",
        c1_0."product_id",
        c1_0."qty" 
    from
        "active_sessions" as1_0 
    left join
        "users" u1_0 
            on u1_0."id"=as1_0."user_id" 
    left join
        "seller_profiles" sp1_0 
            on u1_0."id"=sp1_0."user_id" 
    left join
        "cart_items" c1_0 
            on u1_0."id"=c1_0."user_id" 
    where
        as1_0."id"=?
2026-06-01T01:35:13.470+05:30 DEBUG 19928 --- [nio-8081-exec-6] org.hibernate.SQL                        : 
    select
        t1_0."user_id",
        t1_0."id",
        t1_0."token" 
    from
        "user_tokens" t1_0 
    where
        t1_0."user_id"=?
2026-06-01T01:35:13.470+05:30 DEBUG 19928 --- [nio-8081-exec-5] org.hibernate.SQL                        : 
    select
        t1_0."user_id",
        t1_0."id",
        t1_0."token" 
    from
        "user_tokens" t1_0 
    where
        t1_0."user_id"=?
Hibernate: 
    select
        t1_0."user_id",
        t1_0."id",
        t1_0."token" 
    from
        "user_tokens" t1_0 
    where
        t1_0."user_id"=?
Hibernate: 
    select
        t1_0."user_id",
        t1_0."id",
        t1_0."token" 
    from
        "user_tokens" t1_0 
    where
        t1_0."user_id"=?
2026-06-01T01:35:13.715+05:30 DEBUG 19928 --- [nio-8081-exec-8] org.hibernate.SQL                        : 
    select
        as1_0."id",
        as1_0."last_seen",
        as1_0."session_id",
        as1_0."user_id" 
    from
        "active_sessions" as1_0 
    where
        as1_0."session_id"=?
Hibernate: 
    select
        as1_0."id",
        as1_0."last_seen",
        as1_0."session_id",
        as1_0."user_id" 
    from
        "active_sessions" as1_0 
    where
        as1_0."session_id"=?
2026-06-01T01:35:13.730+05:30 DEBUG 19928 --- [nio-8081-exec-7] org.hibernate.SQL                        : 
    select
        as1_0."id",
        as1_0."last_seen",
        as1_0."session_id",
        as1_0."user_id" 
    from
        "active_sessions" as1_0 
    where
        as1_0."session_id"=?
Hibernate: 
    select
        as1_0."id",
        as1_0."last_seen",
        as1_0."session_id",
        as1_0."user_id" 
    from
        "active_sessions" as1_0 
    where
        as1_0."session_id"=?
2026-06-01T01:35:13.732+05:30 DEBUG 19928 --- [nio-8081-exec-5] org.hibernate.SQL                        : 
    select
        sr1_0."requester_id",
        sr1_0."id",
        sr1_0."created_at",
        sr1_0."message",
        sr1_0."status" 
    from
        "seller_requests" sr1_0 
    where
        sr1_0."requester_id"=?
Hibernate: 
    select
        sr1_0."requester_id",
        sr1_0."id",
        sr1_0."created_at",
        sr1_0."message",
        sr1_0."status" 
    from
        "seller_requests" sr1_0 
    where
        sr1_0."requester_id"=?
2026-06-01T01:35:13.739+05:30 DEBUG 19928 --- [nio-8081-exec-6] org.hibernate.SQL                        : 
    select
        sr1_0."requester_id",
        sr1_0."id",
        sr1_0."created_at",
        sr1_0."message",
        sr1_0."status" 
    from
        "seller_requests" sr1_0 
    where
        sr1_0."requester_id"=?
Hibernate: 
    select
        sr1_0."requester_id",
        sr1_0."id",
        sr1_0."created_at",
        sr1_0."message",
        sr1_0."status" 
    from
        "seller_requests" sr1_0 
    where
        sr1_0."requester_id"=?
2026-06-01T01:35:14.111+05:30 DEBUG 19928 --- [nio-8081-exec-7] org.hibernate.SQL                        : 
    select
        u1_0."id",
        u1_0."created_at",
        u1_0."email",
        u1_0."name",
        u1_0."number",
        u1_0."password",
        u1_0."role",
        u1_0."seller_approved" 
    from
        "users" u1_0 
    where
        u1_0."id"=?
2026-06-01T01:35:14.111+05:30 DEBUG 19928 --- [nio-8081-exec-5] org.hibernate.SQL                        : 
    select
        o1_0."user_id",
        o1_0."id",
        o1_0."amount",
        o1_0."date_ordered",
        o1_0."is_paid",
        o1_0."razorpay_order_id",
        o1_0."razorpay_payment_id",
        o1_0."razorpay_signature" 
    from
        "orders" o1_0 
    where
        o1_0."user_id"=?
Hibernate: 
    select
        u1_0."id",
        u1_0."created_at",
        u1_0."email",
        u1_0."name",
        u1_0."number",
        u1_0."password",
        u1_0."role",
        u1_0."seller_approved" 
    from
        "users" u1_0 
    where
        u1_0."id"=?
Hibernate: 
    select
        o1_0."user_id",
        o1_0."id",
        o1_0."amount",
        o1_0."date_ordered",
        o1_0."is_paid",
        o1_0."razorpay_order_id",
        o1_0."razorpay_payment_id",
        o1_0."razorpay_signature" 
    from
        "orders" o1_0 
    where
        o1_0."user_id"=?
2026-06-01T01:35:14.111+05:30 DEBUG 19928 --- [nio-8081-exec-8] org.hibernate.SQL                        : 
    select
        u1_0."id",
        u1_0."created_at",
        u1_0."email",
        u1_0."name",
        u1_0."number",
        u1_0."password",
        u1_0."role",
        u1_0."seller_approved" 
    from
        "users" u1_0 
    where
        u1_0."id"=?
Hibernate: 
    select
        u1_0."id",
        u1_0."created_at",
        u1_0."email",
        u1_0."name",
        u1_0."number",
        u1_0."password",
        u1_0."role",
        u1_0."seller_approved" 
    from
        "users" u1_0 
    where
        u1_0."id"=?
2026-06-01T01:35:14.111+05:30 DEBUG 19928 --- [nio-8081-exec-6] org.hibernate.SQL                        : 
    select
        o1_0."user_id",
        o1_0."id",
        o1_0."amount",
        o1_0."date_ordered",
        o1_0."is_paid",
        o1_0."razorpay_order_id",
        o1_0."razorpay_payment_id",
        o1_0."razorpay_signature" 
    from
        "orders" o1_0 
    where
        o1_0."user_id"=?
Hibernate: 
    select
        o1_0."user_id",
        o1_0."id",
        o1_0."amount",
        o1_0."date_ordered",
        o1_0."is_paid",
        o1_0."razorpay_order_id",
        o1_0."razorpay_payment_id",
        o1_0."razorpay_signature" 
    from
        "orders" o1_0 
    where
        o1_0."user_id"=?
2026-06-01T01:35:14.430+05:30 DEBUG 19928 --- [nio-8081-exec-7] org.hibernate.SQL                        : 
    select
        sp1_0."id",
        sp1_0."bio",
        sp1_0."business_name",
        sp1_0."created_at",
        sp1_0."logo_url",
        sp1_0."status",
        sp1_0."user_id",
        u1_0."id",
        u1_0."created_at",
        u1_0."email",
        u1_0."name",
        u1_0."number",
        u1_0."password",
        u1_0."role",
        u1_0."seller_approved" 
    from
        "seller_profiles" sp1_0 
    join
        "users" u1_0 
            on u1_0."id"=sp1_0."user_id" 
    where
        sp1_0."user_id"=?
2026-06-01T01:35:14.430+05:30 DEBUG 19928 --- [nio-8081-exec-5] org.hibernate.SQL                        : 
    update
        "active_sessions" 
    set
        "last_seen"=?,
        "session_id"=?,
        "user_id"=? 
    where
        "id"=?
Hibernate: 
    select
        sp1_0."id",
        sp1_0."bio",
        sp1_0."business_name",
        sp1_0."created_at",
        sp1_0."logo_url",
        sp1_0."status",
        sp1_0."user_id",
        u1_0."id",
        u1_0."created_at",
        u1_0."email",
        u1_0."name",
        u1_0."number",
        u1_0."password",
        u1_0."role",
        u1_0."seller_approved" 
    from
        "seller_profiles" sp1_0 
    join
        "users" u1_0 
            on u1_0."id"=sp1_0."user_id" 
    where
        sp1_0."user_id"=?
Hibernate: 
    update
        "active_sessions" 
    set
        "last_seen"=?,
        "session_id"=?,
        "user_id"=? 
    where
        "id"=?
2026-06-01T01:35:14.432+05:30 DEBUG 19928 --- [nio-8081-exec-6] org.hibernate.SQL                        : 
    update
        "active_sessions" 
    set
        "last_seen"=?,
        "session_id"=?,
        "user_id"=? 
    where
        "id"=?
Hibernate: 
    update
        "active_sessions" 
    set
        "last_seen"=?,
        "session_id"=?,
        "user_id"=? 
    where
        "id"=?
2026-06-01T01:35:14.432+05:30 DEBUG 19928 --- [nio-8081-exec-8] org.hibernate.SQL                        : 
    select
        sp1_0."id",
        sp1_0."bio",
        sp1_0."business_name",
        sp1_0."created_at",
        sp1_0."logo_url",
        sp1_0."status",
        sp1_0."user_id",
        u1_0."id",
        u1_0."created_at",
        u1_0."email",
        u1_0."name",
        u1_0."number",
        u1_0."password",
        u1_0."role",
        u1_0."seller_approved" 
    from
        "seller_profiles" sp1_0 
    join
        "users" u1_0 
            on u1_0."id"=sp1_0."user_id" 
    where
        sp1_0."user_id"=?
Hibernate: 
    select
        sp1_0."id",
        sp1_0."bio",
        sp1_0."business_name",
        sp1_0."created_at",
        sp1_0."logo_url",
        sp1_0."status",
        sp1_0."user_id",
        u1_0."id",
        u1_0."created_at",
        u1_0."email",
        u1_0."name",
        u1_0."number",
        u1_0."password",
        u1_0."role",
        u1_0."seller_approved" 
    from
        "seller_profiles" sp1_0 
    join
        "users" u1_0 
            on u1_0."id"=sp1_0."user_id" 
    where
        sp1_0."user_id"=?
2026-06-01T01:35:14.483+05:30 DEBUG 19928 --- [nio-8081-exec-9] o.s.security.web.FilterChainProxy        : Securing OPTIONS /api/seller/me/products
2026-06-01T01:35:14.488+05:30 DEBUG 19928 --- [io-8081-exec-10] o.s.security.web.FilterChainProxy        : Securing OPTIONS /api/seller/me/orders
2026-06-01T01:35:14.491+05:30 DEBUG 19928 --- [nio-8081-exec-2] o.s.security.web.FilterChainProxy        : Securing OPTIONS /api/seller/me/profile
2026-06-01T01:35:14.496+05:30 DEBUG 19928 --- [nio-8081-exec-4] o.s.security.web.FilterChainProxy        : Securing OPTIONS /api/seller/me/products
2026-06-01T01:35:14.496+05:30 DEBUG 19928 --- [nio-8081-exec-1] o.s.security.web.FilterChainProxy        : Securing OPTIONS /api/seller/me/orders
2026-06-01T01:35:14.496+05:30 DEBUG 19928 --- [nio-8081-exec-3] o.s.security.web.FilterChainProxy        : Securing OPTIONS /api/seller/me/profile
2026-06-01T01:35:14.499+05:30 DEBUG 19928 --- [nio-8081-exec-9] o.s.security.web.FilterChainProxy        : Securing GET /api/seller/me/products
2026-06-01T01:35:14.504+05:30 DEBUG 19928 --- [io-8081-exec-10] o.s.security.web.FilterChainProxy        : Securing GET /api/seller/me/orders
2026-06-01T01:35:14.509+05:30 DEBUG 19928 --- [nio-8081-exec-9] org.hibernate.SQL                        : 
    select
        ut1_0."id",
        ut1_0."token",
        ut1_0."user_id" 
    from
        "user_tokens" ut1_0 
    where
        ut1_0."token"=?
Hibernate: 
    select
        ut1_0."id",
        ut1_0."token",
        ut1_0."user_id" 
    from
        "user_tokens" ut1_0 
    where
        ut1_0."token"=?
2026-06-01T01:35:14.511+05:30 DEBUG 19928 --- [io-8081-exec-10] org.hibernate.SQL                        : 
    select
        ut1_0."id",
        ut1_0."token",
        ut1_0."user_id" 
    from
        "user_tokens" ut1_0 
    where
        ut1_0."token"=?
Hibernate: 
    select
        ut1_0."id",
        ut1_0."token",
        ut1_0."user_id" 
    from
        "user_tokens" ut1_0 
    where
        ut1_0."token"=?
2026-06-01T01:35:14.743+05:30 DEBUG 19928 --- [nio-8081-exec-7] org.hibernate.SQL                        : 
    select
        as1_0."id",
        as1_0."last_seen",
        as1_0."session_id",
        u1_0."id",
        u1_0."created_at",
        u1_0."email",
        u1_0."name",
        u1_0."number",
        u1_0."password",
        u1_0."role",
        u1_0."seller_approved",
        sp1_0."id",
        sp1_0."bio",
        sp1_0."business_name",
        sp1_0."created_at",
        sp1_0."logo_url",
        sp1_0."status",
        sp1_0."user_id",
        c1_0."user_id",
        c1_0."id",
        c1_0."product_id",
        c1_0."qty" 
    from
        "active_sessions" as1_0 
    left join
        "users" u1_0 
            on u1_0."id"=as1_0."user_id" 
    left join
        "seller_profiles" sp1_0 
            on u1_0."id"=sp1_0."user_id" 
    left join
        "cart_items" c1_0 
            on u1_0."id"=c1_0."user_id" 
    where
        as1_0."id"=?
2026-06-01T01:35:14.743+05:30 DEBUG 19928 --- [nio-8081-exec-8] org.hibernate.SQL                        : 
    select
        as1_0."id",
        as1_0."last_seen",
        as1_0."session_id",
        u1_0."id",
        u1_0."created_at",
        u1_0."email",
        u1_0."name",
        u1_0."number",
        u1_0."password",
        u1_0."role",
        u1_0."seller_approved",
        sp1_0."id",
        sp1_0."bio",
        sp1_0."business_name",
        sp1_0."created_at",
        sp1_0."logo_url",
        sp1_0."status",
        sp1_0."user_id",
        c1_0."user_id",
        c1_0."id",
        c1_0."product_id",
        c1_0."qty" 
    from
        "active_sessions" as1_0 
    left join
        "users" u1_0 
            on u1_0."id"=as1_0."user_id" 
    left join
        "seller_profiles" sp1_0 
            on u1_0."id"=sp1_0."user_id" 
    left join
        "cart_items" c1_0 
            on u1_0."id"=c1_0."user_id" 
    where
        as1_0."id"=?
Hibernate: 
    select
        as1_0."id",
        as1_0."last_seen",
        as1_0."session_id",
        u1_0."id",
        u1_0."created_at",
        u1_0."email",
        u1_0."name",
        u1_0."number",
        u1_0."password",
        u1_0."role",
        u1_0."seller_approved",
        sp1_0."id",
        sp1_0."bio",
        sp1_0."business_name",
        sp1_0."created_at",
        sp1_0."logo_url",
        sp1_0."status",
        sp1_0."user_id",
        c1_0."user_id",
        c1_0."id",
        c1_0."product_id",
        c1_0."qty" 
    from
        "active_sessions" as1_0 
    left join
        "users" u1_0 
            on u1_0."id"=as1_0."user_id" 
    left join
        "seller_profiles" sp1_0 
            on u1_0."id"=sp1_0."user_id" 
    left join
        "cart_items" c1_0 
            on u1_0."id"=c1_0."user_id" 
    where
        as1_0."id"=?
Hibernate: 
    select
        as1_0."id",
        as1_0."last_seen",
        as1_0."session_id",
        u1_0."id",
        u1_0."created_at",
        u1_0."email",
        u1_0."name",
        u1_0."number",
        u1_0."password",
        u1_0."role",
        u1_0."seller_approved",
        sp1_0."id",
        sp1_0."bio",
        sp1_0."business_name",
        sp1_0."created_at",
        sp1_0."logo_url",
        sp1_0."status",
        sp1_0."user_id",
        c1_0."user_id",
        c1_0."id",
        c1_0."product_id",
        c1_0."qty" 
    from
        "active_sessions" as1_0 
    left join
        "users" u1_0 
            on u1_0."id"=as1_0."user_id" 
    left join
        "seller_profiles" sp1_0 
            on u1_0."id"=sp1_0."user_id" 
    left join
        "cart_items" c1_0 
            on u1_0."id"=c1_0."user_id" 
    where
        as1_0."id"=?
2026-06-01T01:35:15.072+05:30 DEBUG 19928 --- [nio-8081-exec-7] org.hibernate.SQL                        : 
    select
        t1_0."user_id",
        t1_0."id",
        t1_0."token" 
    from
        "user_tokens" t1_0 
    where
        t1_0."user_id"=?
2026-06-01T01:35:15.072+05:30 DEBUG 19928 --- [nio-8081-exec-8] org.hibernate.SQL                        : 
    select
        t1_0."user_id",
        t1_0."id",
        t1_0."token" 
    from
        "user_tokens" t1_0 
    where
        t1_0."user_id"=?
Hibernate: 
    select
        t1_0."user_id",
        t1_0."id",
        t1_0."token" 
    from
        "user_tokens" t1_0 
    where
        t1_0."user_id"=?
Hibernate: 
    select
        t1_0."user_id",
        t1_0."id",
        t1_0."token" 
    from
        "user_tokens" t1_0 
    where
        t1_0."user_id"=?
2026-06-01T01:35:15.072+05:30 DEBUG 19928 --- [io-8081-exec-10] org.hibernate.SQL                        : 
    select
        u1_0."id",
        u1_0."created_at",
        u1_0."email",
        u1_0."name",
        u1_0."number",
        u1_0."password",
        u1_0."role",
        u1_0."seller_approved" 
    from
        "users" u1_0 
    where
        u1_0."id"=?
Hibernate: 
    select
        u1_0."id",
        u1_0."created_at",
        u1_0."email",
        u1_0."name",
        u1_0."number",
        u1_0."password",
        u1_0."role",
        u1_0."seller_approved" 
    from
        "users" u1_0 
    where
        u1_0."id"=?
2026-06-01T01:35:15.072+05:30 DEBUG 19928 --- [nio-8081-exec-9] org.hibernate.SQL                        : 
    select
        u1_0."id",
        u1_0."created_at",
        u1_0."email",
        u1_0."name",
        u1_0."number",
        u1_0."password",
        u1_0."role",
        u1_0."seller_approved" 
    from
        "users" u1_0 
    where
        u1_0."id"=?
Hibernate: 
    select
        u1_0."id",
        u1_0."created_at",
        u1_0."email",
        u1_0."name",
        u1_0."number",
        u1_0."password",
        u1_0."role",
        u1_0."seller_approved" 
    from
        "users" u1_0 
    where
        u1_0."id"=?
2026-06-01T01:35:15.073+05:30 DEBUG 19928 --- [nio-8081-exec-5] o.s.s.w.access.AccessDeniedHandlerImpl   : Responding with 403 status code
2026-06-01T01:35:15.082+05:30 DEBUG 19928 --- [nio-8081-exec-5] o.s.security.web.FilterChainProxy        : Securing GET /error
2026-06-01T01:35:15.083+05:30 DEBUG 19928 --- [nio-8081-exec-5] o.s.s.w.a.AnonymousAuthenticationFilter  : Set SecurityContextHolder to anonymous SecurityContext
2026-06-01T01:35:15.084+05:30 DEBUG 19928 --- [nio-8081-exec-5] o.s.s.w.a.Http403ForbiddenEntryPoint     : Pre-authenticated entry point called. Rejecting access
2026-06-01T01:35:15.086+05:30 DEBUG 19928 --- [nio-8081-exec-2] o.s.security.web.FilterChainProxy        : Securing GET /api/seller/me/profile
2026-06-01T01:35:15.094+05:30 DEBUG 19928 --- [nio-8081-exec-2] org.hibernate.SQL                        : 
    select
        ut1_0."id",
        ut1_0."token",
        ut1_0."user_id" 
    from
        "user_tokens" ut1_0 
    where
        ut1_0."token"=?
Hibernate: 
    select
        ut1_0."id",
        ut1_0."token",
        ut1_0."user_id" 
    from
        "user_tokens" ut1_0 
    where
        ut1_0."token"=?
2026-06-01T01:35:15.383+05:30 DEBUG 19928 --- [nio-8081-exec-7] org.hibernate.SQL                        : 
    select
        sr1_0."requester_id",
        sr1_0."id",
        sr1_0."created_at",
        sr1_0."message",
        sr1_0."status" 
    from
        "seller_requests" sr1_0 
    where
        sr1_0."requester_id"=?
2026-06-01T01:35:15.383+05:30 DEBUG 19928 --- [nio-8081-exec-8] org.hibernate.SQL                        : 
    select
        sr1_0."requester_id",
        sr1_0."id",
        sr1_0."created_at",
        sr1_0."message",
        sr1_0."status" 
    from
        "seller_requests" sr1_0 
    where
        sr1_0."requester_id"=?
Hibernate: 
    select
        sr1_0."requester_id",
        sr1_0."id",
        sr1_0."created_at",
        sr1_0."message",
        sr1_0."status" 
    from
        "seller_requests" sr1_0 
    where
        sr1_0."requester_id"=?
Hibernate: 
    select
        sr1_0."requester_id",
        sr1_0."id",
        sr1_0."created_at",
        sr1_0."message",
        sr1_0."status" 
    from
        "seller_requests" sr1_0 
    where
        sr1_0."requester_id"=?
2026-06-01T01:35:15.383+05:30 DEBUG 19928 --- [nio-8081-exec-6] o.s.s.w.access.AccessDeniedHandlerImpl   : Responding with 403 status code
2026-06-01T01:35:15.384+05:30 DEBUG 19928 --- [io-8081-exec-10] org.hibernate.SQL                        : 
    select
        sp1_0."id",
        sp1_0."bio",
        sp1_0."business_name",
        sp1_0."created_at",
        sp1_0."logo_url",
        sp1_0."status",
        sp1_0."user_id",
        u1_0."id",
        u1_0."created_at",
        u1_0."email",
        u1_0."name",
        u1_0."number",
        u1_0."password",
        u1_0."role",
        u1_0."seller_approved" 
    from
        "seller_profiles" sp1_0 
    join
        "users" u1_0 
            on u1_0."id"=sp1_0."user_id" 
    where
        sp1_0."user_id"=?
2026-06-01T01:35:15.384+05:30 DEBUG 19928 --- [nio-8081-exec-9] org.hibernate.SQL                        : 
    select
        sp1_0."id",
        sp1_0."bio",
        sp1_0."business_name",
        sp1_0."created_at",
        sp1_0."logo_url",
        sp1_0."status",
        sp1_0."user_id",
        u1_0."id",
        u1_0."created_at",
        u1_0."email",
        u1_0."name",
        u1_0."number",
        u1_0."password",
        u1_0."role",
        u1_0."seller_approved" 
    from
        "seller_profiles" sp1_0 
    join
        "users" u1_0 
            on u1_0."id"=sp1_0."user_id" 
    where
        sp1_0."user_id"=?
Hibernate: 
    select
        sp1_0."id",
        sp1_0."bio",
        sp1_0."business_name",
        sp1_0."created_at",
        sp1_0."logo_url",
        sp1_0."status",
        sp1_0."user_id",
        u1_0."id",
        u1_0."created_at",
        u1_0."email",
        u1_0."name",
        u1_0."number",
        u1_0."password",
        u1_0."role",
        u1_0."seller_approved" 
    from
        "seller_profiles" sp1_0 
    join
        "users" u1_0 
            on u1_0."id"=sp1_0."user_id" 
    where
        sp1_0."user_id"=?
2026-06-01T01:35:15.384+05:30 DEBUG 19928 --- [nio-8081-exec-2] org.hibernate.SQL                        : 
    select
        u1_0."id",
        u1_0."created_at",
        u1_0."email",
        u1_0."name",
        u1_0."number",
        u1_0."password",
        u1_0."role",
        u1_0."seller_approved" 
    from
        "users" u1_0 
    where
        u1_0."id"=?
Hibernate: 
    select
        sp1_0."id",
        sp1_0."bio",
        sp1_0."business_name",
        sp1_0."created_at",
        sp1_0."logo_url",
        sp1_0."status",
        sp1_0."user_id",
        u1_0."id",
        u1_0."created_at",
        u1_0."email",
        u1_0."name",
        u1_0."number",
        u1_0."password",
        u1_0."role",
        u1_0."seller_approved" 
    from
        "seller_profiles" sp1_0 
    join
        "users" u1_0 
            on u1_0."id"=sp1_0."user_id" 
    where
        sp1_0."user_id"=?
2026-06-01T01:35:15.395+05:30 DEBUG 19928 --- [nio-8081-exec-6] o.s.security.web.FilterChainProxy        : Securing GET /error
Hibernate: 
    select
        u1_0."id",
        u1_0."created_at",
        u1_0."email",
        u1_0."name",
        u1_0."number",
        u1_0."password",
        u1_0."role",
        u1_0."seller_approved" 
    from
        "users" u1_0 
    where
        u1_0."id"=?
2026-06-01T01:35:15.398+05:30 DEBUG 19928 --- [nio-8081-exec-6] o.s.s.w.a.AnonymousAuthenticationFilter  : Set SecurityContextHolder to anonymous SecurityContext
2026-06-01T01:35:15.399+05:30 DEBUG 19928 --- [nio-8081-exec-6] o.s.s.w.a.Http403ForbiddenEntryPoint     : Pre-authenticated entry point called. Rejecting access
2026-06-01T01:35:15.407+05:30 DEBUG 19928 --- [nio-8081-exec-4] o.s.security.web.FilterChainProxy        : Securing GET /api/seller/me/products
2026-06-01T01:35:15.413+05:30 DEBUG 19928 --- [nio-8081-exec-1] o.s.security.web.FilterChainProxy        : Securing OPTIONS /api/products
2026-06-01T01:35:15.415+05:30 DEBUG 19928 --- [nio-8081-exec-4] org.hibernate.SQL                        : 
    select
        ut1_0."id",
        ut1_0."token",
        ut1_0."user_id" 
    from
        "user_tokens" ut1_0 
    where
        ut1_0."token"=?
Hibernate: 
    select
        ut1_0."id",
        ut1_0."token",
        ut1_0."user_id" 
    from
        "user_tokens" ut1_0 
    where
        ut1_0."token"=?
2026-06-01T01:35:15.420+05:30 DEBUG 19928 --- [nio-8081-exec-3] o.s.security.web.FilterChainProxy        : Securing OPTIONS /api/products
2026-06-01T01:35:15.706+05:30 DEBUG 19928 --- [nio-8081-exec-8] org.hibernate.SQL                        : 
    select
        o1_0."user_id",
        o1_0."id",
        o1_0."amount",
        o1_0."date_ordered",
        o1_0."is_paid",
        o1_0."razorpay_order_id",
        o1_0."razorpay_payment_id",
        o1_0."razorpay_signature" 
    from
        "orders" o1_0 
    where
        o1_0."user_id"=?
Hibernate: 
    select
        o1_0."user_id",
        o1_0."id",
        o1_0."amount",
        o1_0."date_ordered",
        o1_0."is_paid",
        o1_0."razorpay_order_id",
        o1_0."razorpay_payment_id",
        o1_0."razorpay_signature" 
    from
        "orders" o1_0 
    where
        o1_0."user_id"=?
2026-06-01T01:35:15.706+05:30 DEBUG 19928 --- [nio-8081-exec-7] org.hibernate.SQL                        : 
    select
        o1_0."user_id",
        o1_0."id",
        o1_0."amount",
        o1_0."date_ordered",
        o1_0."is_paid",
        o1_0."razorpay_order_id",
        o1_0."razorpay_payment_id",
        o1_0."razorpay_signature" 
    from
        "orders" o1_0 
    where
        o1_0."user_id"=?
2026-06-01T01:35:15.707+05:30 DEBUG 19928 --- [nio-8081-exec-4] org.hibernate.SQL                        : 
    select
        u1_0."id",
        u1_0."created_at",
        u1_0."email",
        u1_0."name",
        u1_0."number",
        u1_0."password",
        u1_0."role",
        u1_0."seller_approved" 
    from
        "users" u1_0 
    where
        u1_0."id"=?
Hibernate: 
    select
        o1_0."user_id",
        o1_0."id",
        o1_0."amount",
        o1_0."date_ordered",
        o1_0."is_paid",
        o1_0."razorpay_order_id",
        o1_0."razorpay_payment_id",
        o1_0."razorpay_signature" 
    from
        "orders" o1_0 
    where
        o1_0."user_id"=?
2026-06-01T01:35:15.707+05:30 DEBUG 19928 --- [nio-8081-exec-2] org.hibernate.SQL                        : 
    select
        sp1_0."id",
        sp1_0."bio",
        sp1_0."business_name",
        sp1_0."created_at",
        sp1_0."logo_url",
        sp1_0."status",
        sp1_0."user_id",
        u1_0."id",
        u1_0."created_at",
        u1_0."email",
        u1_0."name",
        u1_0."number",
        u1_0."password",
        u1_0."role",
        u1_0."seller_approved" 
    from
        "seller_profiles" sp1_0 
    join
        "users" u1_0 
            on u1_0."id"=sp1_0."user_id" 
    where
        sp1_0."user_id"=?
Hibernate: 
    select
        sp1_0."id",
        sp1_0."bio",
        sp1_0."business_name",
        sp1_0."created_at",
        sp1_0."logo_url",
        sp1_0."status",
        sp1_0."user_id",
        u1_0."id",
        u1_0."created_at",
        u1_0."email",
        u1_0."name",
        u1_0."number",
        u1_0."password",
        u1_0."role",
        u1_0."seller_approved" 
    from
        "seller_profiles" sp1_0 
    join
        "users" u1_0 
            on u1_0."id"=sp1_0."user_id" 
    where
        sp1_0."user_id"=?
Hibernate: 
    select
        u1_0."id",
        u1_0."created_at",
        u1_0."email",
        u1_0."name",
        u1_0."number",
        u1_0."password",
        u1_0."role",
        u1_0."seller_approved" 
    from
        "users" u1_0 
    where
        u1_0."id"=?
2026-06-01T01:35:16.030+05:30 DEBUG 19928 --- [nio-8081-exec-7] org.hibernate.SQL                        : 
    update
        "active_sessions" 
    set
        "last_seen"=?,
        "session_id"=?,
        "user_id"=? 
    where
        "id"=?
Hibernate: 
    update
        "active_sessions" 
    set
        "last_seen"=?,
        "session_id"=?,
        "user_id"=? 
    where
        "id"=?
2026-06-01T01:35:16.030+05:30 DEBUG 19928 --- [nio-8081-exec-8] org.hibernate.SQL                        : 
    update
        "active_sessions" 
    set
        "last_seen"=?,
        "session_id"=?,
        "user_id"=? 
    where
        "id"=?
2026-06-01T01:35:16.030+05:30 DEBUG 19928 --- [nio-8081-exec-4] org.hibernate.SQL                        : 
    select
        sp1_0."id",
        sp1_0."bio",
        sp1_0."business_name",
        sp1_0."created_at",
        sp1_0."logo_url",
        sp1_0."status",
        sp1_0."user_id",
        u1_0."id",
        u1_0."created_at",
        u1_0."email",
        u1_0."name",
        u1_0."number",
        u1_0."password",
        u1_0."role",
        u1_0."seller_approved" 
    from
        "seller_profiles" sp1_0 
    join
        "users" u1_0 
            on u1_0."id"=sp1_0."user_id" 
    where
        sp1_0."user_id"=?
Hibernate: 
    update
        "active_sessions" 
    set
        "last_seen"=?,
        "session_id"=?,
        "user_id"=? 
    where
        "id"=?
Hibernate: 
    select
        sp1_0."id",
        sp1_0."bio",
        sp1_0."business_name",
        sp1_0."created_at",
        sp1_0."logo_url",
        sp1_0."status",
        sp1_0."user_id",
        u1_0."id",
        u1_0."created_at",
        u1_0."email",
        u1_0."name",
        u1_0."number",
        u1_0."password",
        u1_0."role",
        u1_0."seller_approved" 
    from
        "seller_profiles" sp1_0 
    join
        "users" u1_0 
            on u1_0."id"=sp1_0."user_id" 
    where
        sp1_0."user_id"=?
2026-06-01T01:35:16.030+05:30 DEBUG 19928 --- [io-8081-exec-10] org.hibernate.SQL                        : 
    select
        as1_0."id",
        as1_0."last_seen",
        as1_0."session_id",
        as1_0."user_id" 
    from
        "active_sessions" as1_0 
    where
        as1_0."session_id"=?
2026-06-01T01:35:16.030+05:30 DEBUG 19928 --- [nio-8081-exec-9] org.hibernate.SQL                        : 
    select
        as1_0."id",
        as1_0."last_seen",
        as1_0."session_id",
        as1_0."user_id" 
    from
        "active_sessions" as1_0 
    where
        as1_0."session_id"=?
Hibernate: 
    select
        as1_0."id",
        as1_0."last_seen",
        as1_0."session_id",
        as1_0."user_id" 
    from
        "active_sessions" as1_0 
    where
        as1_0."session_id"=?
Hibernate: 
    select
        as1_0."id",
        as1_0."last_seen",
        as1_0."session_id",
        as1_0."user_id" 
    from
        "active_sessions" as1_0 
    where
        as1_0."session_id"=?
2026-06-01T01:35:16.345+05:30 DEBUG 19928 --- [nio-8081-exec-9] org.hibernate.SQL                        : 
    select
        u1_0."id",
        u1_0."created_at",
        u1_0."email",
        u1_0."name",
        u1_0."number",
        u1_0."password",
        u1_0."role",
        u1_0."seller_approved" 
    from
        "users" u1_0 
    where
        u1_0."id"=?
2026-06-01T01:35:16.345+05:30 DEBUG 19928 --- [io-8081-exec-10] org.hibernate.SQL                        : 
    select
        u1_0."id",
        u1_0."created_at",
        u1_0."email",
        u1_0."name",
        u1_0."number",
        u1_0."password",
        u1_0."role",
        u1_0."seller_approved" 
    from
        "users" u1_0 
    where
        u1_0."id"=?
Hibernate: 
    select
        u1_0."id",
        u1_0."created_at",
        u1_0."email",
        u1_0."name",
        u1_0."number",
        u1_0."password",
        u1_0."role",
        u1_0."seller_approved" 
    from
        "users" u1_0 
    where
        u1_0."id"=?
2026-06-01T01:35:16.346+05:30 DEBUG 19928 --- [nio-8081-exec-2] org.hibernate.SQL                        : 
    select
        as1_0."id",
        as1_0."last_seen",
        as1_0."session_id",
        as1_0."user_id" 
    from
        "active_sessions" as1_0 
    where
        as1_0."session_id"=?
Hibernate: 
    select
        u1_0."id",
        u1_0."created_at",
        u1_0."email",
        u1_0."name",
        u1_0."number",
        u1_0."password",
        u1_0."role",
        u1_0."seller_approved" 
    from
        "users" u1_0 
    where
        u1_0."id"=?
Hibernate: 
    select
        as1_0."id",
        as1_0."last_seen",
        as1_0."session_id",
        as1_0."user_id" 
    from
        "active_sessions" as1_0 
    where
        as1_0."session_id"=?
2026-06-01T01:35:16.665+05:30 DEBUG 19928 --- [nio-8081-exec-2] org.hibernate.SQL                        : 
    select
        u1_0."id",
        u1_0."created_at",
        u1_0."email",
        u1_0."name",
        u1_0."number",
        u1_0."password",
        u1_0."role",
        u1_0."seller_approved" 
    from
        "users" u1_0 
    where
        u1_0."id"=?
2026-06-01T01:35:16.665+05:30 DEBUG 19928 --- [nio-8081-exec-9] org.hibernate.SQL                        : 
    select
        sp1_0."id",
        sp1_0."bio",
        sp1_0."business_name",
        sp1_0."created_at",
        sp1_0."logo_url",
        sp1_0."status",
        sp1_0."user_id",
        u1_0."id",
        u1_0."created_at",
        u1_0."email",
        u1_0."name",
        u1_0."number",
        u1_0."password",
        u1_0."role",
        u1_0."seller_approved" 
    from
        "seller_profiles" sp1_0 
    join
        "users" u1_0 
            on u1_0."id"=sp1_0."user_id" 
    where
        sp1_0."user_id"=?
Hibernate: 
    select
        u1_0."id",
        u1_0."created_at",
        u1_0."email",
        u1_0."name",
        u1_0."number",
        u1_0."password",
        u1_0."role",
        u1_0."seller_approved" 
    from
        "users" u1_0 
    where
        u1_0."id"=?
Hibernate: 
    select
        sp1_0."id",
        sp1_0."bio",
        sp1_0."business_name",
        sp1_0."created_at",
        sp1_0."logo_url",
        sp1_0."status",
        sp1_0."user_id",
        u1_0."id",
        u1_0."created_at",
        u1_0."email",
        u1_0."name",
        u1_0."number",
        u1_0."password",
        u1_0."role",
        u1_0."seller_approved" 
    from
        "seller_profiles" sp1_0 
    join
        "users" u1_0 
            on u1_0."id"=sp1_0."user_id" 
    where
        sp1_0."user_id"=?
2026-06-01T01:35:16.665+05:30 DEBUG 19928 --- [io-8081-exec-10] org.hibernate.SQL                        : 
    select
        sp1_0."id",
        sp1_0."bio",
        sp1_0."business_name",
        sp1_0."created_at",
        sp1_0."logo_url",
        sp1_0."status",
        sp1_0."user_id",
        u1_0."id",
        u1_0."created_at",
        u1_0."email",
        u1_0."name",
        u1_0."number",
        u1_0."password",
        u1_0."role",
        u1_0."seller_approved" 
    from
        "seller_profiles" sp1_0 
    join
        "users" u1_0 
            on u1_0."id"=sp1_0."user_id" 
    where
        sp1_0."user_id"=?
2026-06-01T01:35:16.665+05:30 DEBUG 19928 --- [nio-8081-exec-8] o.s.s.w.access.AccessDeniedHandlerImpl   : Responding with 403 status code
Hibernate: 
    select
        sp1_0."id",
        sp1_0."bio",
        sp1_0."business_name",
        sp1_0."created_at",
        sp1_0."logo_url",
        sp1_0."status",
        sp1_0."user_id",
        u1_0."id",
        u1_0."created_at",
        u1_0."email",
        u1_0."name",
        u1_0."number",
        u1_0."password",
        u1_0."role",
        u1_0."seller_approved" 
    from
        "seller_profiles" sp1_0 
    join
        "users" u1_0 
            on u1_0."id"=sp1_0."user_id" 
    where
        sp1_0."user_id"=?
2026-06-01T01:35:16.666+05:30 DEBUG 19928 --- [nio-8081-exec-4] org.hibernate.SQL                        : 
    select
        as1_0."id",
        as1_0."last_seen",
        as1_0."session_id",
        as1_0."user_id" 
    from
        "active_sessions" as1_0 
    where
        as1_0."session_id"=?
2026-06-01T01:35:16.675+05:30 DEBUG 19928 --- [nio-8081-exec-8] o.s.security.web.FilterChainProxy        : Securing GET /error
Hibernate: 
    select
        as1_0."id",
        as1_0."last_seen",
        as1_0."session_id",
        as1_0."user_id" 
    from
        "active_sessions" as1_0 
    where
        as1_0."session_id"=?
2026-06-01T01:35:16.676+05:30 DEBUG 19928 --- [nio-8081-exec-8] o.s.s.w.a.AnonymousAuthenticationFilter  : Set SecurityContextHolder to anonymous SecurityContext
2026-06-01T01:35:16.677+05:30 DEBUG 19928 --- [nio-8081-exec-8] o.s.s.w.a.Http403ForbiddenEntryPoint     : Pre-authenticated entry point called. Rejecting access
2026-06-01T01:35:16.680+05:30 DEBUG 19928 --- [nio-8081-exec-5] o.s.security.web.FilterChainProxy        : Securing GET /api/seller/me/orders
2026-06-01T01:35:16.687+05:30 DEBUG 19928 --- [nio-8081-exec-5] org.hibernate.SQL                        : 
    select
        ut1_0."id",
        ut1_0."token",
        ut1_0."user_id" 
    from
        "user_tokens" ut1_0 
    where
        ut1_0."token"=?
Hibernate: 
    select
        ut1_0."id",
        ut1_0."token",
        ut1_0."user_id" 
    from
        "user_tokens" ut1_0 
    where
        ut1_0."token"=?
2026-06-01T01:35:16.909+05:30 DEBUG 19928 --- [nio-8081-exec-7] o.s.s.w.access.AccessDeniedHandlerImpl   : Responding with 403 status code
2026-06-01T01:35:16.918+05:30 DEBUG 19928 --- [nio-8081-exec-7] o.s.security.web.FilterChainProxy        : Securing GET /error
2026-06-01T01:35:16.920+05:30 DEBUG 19928 --- [nio-8081-exec-7] o.s.s.w.a.AnonymousAuthenticationFilter  : Set SecurityContextHolder to anonymous SecurityContext
2026-06-01T01:35:16.920+05:30 DEBUG 19928 --- [nio-8081-exec-7] o.s.s.w.a.Http403ForbiddenEntryPoint     : Pre-authenticated entry point called. Rejecting access
2026-06-01T01:35:16.922+05:30 DEBUG 19928 --- [nio-8081-exec-6] o.s.security.web.FilterChainProxy        : Securing GET /api/seller/me/profile
2026-06-01T01:35:16.922+05:30 DEBUG 19928 --- [nio-8081-exec-2] org.hibernate.SQL                        : 
    select
        sp1_0."id",
        sp1_0."bio",
        sp1_0."business_name",
        sp1_0."created_at",
        sp1_0."logo_url",
        sp1_0."status",
        sp1_0."user_id",
        u1_0."id",
        u1_0."created_at",
        u1_0."email",
        u1_0."name",
        u1_0."number",
        u1_0."password",
        u1_0."role",
        u1_0."seller_approved" 
    from
        "seller_profiles" sp1_0 
    join
        "users" u1_0 
            on u1_0."id"=sp1_0."user_id" 
    where
        sp1_0."user_id"=?
Hibernate: 
    select
        sp1_0."id",
        sp1_0."bio",
        sp1_0."business_name",
        sp1_0."created_at",
        sp1_0."logo_url",
        sp1_0."status",
        sp1_0."user_id",
        u1_0."id",
        u1_0."created_at",
        u1_0."email",
        u1_0."name",
        u1_0."number",
        u1_0."password",
        u1_0."role",
        u1_0."seller_approved" 
    from
        "seller_profiles" sp1_0 
    join
        "users" u1_0 
            on u1_0."id"=sp1_0."user_id" 
    where
        sp1_0."user_id"=?
2026-06-01T01:35:16.927+05:30 DEBUG 19928 --- [nio-8081-exec-6] org.hibernate.SQL                        : 
    select
        ut1_0."id",
        ut1_0."token",
        ut1_0."user_id" 
    from
        "user_tokens" ut1_0 
    where
        ut1_0."token"=?
Hibernate: 
    select
        ut1_0."id",
        ut1_0."token",
        ut1_0."user_id" 
    from
        "user_tokens" ut1_0 
    where
        ut1_0."token"=?
2026-06-01T01:35:16.928+05:30 DEBUG 19928 --- [nio-8081-exec-4] org.hibernate.SQL                        : 
    select
        u1_0."id",
        u1_0."created_at",
        u1_0."email",
        u1_0."name",
        u1_0."number",
        u1_0."password",
        u1_0."role",
        u1_0."seller_approved" 
    from
        "users" u1_0 
    where
        u1_0."id"=?
Hibernate: 
    select
        u1_0."id",
        u1_0."created_at",
        u1_0."email",
        u1_0."name",
        u1_0."number",
        u1_0."password",
        u1_0."role",
        u1_0."seller_approved" 
    from
        "users" u1_0 
    where
        u1_0."id"=?
2026-06-01T01:35:16.930+05:30 DEBUG 19928 --- [nio-8081-exec-9] org.hibernate.SQL                        : 
    select
        as1_0."id",
        as1_0."last_seen",
        as1_0."session_id",
        u1_0."id",
        u1_0."created_at",
        u1_0."email",
        u1_0."name",
        u1_0."number",
        u1_0."password",
        u1_0."role",
        u1_0."seller_approved",
        sp1_0."id",
        sp1_0."bio",
        sp1_0."business_name",
        sp1_0."created_at",
        sp1_0."logo_url",
        sp1_0."status",
        sp1_0."user_id",
        c1_0."user_id",
        c1_0."id",
        c1_0."product_id",
        c1_0."qty" 
    from
        "active_sessions" as1_0 
    left join
        "users" u1_0 
            on u1_0."id"=as1_0."user_id" 
    left join
        "seller_profiles" sp1_0 
            on u1_0."id"=sp1_0."user_id" 
    left join
        "cart_items" c1_0 
            on u1_0."id"=c1_0."user_id" 
    where
        as1_0."id"=?
Hibernate: 
    select
        as1_0."id",
        as1_0."last_seen",
        as1_0."session_id",
        u1_0."id",
        u1_0."created_at",
        u1_0."email",
        u1_0."name",
        u1_0."number",
        u1_0."password",
        u1_0."role",
        u1_0."seller_approved",
        sp1_0."id",
        sp1_0."bio",
        sp1_0."business_name",
        sp1_0."created_at",
        sp1_0."logo_url",
        sp1_0."status",
        sp1_0."user_id",
        c1_0."user_id",
        c1_0."id",
        c1_0."product_id",
        c1_0."qty" 
    from
        "active_sessions" as1_0 
    left join
        "users" u1_0 
            on u1_0."id"=as1_0."user_id" 
    left join
        "seller_profiles" sp1_0 
            on u1_0."id"=sp1_0."user_id" 
    left join
        "cart_items" c1_0 
            on u1_0."id"=c1_0."user_id" 
    where
        as1_0."id"=?
2026-06-01T01:35:16.939+05:30 DEBUG 19928 --- [io-8081-exec-10] org.hibernate.SQL                        : 
    select
        as1_0."id",
        as1_0."last_seen",
        as1_0."session_id",
        u1_0."id",
        u1_0."created_at",
        u1_0."email",
        u1_0."name",
        u1_0."number",
        u1_0."password",
        u1_0."role",
        u1_0."seller_approved",
        sp1_0."id",
        sp1_0."bio",
        sp1_0."business_name",
        sp1_0."created_at",
        sp1_0."logo_url",
        sp1_0."status",
        sp1_0."user_id",
        c1_0."user_id",
        c1_0."id",
        c1_0."product_id",
        c1_0."qty" 
    from
        "active_sessions" as1_0 
    left join
        "users" u1_0 
            on u1_0."id"=as1_0."user_id" 
    left join
        "seller_profiles" sp1_0 
            on u1_0."id"=sp1_0."user_id" 
    left join
        "cart_items" c1_0 
            on u1_0."id"=c1_0."user_id" 
    where
        as1_0."id"=?
Hibernate: 
    select
        as1_0."id",
        as1_0."last_seen",
        as1_0."session_id",
        u1_0."id",
        u1_0."created_at",
        u1_0."email",
        u1_0."name",
        u1_0."number",
        u1_0."password",
        u1_0."role",
        u1_0."seller_approved",
        sp1_0."id",
        sp1_0."bio",
        sp1_0."business_name",
        sp1_0."created_at",
        sp1_0."logo_url",
        sp1_0."status",
        sp1_0."user_id",
        c1_0."user_id",
        c1_0."id",
        c1_0."product_id",
        c1_0."qty" 
    from
        "active_sessions" as1_0 
    left join
        "users" u1_0 
            on u1_0."id"=as1_0."user_id" 
    left join
        "seller_profiles" sp1_0 
            on u1_0."id"=sp1_0."user_id" 
    left join
        "cart_items" c1_0 
            on u1_0."id"=c1_0."user_id" 
    where
        as1_0."id"=?
2026-06-01T01:35:16.949+05:30 DEBUG 19928 --- [nio-8081-exec-5] org.hibernate.SQL                        : 
    select
        u1_0."id",
        u1_0."created_at",
        u1_0."email",
        u1_0."name",
        u1_0."number",
        u1_0."password",
        u1_0."role",
        u1_0."seller_approved" 
    from
        "users" u1_0 
    where
        u1_0."id"=?
Hibernate: 
    select
        u1_0."id",
        u1_0."created_at",
        u1_0."email",
        u1_0."name",
        u1_0."number",
        u1_0."password",
        u1_0."role",
        u1_0."seller_approved" 
    from
        "users" u1_0 
    where
        u1_0."id"=?
2026-06-01T01:35:17.310+05:30 DEBUG 19928 --- [nio-8081-exec-2] org.hibernate.SQL                        : 
    select
        as1_0."id",
        as1_0."last_seen",
        as1_0."session_id",
        u1_0."id",
        u1_0."created_at",
        u1_0."email",
        u1_0."name",
        u1_0."number",
        u1_0."password",
        u1_0."role",
        u1_0."seller_approved",
        sp1_0."id",
        sp1_0."bio",
        sp1_0."business_name",
        sp1_0."created_at",
        sp1_0."logo_url",
        sp1_0."status",
        sp1_0."user_id",
        c1_0."user_id",
        c1_0."id",
        c1_0."product_id",
        c1_0."qty" 
    from
        "active_sessions" as1_0 
    left join
        "users" u1_0 
            on u1_0."id"=as1_0."user_id" 
    left join
        "seller_profiles" sp1_0 
            on u1_0."id"=sp1_0."user_id" 
    left join
        "cart_items" c1_0 
            on u1_0."id"=c1_0."user_id" 
    where
        as1_0."id"=?
2026-06-01T01:35:17.312+05:30 DEBUG 19928 --- [io-8081-exec-10] org.hibernate.SQL                        : 
    select
        t1_0."user_id",
        t1_0."id",
        t1_0."token" 
    from
        "user_tokens" t1_0 
    where
        t1_0."user_id"=?
Hibernate: 
    select
        as1_0."id",
        as1_0."last_seen",
        as1_0."session_id",
        u1_0."id",
        u1_0."created_at",
        u1_0."email",
        u1_0."name",
        u1_0."number",
        u1_0."password",
        u1_0."role",
        u1_0."seller_approved",
        sp1_0."id",
        sp1_0."bio",
        sp1_0."business_name",
        sp1_0."created_at",
        sp1_0."logo_url",
        sp1_0."status",
        sp1_0."user_id",
        c1_0."user_id",
        c1_0."id",
        c1_0."product_id",
        c1_0."qty" 
    from
        "active_sessions" as1_0 
    left join
        "users" u1_0 
            on u1_0."id"=as1_0."user_id" 
    left join
        "seller_profiles" sp1_0 
            on u1_0."id"=sp1_0."user_id" 
    left join
        "cart_items" c1_0 
            on u1_0."id"=c1_0."user_id" 
    where
        as1_0."id"=?
Hibernate: 
    select
        t1_0."user_id",
        t1_0."id",
        t1_0."token" 
    from
        "user_tokens" t1_0 
    where
        t1_0."user_id"=?
2026-06-01T01:35:17.312+05:30 DEBUG 19928 --- [nio-8081-exec-9] org.hibernate.SQL                        : 
    select
        t1_0."user_id",
        t1_0."id",
        t1_0."token" 
    from
        "user_tokens" t1_0 
    where
        t1_0."user_id"=?
2026-06-01T01:35:17.312+05:30 DEBUG 19928 --- [nio-8081-exec-5] org.hibernate.SQL                        : 
    select
        sp1_0."id",
        sp1_0."bio",
        sp1_0."business_name",
        sp1_0."created_at",
        sp1_0."logo_url",
        sp1_0."status",
        sp1_0."user_id",
        u1_0."id",
        u1_0."created_at",
        u1_0."email",
        u1_0."name",
        u1_0."number",
        u1_0."password",
        u1_0."role",
        u1_0."seller_approved" 
    from
        "seller_profiles" sp1_0 
    join
        "users" u1_0 
            on u1_0."id"=sp1_0."user_id" 
    where
        sp1_0."user_id"=?
Hibernate: 
    select
        t1_0."user_id",
        t1_0."id",
        t1_0."token" 
    from
        "user_tokens" t1_0 
    where
        t1_0."user_id"=?
2026-06-01T01:35:17.312+05:30 DEBUG 19928 --- [nio-8081-exec-4] org.hibernate.SQL                        : 
    select
        sp1_0."id",
        sp1_0."bio",
        sp1_0."business_name",
        sp1_0."created_at",
        sp1_0."logo_url",
        sp1_0."status",
        sp1_0."user_id",
        u1_0."id",
        u1_0."created_at",
        u1_0."email",
        u1_0."name",
        u1_0."number",
        u1_0."password",
        u1_0."role",
        u1_0."seller_approved" 
    from
        "seller_profiles" sp1_0 
    join
        "users" u1_0 
            on u1_0."id"=sp1_0."user_id" 
    where
        sp1_0."user_id"=?
Hibernate: 
    select
        sp1_0."id",
        sp1_0."bio",
        sp1_0."business_name",
        sp1_0."created_at",
        sp1_0."logo_url",
        sp1_0."status",
        sp1_0."user_id",
        u1_0."id",
        u1_0."created_at",
        u1_0."email",
        u1_0."name",
        u1_0."number",
        u1_0."password",
        u1_0."role",
        u1_0."seller_approved" 
    from
        "seller_profiles" sp1_0 
    join
        "users" u1_0 
            on u1_0."id"=sp1_0."user_id" 
    where
        sp1_0."user_id"=?
Hibernate: 
    select
        sp1_0."id",
        sp1_0."bio",
        sp1_0."business_name",
        sp1_0."created_at",
        sp1_0."logo_url",
        sp1_0."status",
        sp1_0."user_id",
        u1_0."id",
        u1_0."created_at",
        u1_0."email",
        u1_0."name",
        u1_0."number",
        u1_0."password",
        u1_0."role",
        u1_0."seller_approved" 
    from
        "seller_profiles" sp1_0 
    join
        "users" u1_0 
            on u1_0."id"=sp1_0."user_id" 
    where
        sp1_0."user_id"=?
2026-06-01T01:35:17.313+05:30 DEBUG 19928 --- [nio-8081-exec-6] org.hibernate.SQL                        : 
    select
        u1_0."id",
        u1_0."created_at",
        u1_0."email",
        u1_0."name",
        u1_0."number",
        u1_0."password",
        u1_0."role",
        u1_0."seller_approved" 
    from
        "users" u1_0 
    where
        u1_0."id"=?
Hibernate: 
    select
        u1_0."id",
        u1_0."created_at",
        u1_0."email",
        u1_0."name",
        u1_0."number",
        u1_0."password",
        u1_0."role",
        u1_0."seller_approved" 
    from
        "users" u1_0 
    where
        u1_0."id"=?
2026-06-01T01:35:17.624+05:30 DEBUG 19928 --- [nio-8081-exec-9] org.hibernate.SQL                        : 
    select
        sr1_0."requester_id",
        sr1_0."id",
        sr1_0."created_at",
        sr1_0."message",
        sr1_0."status" 
    from
        "seller_requests" sr1_0 
    where
        sr1_0."requester_id"=?
2026-06-01T01:35:17.624+05:30 DEBUG 19928 --- [io-8081-exec-10] org.hibernate.SQL                        : 
    select
        sr1_0."requester_id",
        sr1_0."id",
        sr1_0."created_at",
        sr1_0."message",
        sr1_0."status" 
    from
        "seller_requests" sr1_0 
    where
        sr1_0."requester_id"=?
Hibernate: 
    select
        sr1_0."requester_id",
        sr1_0."id",
        sr1_0."created_at",
        sr1_0."message",
        sr1_0."status" 
    from
        "seller_requests" sr1_0 
    where
        sr1_0."requester_id"=?
Hibernate: 
    select
        sr1_0."requester_id",
        sr1_0."id",
        sr1_0."created_at",
        sr1_0."message",
        sr1_0."status" 
    from
        "seller_requests" sr1_0 
    where
        sr1_0."requester_id"=?
2026-06-01T01:35:17.624+05:30 DEBUG 19928 --- [nio-8081-exec-2] org.hibernate.SQL                        : 
    select
        t1_0."user_id",
        t1_0."id",
        t1_0."token" 
    from
        "user_tokens" t1_0 
    where
        t1_0."user_id"=?
2026-06-01T01:35:17.624+05:30 DEBUG 19928 --- [nio-8081-exec-6] org.hibernate.SQL                        : 
    select
        sp1_0."id",
        sp1_0."bio",
        sp1_0."business_name",
        sp1_0."created_at",
        sp1_0."logo_url",
        sp1_0."status",
        sp1_0."user_id",
        u1_0."id",
        u1_0."created_at",
        u1_0."email",
        u1_0."name",
        u1_0."number",
        u1_0."password",
        u1_0."role",
        u1_0."seller_approved" 
    from
        "seller_profiles" sp1_0 
    join
        "users" u1_0 
            on u1_0."id"=sp1_0."user_id" 
    where
        sp1_0."user_id"=?
Hibernate: 
    select
        t1_0."user_id",
        t1_0."id",
        t1_0."token" 
    from
        "user_tokens" t1_0 
    where
        t1_0."user_id"=?
Hibernate: 
    select
        sp1_0."id",
        sp1_0."bio",
        sp1_0."business_name",
        sp1_0."created_at",
        sp1_0."logo_url",
        sp1_0."status",
        sp1_0."user_id",
        u1_0."id",
        u1_0."created_at",
        u1_0."email",
        u1_0."name",
        u1_0."number",
        u1_0."password",
        u1_0."role",
        u1_0."seller_approved" 
    from
        "seller_profiles" sp1_0 
    join
        "users" u1_0 
            on u1_0."id"=sp1_0."user_id" 
    where
        sp1_0."user_id"=?
2026-06-01T01:35:17.624+05:30 DEBUG 19928 --- [nio-8081-exec-4] org.hibernate.SQL                        : 
    select
        as1_0."id",
        as1_0."last_seen",
        as1_0."session_id",
        u1_0."id",
        u1_0."created_at",
        u1_0."email",
        u1_0."name",
        u1_0."number",
        u1_0."password",
        u1_0."role",
        u1_0."seller_approved",
        sp1_0."id",
        sp1_0."bio",
        sp1_0."business_name",
        sp1_0."created_at",
        sp1_0."logo_url",
        sp1_0."status",
        sp1_0."user_id",
        c1_0."user_id",
        c1_0."id",
        c1_0."product_id",
        c1_0."qty" 
    from
        "active_sessions" as1_0 
    left join
        "users" u1_0 
            on u1_0."id"=as1_0."user_id" 
    left join
        "seller_profiles" sp1_0 
            on u1_0."id"=sp1_0."user_id" 
    left join
        "cart_items" c1_0 
            on u1_0."id"=c1_0."user_id" 
    where
        as1_0."id"=?
Hibernate: 
    select
        as1_0."id",
        as1_0."last_seen",
        as1_0."session_id",
        u1_0."id",
        u1_0."created_at",
        u1_0."email",
        u1_0."name",
        u1_0."number",
        u1_0."password",
        u1_0."role",
        u1_0."seller_approved",
        sp1_0."id",
        sp1_0."bio",
        sp1_0."business_name",
        sp1_0."created_at",
        sp1_0."logo_url",
        sp1_0."status",
        sp1_0."user_id",
        c1_0."user_id",
        c1_0."id",
        c1_0."product_id",
        c1_0."qty" 
    from
        "active_sessions" as1_0 
    left join
        "users" u1_0 
            on u1_0."id"=as1_0."user_id" 
    left join
        "seller_profiles" sp1_0 
            on u1_0."id"=sp1_0."user_id" 
    left join
        "cart_items" c1_0 
            on u1_0."id"=c1_0."user_id" 
    where
        as1_0."id"=?
2026-06-01T01:35:17.870+05:30 DEBUG 19928 --- [nio-8081-exec-5] org.hibernate.SQL                        : 
    select
        as1_0."id",
        as1_0."last_seen",
        as1_0."session_id",
        as1_0."user_id" 
    from
        "active_sessions" as1_0 
    where
        as1_0."session_id"=?
Hibernate: 
    select
        as1_0."id",
        as1_0."last_seen",
        as1_0."session_id",
        as1_0."user_id" 
    from
        "active_sessions" as1_0 
    where
        as1_0."session_id"=?
2026-06-01T01:35:17.885+05:30 DEBUG 19928 --- [nio-8081-exec-9] org.hibernate.SQL                        : 
    select
        o1_0."user_id",
        o1_0."id",
        o1_0."amount",
        o1_0."date_ordered",
        o1_0."is_paid",
        o1_0."razorpay_order_id",
        o1_0."razorpay_payment_id",
        o1_0."razorpay_signature" 
    from
        "orders" o1_0 
    where
        o1_0."user_id"=?
2026-06-01T01:35:17.885+05:30 DEBUG 19928 --- [nio-8081-exec-2] org.hibernate.SQL                        : 
    select
        sr1_0."requester_id",
        sr1_0."id",
        sr1_0."created_at",
        sr1_0."message",
        sr1_0."status" 
    from
        "seller_requests" sr1_0 
    where
        sr1_0."requester_id"=?
Hibernate: 
    select
        sr1_0."requester_id",
        sr1_0."id",
        sr1_0."created_at",
        sr1_0."message",
        sr1_0."status" 
    from
        "seller_requests" sr1_0 
    where
        sr1_0."requester_id"=?
Hibernate: 
    select
        o1_0."user_id",
        o1_0."id",
        o1_0."amount",
        o1_0."date_ordered",
        o1_0."is_paid",
        o1_0."razorpay_order_id",
        o1_0."razorpay_payment_id",
        o1_0."razorpay_signature" 
    from
        "orders" o1_0 
    where
        o1_0."user_id"=?
2026-06-01T01:35:17.893+05:30 DEBUG 19928 --- [nio-8081-exec-4] org.hibernate.SQL                        : 
    select
        t1_0."user_id",
        t1_0."id",
        t1_0."token" 
    from
        "user_tokens" t1_0 
    where
        t1_0."user_id"=?
Hibernate: 
    select
        t1_0."user_id",
        t1_0."id",
        t1_0."token" 
    from
        "user_tokens" t1_0 
    where
        t1_0."user_id"=?
2026-06-01T01:35:17.899+05:30 DEBUG 19928 --- [io-8081-exec-10] org.hibernate.SQL                        : 
    select
        o1_0."user_id",
        o1_0."id",
        o1_0."amount",
        o1_0."date_ordered",
        o1_0."is_paid",
        o1_0."razorpay_order_id",
        o1_0."razorpay_payment_id",
        o1_0."razorpay_signature" 
    from
        "orders" o1_0 
    where
        o1_0."user_id"=?
Hibernate: 
    select
        o1_0."user_id",
        o1_0."id",
        o1_0."amount",
        o1_0."date_ordered",
        o1_0."is_paid",
        o1_0."razorpay_order_id",
        o1_0."razorpay_payment_id",
        o1_0."razorpay_signature" 
    from
        "orders" o1_0 
    where
        o1_0."user_id"=?
2026-06-01T01:35:18.127+05:30 DEBUG 19928 --- [nio-8081-exec-5] org.hibernate.SQL                        : 
    select
        u1_0."id",
        u1_0."created_at",
        u1_0."email",
        u1_0."name",
        u1_0."number",
        u1_0."password",
        u1_0."role",
        u1_0."seller_approved" 
    from
        "users" u1_0 
    where
        u1_0."id"=?
2026-06-01T01:35:18.127+05:30 DEBUG 19928 --- [nio-8081-exec-2] org.hibernate.SQL                        : 
    select
        o1_0."user_id",
        o1_0."id",
        o1_0."amount",
        o1_0."date_ordered",
        o1_0."is_paid",
        o1_0."razorpay_order_id",
        o1_0."razorpay_payment_id",
        o1_0."razorpay_signature" 
    from
        "orders" o1_0 
    where
        o1_0."user_id"=?
Hibernate: 
    select
        u1_0."id",
        u1_0."created_at",
        u1_0."email",
        u1_0."name",
        u1_0."number",
        u1_0."password",
        u1_0."role",
        u1_0."seller_approved" 
    from
        "users" u1_0 
    where
        u1_0."id"=?
Hibernate: 
    select
        o1_0."user_id",
        o1_0."id",
        o1_0."amount",
        o1_0."date_ordered",
        o1_0."is_paid",
        o1_0."razorpay_order_id",
        o1_0."razorpay_payment_id",
        o1_0."razorpay_signature" 
    from
        "orders" o1_0 
    where
        o1_0."user_id"=?
2026-06-01T01:35:18.130+05:30 DEBUG 19928 --- [nio-8081-exec-6] org.hibernate.SQL                        : 
    select
        as1_0."id",
        as1_0."last_seen",
        as1_0."session_id",
        as1_0."user_id" 
    from
        "active_sessions" as1_0 
    where
        as1_0."session_id"=?
Hibernate: 
    select
        as1_0."id",
        as1_0."last_seen",
        as1_0."session_id",
        as1_0."user_id" 
    from
        "active_sessions" as1_0 
    where
        as1_0."session_id"=?
2026-06-01T01:35:18.134+05:30 DEBUG 19928 --- [nio-8081-exec-9] org.hibernate.SQL                        : 
    update
        "active_sessions" 
    set
        "last_seen"=?,
        "session_id"=?,
        "user_id"=? 
    where
        "id"=?
Hibernate: 
    update
        "active_sessions" 
    set
        "last_seen"=?,
        "session_id"=?,
        "user_id"=? 
    where
        "id"=?
2026-06-01T01:35:18.149+05:30 DEBUG 19928 --- [nio-8081-exec-4] org.hibernate.SQL                        : 
    select
        sr1_0."requester_id",
        sr1_0."id",
        sr1_0."created_at",
        sr1_0."message",
        sr1_0."status" 
    from
        "seller_requests" sr1_0 
    where
        sr1_0."requester_id"=?
Hibernate: 
    select
        sr1_0."requester_id",
        sr1_0."id",
        sr1_0."created_at",
        sr1_0."message",
        sr1_0."status" 
    from
        "seller_requests" sr1_0 
    where
        sr1_0."requester_id"=?
2026-06-01T01:35:18.156+05:30 DEBUG 19928 --- [io-8081-exec-10] org.hibernate.SQL                        : 
    update
        "active_sessions" 
    set
        "last_seen"=?,
        "session_id"=?,
        "user_id"=? 
    where
        "id"=?
Hibernate: 
    update
        "active_sessions" 
    set
        "last_seen"=?,
        "session_id"=?,
        "user_id"=? 
    where
        "id"=?
2026-06-01T01:35:18.423+05:30 DEBUG 19928 --- [nio-8081-exec-6] org.hibernate.SQL                        : 
    select
        u1_0."id",
        u1_0."created_at",
        u1_0."email",
        u1_0."name",
        u1_0."number",
        u1_0."password",
        u1_0."role",
        u1_0."seller_approved" 
    from
        "users" u1_0 
    where
        u1_0."id"=?
2026-06-01T01:35:18.423+05:30 DEBUG 19928 --- [nio-8081-exec-4] org.hibernate.SQL                        : 
    select
        o1_0."user_id",
        o1_0."id",
        o1_0."amount",
        o1_0."date_ordered",
        o1_0."is_paid",
        o1_0."razorpay_order_id",
        o1_0."razorpay_payment_id",
        o1_0."razorpay_signature" 
    from
        "orders" o1_0 
    where
        o1_0."user_id"=?
Hibernate: 
    select
        u1_0."id",
        u1_0."created_at",
        u1_0."email",
        u1_0."name",
        u1_0."number",
        u1_0."password",
        u1_0."role",
        u1_0."seller_approved" 
    from
        "users" u1_0 
    where
        u1_0."id"=?
Hibernate: 
    select
        o1_0."user_id",
        o1_0."id",
        o1_0."amount",
        o1_0."date_ordered",
        o1_0."is_paid",
        o1_0."razorpay_order_id",
        o1_0."razorpay_payment_id",
        o1_0."razorpay_signature" 
    from
        "orders" o1_0 
    where
        o1_0."user_id"=?
2026-06-01T01:35:18.423+05:30 DEBUG 19928 --- [nio-8081-exec-5] org.hibernate.SQL                        : 
    select
        sp1_0."id",
        sp1_0."bio",
        sp1_0."business_name",
        sp1_0."created_at",
        sp1_0."logo_url",
        sp1_0."status",
        sp1_0."user_id",
        u1_0."id",
        u1_0."created_at",
        u1_0."email",
        u1_0."name",
        u1_0."number",
        u1_0."password",
        u1_0."role",
        u1_0."seller_approved" 
    from
        "seller_profiles" sp1_0 
    join
        "users" u1_0 
            on u1_0."id"=sp1_0."user_id" 
    where
        sp1_0."user_id"=?
Hibernate: 
    select
        sp1_0."id",
        sp1_0."bio",
        sp1_0."business_name",
        sp1_0."created_at",
        sp1_0."logo_url",
        sp1_0."status",
        sp1_0."user_id",
        u1_0."id",
        u1_0."created_at",
        u1_0."email",
        u1_0."name",
        u1_0."number",
        u1_0."password",
        u1_0."role",
        u1_0."seller_approved" 
    from
        "seller_profiles" sp1_0 
    join
        "users" u1_0 
            on u1_0."id"=sp1_0."user_id" 
    where
        sp1_0."user_id"=?
2026-06-01T01:35:18.423+05:30 DEBUG 19928 --- [nio-8081-exec-2] org.hibernate.SQL                        : 
    update
        "active_sessions" 
    set
        "last_seen"=?,
        "session_id"=?,
        "user_id"=? 
    where
        "id"=?
Hibernate: 
    update
        "active_sessions" 
    set
        "last_seen"=?,
        "session_id"=?,
        "user_id"=? 
    where
        "id"=?
2026-06-01T01:35:18.745+05:30 DEBUG 19928 --- [nio-8081-exec-9] o.s.s.w.access.AccessDeniedHandlerImpl   : Responding with 403 status code
2026-06-01T01:35:18.745+05:30 DEBUG 19928 --- [nio-8081-exec-6] org.hibernate.SQL                        : 
    select
        sp1_0."id",
        sp1_0."bio",
        sp1_0."business_name",
        sp1_0."created_at",
        sp1_0."logo_url",
        sp1_0."status",
        sp1_0."user_id",
        u1_0."id",
        u1_0."created_at",
        u1_0."email",
        u1_0."name",
        u1_0."number",
        u1_0."password",
        u1_0."role",
        u1_0."seller_approved" 
    from
        "seller_profiles" sp1_0 
    join
        "users" u1_0 
            on u1_0."id"=sp1_0."user_id" 
    where
        sp1_0."user_id"=?
Hibernate: 
    select
        sp1_0."id",
        sp1_0."bio",
        sp1_0."business_name",
        sp1_0."created_at",
        sp1_0."logo_url",
        sp1_0."status",
        sp1_0."user_id",
        u1_0."id",
        u1_0."created_at",
        u1_0."email",
        u1_0."name",
        u1_0."number",
        u1_0."password",
        u1_0."role",
        u1_0."seller_approved" 
    from
        "seller_profiles" sp1_0 
    join
        "users" u1_0 
            on u1_0."id"=sp1_0."user_id" 
    where
        sp1_0."user_id"=?
2026-06-01T01:35:18.745+05:30 DEBUG 19928 --- [nio-8081-exec-4] org.hibernate.SQL                        : 
    update
        "active_sessions" 
    set
        "last_seen"=?,
        "session_id"=?,
        "user_id"=? 
    where
        "id"=?
Hibernate: 
    update
        "active_sessions" 
    set
        "last_seen"=?,
        "session_id"=?,
        "user_id"=? 
    where
        "id"=?
2026-06-01T01:35:18.745+05:30 DEBUG 19928 --- [nio-8081-exec-5] org.hibernate.SQL                        : 
    select
        as1_0."id",
        as1_0."last_seen",
        as1_0."session_id",
        u1_0."id",
        u1_0."created_at",
        u1_0."email",
        u1_0."name",
        u1_0."number",
        u1_0."password",
        u1_0."role",
        u1_0."seller_approved",
        sp1_0."id",
        sp1_0."bio",
        sp1_0."business_name",
        sp1_0."created_at",
        sp1_0."logo_url",
        sp1_0."status",
        sp1_0."user_id",
        c1_0."user_id",
        c1_0."id",
        c1_0."product_id",
        c1_0."qty" 
    from
        "active_sessions" as1_0 
    left join
        "users" u1_0 
            on u1_0."id"=as1_0."user_id" 
    left join
        "seller_profiles" sp1_0 
            on u1_0."id"=sp1_0."user_id" 
    left join
        "cart_items" c1_0 
            on u1_0."id"=c1_0."user_id" 
    where
        as1_0."id"=?
2026-06-01T01:35:18.753+05:30 DEBUG 19928 --- [nio-8081-exec-9] o.s.security.web.FilterChainProxy        : Securing GET /error
Hibernate: 
    select
        as1_0."id",
        as1_0."last_seen",
        as1_0."session_id",
        u1_0."id",
        u1_0."created_at",
        u1_0."email",
        u1_0."name",
        u1_0."number",
        u1_0."password",
        u1_0."role",
        u1_0."seller_approved",
        sp1_0."id",
        sp1_0."bio",
        sp1_0."business_name",
        sp1_0."created_at",
        sp1_0."logo_url",
        sp1_0."status",
        sp1_0."user_id",
        c1_0."user_id",
        c1_0."id",
        c1_0."product_id",
        c1_0."qty" 
    from
        "active_sessions" as1_0 
    left join
        "users" u1_0 
            on u1_0."id"=as1_0."user_id" 
    left join
        "seller_profiles" sp1_0 
            on u1_0."id"=sp1_0."user_id" 
    left join
        "cart_items" c1_0 
            on u1_0."id"=c1_0."user_id" 
    where
        as1_0."id"=?
2026-06-01T01:35:18.755+05:30 DEBUG 19928 --- [nio-8081-exec-9] o.s.s.w.a.AnonymousAuthenticationFilter  : Set SecurityContextHolder to anonymous SecurityContext
2026-06-01T01:35:18.756+05:30 DEBUG 19928 --- [nio-8081-exec-9] o.s.s.w.a.Http403ForbiddenEntryPoint     : Pre-authenticated entry point called. Rejecting access
2026-06-01T01:35:18.758+05:30 DEBUG 19928 --- [nio-8081-exec-1] o.s.security.web.FilterChainProxy        : Securing GET /api/products
2026-06-01T01:35:18.766+05:30 DEBUG 19928 --- [nio-8081-exec-1] org.hibernate.SQL                        : 
    select
        ut1_0."id",
        ut1_0."token",
        ut1_0."user_id" 
    from
        "user_tokens" ut1_0 
    where
        ut1_0."token"=?
Hibernate: 
    select
        ut1_0."id",
        ut1_0."token",
        ut1_0."user_id" 
    from
        "user_tokens" ut1_0 
    where
        ut1_0."token"=?
2026-06-01T01:35:19.071+05:30 DEBUG 19928 --- [nio-8081-exec-5] org.hibernate.SQL                        : 
    select
        t1_0."user_id",
        t1_0."id",
        t1_0."token" 
    from
        "user_tokens" t1_0 
    where
        t1_0."user_id"=?
2026-06-01T01:35:19.071+05:30 DEBUG 19928 --- [io-8081-exec-10] o.s.s.w.access.AccessDeniedHandlerImpl   : Responding with 403 status code
Hibernate: 
    select
        t1_0."user_id",
        t1_0."id",
        t1_0."token" 
    from
        "user_tokens" t1_0 
    where
        t1_0."user_id"=?
2026-06-01T01:35:19.071+05:30 DEBUG 19928 --- [nio-8081-exec-1] org.hibernate.SQL                        : 
    select
        u1_0."id",
        u1_0."created_at",
        u1_0."email",
        u1_0."name",
        u1_0."number",
        u1_0."password",
        u1_0."role",
        u1_0."seller_approved" 
    from
        "users" u1_0 
    where
        u1_0."id"=?
2026-06-01T01:35:19.071+05:30 DEBUG 19928 --- [nio-8081-exec-6] org.hibernate.SQL                        : 
    select
        as1_0."id",
        as1_0."last_seen",
        as1_0."session_id",
        u1_0."id",
        u1_0."created_at",
        u1_0."email",
        u1_0."name",
        u1_0."number",
        u1_0."password",
        u1_0."role",
        u1_0."seller_approved",
        sp1_0."id",
        sp1_0."bio",
        sp1_0."business_name",
        sp1_0."created_at",
        sp1_0."logo_url",
        sp1_0."status",
        sp1_0."user_id",
        c1_0."user_id",
        c1_0."id",
        c1_0."product_id",
        c1_0."qty" 
    from
        "active_sessions" as1_0 
    left join
        "users" u1_0 
            on u1_0."id"=as1_0."user_id" 
    left join
        "seller_profiles" sp1_0 
            on u1_0."id"=sp1_0."user_id" 
    left join
        "cart_items" c1_0 
            on u1_0."id"=c1_0."user_id" 
    where
        as1_0."id"=?
Hibernate: 
    select
        u1_0."id",
        u1_0."created_at",
        u1_0."email",
        u1_0."name",
        u1_0."number",
        u1_0."password",
        u1_0."role",
        u1_0."seller_approved" 
    from
        "users" u1_0 
    where
        u1_0."id"=?
Hibernate: 
    select
        as1_0."id",
        as1_0."last_seen",
        as1_0."session_id",
        u1_0."id",
        u1_0."created_at",
        u1_0."email",
        u1_0."name",
        u1_0."number",
        u1_0."password",
        u1_0."role",
        u1_0."seller_approved",
        sp1_0."id",
        sp1_0."bio",
        sp1_0."business_name",
        sp1_0."created_at",
        sp1_0."logo_url",
        sp1_0."status",
        sp1_0."user_id",
        c1_0."user_id",
        c1_0."id",
        c1_0."product_id",
        c1_0."qty" 
    from
        "active_sessions" as1_0 
    left join
        "users" u1_0 
            on u1_0."id"=as1_0."user_id" 
    left join
        "seller_profiles" sp1_0 
            on u1_0."id"=sp1_0."user_id" 
    left join
        "cart_items" c1_0 
            on u1_0."id"=c1_0."user_id" 
    where
        as1_0."id"=?
2026-06-01T01:35:19.080+05:30 DEBUG 19928 --- [io-8081-exec-10] o.s.security.web.FilterChainProxy        : Securing GET /error
2026-06-01T01:35:19.083+05:30 DEBUG 19928 --- [io-8081-exec-10] o.s.s.w.a.AnonymousAuthenticationFilter  : Set SecurityContextHolder to anonymous SecurityContext
2026-06-01T01:35:19.084+05:30 DEBUG 19928 --- [io-8081-exec-10] o.s.s.w.a.Http403ForbiddenEntryPoint     : Pre-authenticated entry point called. Rejecting access
2026-06-01T01:35:19.087+05:30 DEBUG 19928 --- [nio-8081-exec-3] o.s.security.web.FilterChainProxy        : Securing GET /api/products
2026-06-01T01:35:19.093+05:30 DEBUG 19928 --- [nio-8081-exec-3] org.hibernate.SQL                        : 
    select
        ut1_0."id",
        ut1_0."token",
        ut1_0."user_id" 
    from
        "user_tokens" ut1_0 
    where
        ut1_0."token"=?
Hibernate: 
    select
        ut1_0."id",
        ut1_0."token",
        ut1_0."user_id" 
    from
        "user_tokens" ut1_0 
    where
        ut1_0."token"=?
2026-06-01T01:35:19.385+05:30 DEBUG 19928 --- [nio-8081-exec-5] org.hibernate.SQL                        : 
    select
        sr1_0."requester_id",
        sr1_0."id",
        sr1_0."created_at",
        sr1_0."message",
        sr1_0."status" 
    from
        "seller_requests" sr1_0 
    where
        sr1_0."requester_id"=?
Hibernate: 
    select
        sr1_0."requester_id",
        sr1_0."id",
        sr1_0."created_at",
        sr1_0."message",
        sr1_0."status" 
    from
        "seller_requests" sr1_0 
    where
        sr1_0."requester_id"=?
2026-06-01T01:35:19.385+05:30 DEBUG 19928 --- [nio-8081-exec-6] org.hibernate.SQL                        : 
    select
        t1_0."user_id",
        t1_0."id",
        t1_0."token" 
    from
        "user_tokens" t1_0 
    where
        t1_0."user_id"=?
Hibernate: 
    select
        t1_0."user_id",
        t1_0."id",
        t1_0."token" 
    from
        "user_tokens" t1_0 
    where
        t1_0."user_id"=?
2026-06-01T01:35:19.386+05:30 DEBUG 19928 --- [nio-8081-exec-2] o.s.s.w.access.AccessDeniedHandlerImpl   : Responding with 403 status code
2026-06-01T01:35:19.386+05:30 DEBUG 19928 --- [nio-8081-exec-3] org.hibernate.SQL                        : 
    select
        u1_0."id",
        u1_0."created_at",
        u1_0."email",
        u1_0."name",
        u1_0."number",
        u1_0."password",
        u1_0."role",
        u1_0."seller_approved" 
    from
        "users" u1_0 
    where
        u1_0."id"=?
Hibernate: 
    select
        u1_0."id",
        u1_0."created_at",
        u1_0."email",
        u1_0."name",
        u1_0."number",
        u1_0."password",
        u1_0."role",
        u1_0."seller_approved" 
    from
        "users" u1_0 
    where
        u1_0."id"=?
2026-06-01T01:35:19.386+05:30 DEBUG 19928 --- [nio-8081-exec-1] org.hibernate.SQL                        : 
    select
        sp1_0."id",
        sp1_0."bio",
        sp1_0."business_name",
        sp1_0."created_at",
        sp1_0."logo_url",
        sp1_0."status",
        sp1_0."user_id",
        u1_0."id",
        u1_0."created_at",
        u1_0."email",
        u1_0."name",
        u1_0."number",
        u1_0."password",
        u1_0."role",
        u1_0."seller_approved" 
    from
        "seller_profiles" sp1_0 
    join
        "users" u1_0 
            on u1_0."id"=sp1_0."user_id" 
    where
        sp1_0."user_id"=?
Hibernate: 
    select
        sp1_0."id",
        sp1_0."bio",
        sp1_0."business_name",
        sp1_0."created_at",
        sp1_0."logo_url",
        sp1_0."status",
        sp1_0."user_id",
        u1_0."id",
        u1_0."created_at",
        u1_0."email",
        u1_0."name",
        u1_0."number",
        u1_0."password",
        u1_0."role",
        u1_0."seller_approved" 
    from
        "seller_profiles" sp1_0 
    join
        "users" u1_0 
            on u1_0."id"=sp1_0."user_id" 
    where
        sp1_0."user_id"=?
2026-06-01T01:35:19.388+05:30 DEBUG 19928 --- [nio-8081-exec-2] o.s.security.web.FilterChainProxy        : Securing GET /error
2026-06-01T01:35:19.391+05:30 DEBUG 19928 --- [nio-8081-exec-2] o.s.s.w.a.AnonymousAuthenticationFilter  : Set SecurityContextHolder to anonymous SecurityContext
2026-06-01T01:35:19.392+05:30 DEBUG 19928 --- [nio-8081-exec-2] o.s.s.w.a.Http403ForbiddenEntryPoint     : Pre-authenticated entry point called. Rejecting access
2026-06-01T01:35:19.640+05:30 DEBUG 19928 --- [nio-8081-exec-6] org.hibernate.SQL                        : 
    select
        sr1_0."requester_id",
        sr1_0."id",
        sr1_0."created_at",
        sr1_0."message",
        sr1_0."status" 
    from
        "seller_requests" sr1_0 
    where
        sr1_0."requester_id"=?
Hibernate: 
    select
        sr1_0."requester_id",
        sr1_0."id",
        sr1_0."created_at",
        sr1_0."message",
        sr1_0."status" 
    from
        "seller_requests" sr1_0 
    where
        sr1_0."requester_id"=?
2026-06-01T01:35:19.640+05:30 DEBUG 19928 --- [nio-8081-exec-5] org.hibernate.SQL                        : 
    select
        o1_0."user_id",
        o1_0."id",
        o1_0."amount",
        o1_0."date_ordered",
        o1_0."is_paid",
        o1_0."razorpay_order_id",
        o1_0."razorpay_payment_id",
        o1_0."razorpay_signature" 
    from
        "orders" o1_0 
    where
        o1_0."user_id"=?
Hibernate: 
    select
        o1_0."user_id",
        o1_0."id",
        o1_0."amount",
        o1_0."date_ordered",
        o1_0."is_paid",
        o1_0."razorpay_order_id",
        o1_0."razorpay_payment_id",
        o1_0."razorpay_signature" 
    from
        "orders" o1_0 
    where
        o1_0."user_id"=?
2026-06-01T01:35:19.643+05:30 DEBUG 19928 --- [nio-8081-exec-4] o.s.s.w.access.AccessDeniedHandlerImpl   : Responding with 403 status code
2026-06-01T01:35:19.644+05:30 DEBUG 19928 --- [nio-8081-exec-4] o.s.security.web.FilterChainProxy        : Securing GET /error
2026-06-01T01:35:19.645+05:30 DEBUG 19928 --- [nio-8081-exec-4] o.s.s.w.a.AnonymousAuthenticationFilter  : Set SecurityContextHolder to anonymous SecurityContext
2026-06-01T01:35:19.645+05:30 DEBUG 19928 --- [nio-8081-exec-4] o.s.s.w.a.Http403ForbiddenEntryPoint     : Pre-authenticated entry point called. Rejecting access
2026-06-01T01:35:19.657+05:30 DEBUG 19928 --- [nio-8081-exec-3] org.hibernate.SQL                        : 
    select
        sp1_0."id",
        sp1_0."bio",
        sp1_0."business_name",
        sp1_0."created_at",
        sp1_0."logo_url",
        sp1_0."status",
        sp1_0."user_id",
        u1_0."id",
        u1_0."created_at",
        u1_0."email",
        u1_0."name",
        u1_0."number",
        u1_0."password",
        u1_0."role",
        u1_0."seller_approved" 
    from
        "seller_profiles" sp1_0 
    join
        "users" u1_0 
            on u1_0."id"=sp1_0."user_id" 
    where
        sp1_0."user_id"=?
Hibernate: 
    select
        sp1_0."id",
        sp1_0."bio",
        sp1_0."business_name",
        sp1_0."created_at",
        sp1_0."logo_url",
        sp1_0."status",
        sp1_0."user_id",
        u1_0."id",
        u1_0."created_at",
        u1_0."email",
        u1_0."name",
        u1_0."number",
        u1_0."password",
        u1_0."role",
        u1_0."seller_approved" 
    from
        "seller_profiles" sp1_0 
    join
        "users" u1_0 
            on u1_0."id"=sp1_0."user_id" 
    where
        sp1_0."user_id"=?
2026-06-01T01:35:19.894+05:30 DEBUG 19928 --- [nio-8081-exec-6] org.hibernate.SQL                        : 
    select
        o1_0."user_id",
        o1_0."id",
        o1_0."amount",
        o1_0."date_ordered",
        o1_0."is_paid",
        o1_0."razorpay_order_id",
        o1_0."razorpay_payment_id",
        o1_0."razorpay_signature" 
    from
        "orders" o1_0 
    where
        o1_0."user_id"=?
Hibernate: 
    select
        o1_0."user_id",
        o1_0."id",
        o1_0."amount",
        o1_0."date_ordered",
        o1_0."is_paid",
        o1_0."razorpay_order_id",
        o1_0."razorpay_payment_id",
        o1_0."razorpay_signature" 
    from
        "orders" o1_0 
    where
        o1_0."user_id"=?
2026-06-01T01:35:19.896+05:30 DEBUG 19928 --- [nio-8081-exec-5] org.hibernate.SQL                        : 
    update
        "active_sessions" 
    set
        "last_seen"=?,
        "session_id"=?,
        "user_id"=? 
    where
        "id"=?
Hibernate: 
    update
        "active_sessions" 
    set
        "last_seen"=?,
        "session_id"=?,
        "user_id"=? 
    where
        "id"=?
2026-06-01T01:35:19.899+05:30 DEBUG 19928 --- [nio-8081-exec-1] org.hibernate.SQL                        : 
    select
        as1_0."id",
        as1_0."last_seen",
        as1_0."session_id",
        as1_0."user_id" 
    from
        "active_sessions" as1_0 
    where
        as1_0."session_id"=?
Hibernate: 
    select
        as1_0."id",
        as1_0."last_seen",
        as1_0."session_id",
        as1_0."user_id" 
    from
        "active_sessions" as1_0 
    where
        as1_0."session_id"=?
2026-06-01T01:35:20.183+05:30 DEBUG 19928 --- [nio-8081-exec-1] org.hibernate.SQL                        : 
    select
        u1_0."id",
        u1_0."created_at",
        u1_0."email",
        u1_0."name",
        u1_0."number",
        u1_0."password",
        u1_0."role",
        u1_0."seller_approved" 
    from
        "users" u1_0 
    where
        u1_0."id"=?
Hibernate: 
    select
        u1_0."id",
        u1_0."created_at",
        u1_0."email",
        u1_0."name",
        u1_0."number",
        u1_0."password",
        u1_0."role",
        u1_0."seller_approved" 
    from
        "users" u1_0 
    where
        u1_0."id"=?
2026-06-01T01:35:20.183+05:30 DEBUG 19928 --- [nio-8081-exec-6] org.hibernate.SQL                        : 
    update
        "active_sessions" 
    set
        "last_seen"=?,
        "session_id"=?,
        "user_id"=? 
    where
        "id"=?
Hibernate: 
    update
        "active_sessions" 
    set
        "last_seen"=?,
        "session_id"=?,
        "user_id"=? 
    where
        "id"=?
2026-06-01T01:35:20.184+05:30 DEBUG 19928 --- [nio-8081-exec-3] org.hibernate.SQL                        : 
    select
        as1_0."id",
        as1_0."last_seen",
        as1_0."session_id",
        as1_0."user_id" 
    from
        "active_sessions" as1_0 
    where
        as1_0."session_id"=?
Hibernate: 
    select
        as1_0."id",
        as1_0."last_seen",
        as1_0."session_id",
        as1_0."user_id" 
    from
        "active_sessions" as1_0 
    where
        as1_0."session_id"=?
2026-06-01T01:35:20.503+05:30 DEBUG 19928 --- [nio-8081-exec-3] org.hibernate.SQL                        : 
    select
        u1_0."id",
        u1_0."created_at",
        u1_0."email",
        u1_0."name",
        u1_0."number",
        u1_0."password",
        u1_0."role",
        u1_0."seller_approved" 
    from
        "users" u1_0 
    where
        u1_0."id"=?
2026-06-01T01:35:20.504+05:30 DEBUG 19928 --- [nio-8081-exec-5] o.s.s.w.access.AccessDeniedHandlerImpl   : Responding with 403 status code
Hibernate: 
    select
        u1_0."id",
        u1_0."created_at",
        u1_0."email",
        u1_0."name",
        u1_0."number",
        u1_0."password",
        u1_0."role",
        u1_0."seller_approved" 
    from
        "users" u1_0 
    where
        u1_0."id"=?
2026-06-01T01:35:20.504+05:30 DEBUG 19928 --- [nio-8081-exec-1] org.hibernate.SQL                        : 
    select
        sp1_0."id",
        sp1_0."bio",
        sp1_0."business_name",
        sp1_0."created_at",
        sp1_0."logo_url",
        sp1_0."status",
        sp1_0."user_id",
        u1_0."id",
        u1_0."created_at",
        u1_0."email",
        u1_0."name",
        u1_0."number",
        u1_0."password",
        u1_0."role",
        u1_0."seller_approved" 
    from
        "seller_profiles" sp1_0 
    join
        "users" u1_0 
            on u1_0."id"=sp1_0."user_id" 
    where
        sp1_0."user_id"=?
Hibernate: 
    select
        sp1_0."id",
        sp1_0."bio",
        sp1_0."business_name",
        sp1_0."created_at",
        sp1_0."logo_url",
        sp1_0."status",
        sp1_0."user_id",
        u1_0."id",
        u1_0."created_at",
        u1_0."email",
        u1_0."name",
        u1_0."number",
        u1_0."password",
        u1_0."role",
        u1_0."seller_approved" 
    from
        "seller_profiles" sp1_0 
    join
        "users" u1_0 
            on u1_0."id"=sp1_0."user_id" 
    where
        sp1_0."user_id"=?
2026-06-01T01:35:20.513+05:30 DEBUG 19928 --- [nio-8081-exec-5] o.s.security.web.FilterChainProxy        : Securing GET /error
2026-06-01T01:35:20.515+05:30 DEBUG 19928 --- [nio-8081-exec-5] o.s.s.w.a.AnonymousAuthenticationFilter  : Set SecurityContextHolder to anonymous SecurityContext
2026-06-01T01:35:20.516+05:30 DEBUG 19928 --- [nio-8081-exec-5] o.s.s.w.a.Http403ForbiddenEntryPoint     : Pre-authenticated entry point called. Rejecting access
2026-06-01T01:35:20.824+05:30 DEBUG 19928 --- [nio-8081-exec-6] o.s.s.w.access.AccessDeniedHandlerImpl   : Responding with 403 status code
2026-06-01T01:35:20.824+05:30 DEBUG 19928 --- [nio-8081-exec-3] org.hibernate.SQL                        : 
    select
        sp1_0."id",
        sp1_0."bio",
        sp1_0."business_name",
        sp1_0."created_at",
        sp1_0."logo_url",
        sp1_0."status",
        sp1_0."user_id",
        u1_0."id",
        u1_0."created_at",
        u1_0."email",
        u1_0."name",
        u1_0."number",
        u1_0."password",
        u1_0."role",
        u1_0."seller_approved" 
    from
        "seller_profiles" sp1_0 
    join
        "users" u1_0 
            on u1_0."id"=sp1_0."user_id" 
    where
        sp1_0."user_id"=?
Hibernate: 
    select
        sp1_0."id",
        sp1_0."bio",
        sp1_0."business_name",
        sp1_0."created_at",
        sp1_0."logo_url",
        sp1_0."status",
        sp1_0."user_id",
        u1_0."id",
        u1_0."created_at",
        u1_0."email",
        u1_0."name",
        u1_0."number",
        u1_0."password",
        u1_0."role",
        u1_0."seller_approved" 
    from
        "seller_profiles" sp1_0 
    join
        "users" u1_0 
            on u1_0."id"=sp1_0."user_id" 
    where
        sp1_0."user_id"=?
2026-06-01T01:35:20.824+05:30 DEBUG 19928 --- [nio-8081-exec-1] org.hibernate.SQL                        : 
    select
        as1_0."id",
        as1_0."last_seen",
        as1_0."session_id",
        u1_0."id",
        u1_0."created_at",
        u1_0."email",
        u1_0."name",
        u1_0."number",
        u1_0."password",
        u1_0."role",
        u1_0."seller_approved",
        sp1_0."id",
        sp1_0."bio",
        sp1_0."business_name",
        sp1_0."created_at",
        sp1_0."logo_url",
        sp1_0."status",
        sp1_0."user_id",
        c1_0."user_id",
        c1_0."id",
        c1_0."product_id",
        c1_0."qty" 
    from
        "active_sessions" as1_0 
    left join
        "users" u1_0 
            on u1_0."id"=as1_0."user_id" 
    left join
        "seller_profiles" sp1_0 
            on u1_0."id"=sp1_0."user_id" 
    left join
        "cart_items" c1_0 
            on u1_0."id"=c1_0."user_id" 
    where
        as1_0."id"=?
Hibernate: 
    select
        as1_0."id",
        as1_0."last_seen",
        as1_0."session_id",
        u1_0."id",
        u1_0."created_at",
        u1_0."email",
        u1_0."name",
        u1_0."number",
        u1_0."password",
        u1_0."role",
        u1_0."seller_approved",
        sp1_0."id",
        sp1_0."bio",
        sp1_0."business_name",
        sp1_0."created_at",
        sp1_0."logo_url",
        sp1_0."status",
        sp1_0."user_id",
        c1_0."user_id",
        c1_0."id",
        c1_0."product_id",
        c1_0."qty" 
    from
        "active_sessions" as1_0 
    left join
        "users" u1_0 
            on u1_0."id"=as1_0."user_id" 
    left join
        "seller_profiles" sp1_0 
            on u1_0."id"=sp1_0."user_id" 
    left join
        "cart_items" c1_0 
            on u1_0."id"=c1_0."user_id" 
    where
        as1_0."id"=?
2026-06-01T01:35:20.833+05:30 DEBUG 19928 --- [nio-8081-exec-6] o.s.security.web.FilterChainProxy        : Securing GET /error
2026-06-01T01:35:20.834+05:30 DEBUG 19928 --- [nio-8081-exec-6] o.s.s.w.a.AnonymousAuthenticationFilter  : Set SecurityContextHolder to anonymous SecurityContext
2026-06-01T01:35:20.834+05:30 DEBUG 19928 --- [nio-8081-exec-6] o.s.s.w.a.Http403ForbiddenEntryPoint     : Pre-authenticated entry point called. Rejecting access
2026-06-01T01:35:21.088+05:30 DEBUG 19928 --- [nio-8081-exec-1] org.hibernate.SQL                        : 
    select
        t1_0."user_id",
        t1_0."id",
        t1_0."token" 
    from
        "user_tokens" t1_0 
    where
        t1_0."user_id"=?
Hibernate: 
    select
        t1_0."user_id",
        t1_0."id",
        t1_0."token" 
    from
        "user_tokens" t1_0 
    where
        t1_0."user_id"=?
2026-06-01T01:35:21.092+05:30 DEBUG 19928 --- [nio-8081-exec-3] org.hibernate.SQL                        : 
    select
        as1_0."id",
        as1_0."last_seen",
        as1_0."session_id",
        u1_0."id",
        u1_0."created_at",
        u1_0."email",
        u1_0."name",
        u1_0."number",
        u1_0."password",
        u1_0."role",
        u1_0."seller_approved",
        sp1_0."id",
        sp1_0."bio",
        sp1_0."business_name",
        sp1_0."created_at",
        sp1_0."logo_url",
        sp1_0."status",
        sp1_0."user_id",
        c1_0."user_id",
        c1_0."id",
        c1_0."product_id",
        c1_0."qty" 
    from
        "active_sessions" as1_0 
    left join
        "users" u1_0 
            on u1_0."id"=as1_0."user_id" 
    left join
        "seller_profiles" sp1_0 
            on u1_0."id"=sp1_0."user_id" 
    left join
        "cart_items" c1_0 
            on u1_0."id"=c1_0."user_id" 
    where
        as1_0."id"=?
Hibernate: 
    select
        as1_0."id",
        as1_0."last_seen",
        as1_0."session_id",
        u1_0."id",
        u1_0."created_at",
        u1_0."email",
        u1_0."name",
        u1_0."number",
        u1_0."password",
        u1_0."role",
        u1_0."seller_approved",
        sp1_0."id",
        sp1_0."bio",
        sp1_0."business_name",
        sp1_0."created_at",
        sp1_0."logo_url",
        sp1_0."status",
        sp1_0."user_id",
        c1_0."user_id",
        c1_0."id",
        c1_0."product_id",
        c1_0."qty" 
    from
        "active_sessions" as1_0 
    left join
        "users" u1_0 
            on u1_0."id"=as1_0."user_id" 
    left join
        "seller_profiles" sp1_0 
            on u1_0."id"=sp1_0."user_id" 
    left join
        "cart_items" c1_0 
            on u1_0."id"=c1_0."user_id" 
    where
        as1_0."id"=?
2026-06-01T01:35:21.338+05:30 DEBUG 19928 --- [nio-8081-exec-1] org.hibernate.SQL                        : 
    select
        sr1_0."requester_id",
        sr1_0."id",
        sr1_0."created_at",
        sr1_0."message",
        sr1_0."status" 
    from
        "seller_requests" sr1_0 
    where
        sr1_0."requester_id"=?
Hibernate: 
    select
        sr1_0."requester_id",
        sr1_0."id",
        sr1_0."created_at",
        sr1_0."message",
        sr1_0."status" 
    from
        "seller_requests" sr1_0 
    where
        sr1_0."requester_id"=?
2026-06-01T01:35:21.349+05:30 DEBUG 19928 --- [nio-8081-exec-3] org.hibernate.SQL                        : 
    select
        t1_0."user_id",
        t1_0."id",
        t1_0."token" 
    from
        "user_tokens" t1_0 
    where
        t1_0."user_id"=?
Hibernate: 
    select
        t1_0."user_id",
        t1_0."id",
        t1_0."token" 
    from
        "user_tokens" t1_0 
    where
        t1_0."user_id"=?
2026-06-01T01:35:21.625+05:30 DEBUG 19928 --- [nio-8081-exec-1] org.hibernate.SQL                        : 
    select
        o1_0."user_id",
        o1_0."id",
        o1_0."amount",
        o1_0."date_ordered",
        o1_0."is_paid",
        o1_0."razorpay_order_id",
        o1_0."razorpay_payment_id",
        o1_0."razorpay_signature" 
    from
        "orders" o1_0 
    where
        o1_0."user_id"=?
Hibernate: 
    select
        o1_0."user_id",
        o1_0."id",
        o1_0."amount",
        o1_0."date_ordered",
        o1_0."is_paid",
        o1_0."razorpay_order_id",
        o1_0."razorpay_payment_id",
        o1_0."razorpay_signature" 
    from
        "orders" o1_0 
    where
        o1_0."user_id"=?
2026-06-01T01:35:21.625+05:30 DEBUG 19928 --- [nio-8081-exec-3] org.hibernate.SQL                        : 
    select
        sr1_0."requester_id",
        sr1_0."id",
        sr1_0."created_at",
        sr1_0."message",
        sr1_0."status" 
    from
        "seller_requests" sr1_0 
    where
        sr1_0."requester_id"=?
Hibernate: 
    select
        sr1_0."requester_id",
        sr1_0."id",
        sr1_0."created_at",
        sr1_0."message",
        sr1_0."status" 
    from
        "seller_requests" sr1_0 
    where
        sr1_0."requester_id"=?
2026-06-01T01:35:21.934+05:30 DEBUG 19928 --- [nio-8081-exec-3] org.hibernate.SQL                        : 
    select
        o1_0."user_id",
        o1_0."id",
        o1_0."amount",
        o1_0."date_ordered",
        o1_0."is_paid",
        o1_0."razorpay_order_id",
        o1_0."razorpay_payment_id",
        o1_0."razorpay_signature" 
    from
        "orders" o1_0 
    where
        o1_0."user_id"=?
Hibernate: 
    select
        o1_0."user_id",
        o1_0."id",
        o1_0."amount",
        o1_0."date_ordered",
        o1_0."is_paid",
        o1_0."razorpay_order_id",
        o1_0."razorpay_payment_id",
        o1_0."razorpay_signature" 
    from
        "orders" o1_0 
    where
        o1_0."user_id"=?
2026-06-01T01:35:21.935+05:30 DEBUG 19928 --- [nio-8081-exec-1] org.hibernate.SQL                        : 
    update
        "active_sessions" 
    set
        "last_seen"=?,
        "session_id"=?,
        "user_id"=? 
    where
        "id"=?
Hibernate: 
    update
        "active_sessions" 
    set
        "last_seen"=?,
        "session_id"=?,
        "user_id"=? 
    where
        "id"=?
2026-06-01T01:35:22.199+05:30 DEBUG 19928 --- [nio-8081-exec-3] org.hibernate.SQL                        : 
    update
        "active_sessions" 
    set
        "last_seen"=?,
        "session_id"=?,
        "user_id"=? 
    where
        "id"=?
Hibernate: 
    update
        "active_sessions" 
    set
        "last_seen"=?,
        "session_id"=?,
        "user_id"=? 
    where
        "id"=?
2026-06-01T01:35:22.584+05:30 DEBUG 19928 --- [nio-8081-exec-1] o.s.security.web.FilterChainProxy        : Secured GET /api/products
2026-06-01T01:35:22.593+05:30 DEBUG 19928 --- [nio-8081-exec-1] o.s.web.servlet.DispatcherServlet        : GET "/api/products", parameters={}
2026-06-01T01:35:22.594+05:30 DEBUG 19928 --- [nio-8081-exec-1] s.w.s.m.m.a.RequestMappingHandlerMapping : Mapped to com.example.amazonclonebackend.controller.ProductController#getProducts(String, String)
2026-06-01T01:35:22.595+05:30 DEBUG 19928 --- [nio-8081-exec-1] org.hibernate.SQL                        : 
    select
        p1_0."id",
        p1_0."acc_value",
        p1_0."best_seller",
        p1_0."category",
        p1_0."discount",
        p1_0."mrp",
        p1_0."name",
        p1_0."new_release",
        p1_0."price",
        p1_0."res_url",
        p1_0."seller_profile_id",
        p1_0."today_deal",
        p1_0."url",
        p1_0."value" 
    from
        "products" p1_0
Hibernate: 
    select
        p1_0."id",
        p1_0."acc_value",
        p1_0."best_seller",
        p1_0."category",
        p1_0."discount",
        p1_0."mrp",
        p1_0."name",
        p1_0."new_release",
        p1_0."price",
        p1_0."res_url",
        p1_0."seller_profile_id",
        p1_0."today_deal",
        p1_0."url",
        p1_0."value" 
    from
        "products" p1_0
2026-06-01T01:35:22.905+05:30 DEBUG 19928 --- [nio-8081-exec-3] o.s.security.web.FilterChainProxy        : Secured GET /api/products
2026-06-01T01:35:22.912+05:30 DEBUG 19928 --- [nio-8081-exec-1] org.hibernate.SQL                        : 
    select
        p1_0."product_id",
        p1_0."id",
        p1_0."point" 
    from
        "product_points" p1_0 
    where
        p1_0."product_id"=?
Hibernate: 
    select
        p1_0."product_id",
        p1_0."id",
        p1_0."point" 
    from
        "product_points" p1_0 
    where
        p1_0."product_id"=?
2026-06-01T01:35:22.913+05:30 DEBUG 19928 --- [nio-8081-exec-3] o.s.web.servlet.DispatcherServlet        : GET "/api/products", parameters={}
2026-06-01T01:35:22.914+05:30 DEBUG 19928 --- [nio-8081-exec-3] s.w.s.m.m.a.RequestMappingHandlerMapping : Mapped to com.example.amazonclonebackend.controller.ProductController#getProducts(String, String)
2026-06-01T01:35:22.917+05:30 DEBUG 19928 --- [nio-8081-exec-3] org.hibernate.SQL                        : 
    select
        p1_0."id",
        p1_0."acc_value",
        p1_0."best_seller",
        p1_0."category",
        p1_0."discount",
        p1_0."mrp",
        p1_0."name",
        p1_0."new_release",
        p1_0."price",
        p1_0."res_url",
        p1_0."seller_profile_id",
        p1_0."today_deal",
        p1_0."url",
        p1_0."value" 
    from
        "products" p1_0
Hibernate: 
    select
        p1_0."id",
        p1_0."acc_value",
        p1_0."best_seller",
        p1_0."category",
        p1_0."discount",
        p1_0."mrp",
        p1_0."name",
        p1_0."new_release",
        p1_0."price",
        p1_0."res_url",
        p1_0."seller_profile_id",
        p1_0."today_deal",
        p1_0."url",
        p1_0."value" 
    from
        "products" p1_0
2026-06-01T01:35:23.225+05:30 DEBUG 19928 --- [nio-8081-exec-1] org.hibernate.SQL                        : 
    select
        p1_0."product_id",
        p1_0."id",
        p1_0."point" 
    from
        "product_points" p1_0 
    where
        p1_0."product_id"=?
Hibernate: 
    select
        p1_0."product_id",
        p1_0."id",
        p1_0."point" 
    from
        "product_points" p1_0 
    where
        p1_0."product_id"=?
2026-06-01T01:35:23.228+05:30 DEBUG 19928 --- [nio-8081-exec-3] org.hibernate.SQL                        : 
    select
        p1_0."product_id",
        p1_0."id",
        p1_0."point" 
    from
        "product_points" p1_0 
    where
        p1_0."product_id"=?
Hibernate: 
    select
        p1_0."product_id",
        p1_0."id",
        p1_0."point" 
    from
        "product_points" p1_0 
    where
        p1_0."product_id"=?
2026-06-01T01:35:23.557+05:30 DEBUG 19928 --- [nio-8081-exec-3] org.hibernate.SQL                        : 
    select
        p1_0."product_id",
        p1_0."id",
        p1_0."point" 
    from
        "product_points" p1_0 
    where
        p1_0."product_id"=?
Hibernate: 
    select
        p1_0."product_id",
        p1_0."id",
        p1_0."point" 
    from
        "product_points" p1_0 
    where
        p1_0."product_id"=?
2026-06-01T01:35:23.557+05:30 DEBUG 19928 --- [nio-8081-exec-1] org.hibernate.SQL                        : 
    select
        p1_0."product_id",
        p1_0."id",
        p1_0."point" 
    from
        "product_points" p1_0 
    where
        p1_0."product_id"=?
Hibernate: 
    select
        p1_0."product_id",
        p1_0."id",
        p1_0."point" 
    from
        "product_points" p1_0 
    where
        p1_0."product_id"=?
2026-06-01T01:35:23.863+05:30 DEBUG 19928 --- [nio-8081-exec-3] org.hibernate.SQL                        : 
    select
        p1_0."product_id",
        p1_0."id",
        p1_0."point" 
    from
        "product_points" p1_0 
    where
        p1_0."product_id"=?
Hibernate: 
    select
        p1_0."product_id",
        p1_0."id",
        p1_0."point" 
    from
        "product_points" p1_0 
    where
        p1_0."product_id"=?
2026-06-01T01:35:23.863+05:30 DEBUG 19928 --- [nio-8081-exec-1] org.hibernate.SQL                        : 
    select
        p1_0."product_id",
        p1_0."id",
        p1_0."point" 
    from
        "product_points" p1_0 
    where
        p1_0."product_id"=?
Hibernate: 
    select
        p1_0."product_id",
        p1_0."id",
        p1_0."point" 
    from
        "product_points" p1_0 
    where
        p1_0."product_id"=?
2026-06-01T01:35:24.185+05:30 DEBUG 19928 --- [nio-8081-exec-3] org.hibernate.SQL                        : 
    select
        p1_0."product_id",
        p1_0."id",
        p1_0."point" 
    from
        "product_points" p1_0 
    where
        p1_0."product_id"=?
Hibernate: 
    select
        p1_0."product_id",
        p1_0."id",
        p1_0."point" 
    from
        "product_points" p1_0 
    where
        p1_0."product_id"=?
2026-06-01T01:35:24.185+05:30 DEBUG 19928 --- [nio-8081-exec-1] org.hibernate.SQL                        : 
    select
        p1_0."product_id",
        p1_0."id",
        p1_0."point" 
    from
        "product_points" p1_0 
    where
        p1_0."product_id"=?
Hibernate: 
    select
        p1_0."product_id",
        p1_0."id",
        p1_0."point" 
    from
        "product_points" p1_0 
    where
        p1_0."product_id"=?
2026-06-01T01:35:24.448+05:30 DEBUG 19928 --- [nio-8081-exec-1] org.hibernate.SQL                        : 
    select
        p1_0."product_id",
        p1_0."id",
        p1_0."point" 
    from
        "product_points" p1_0 
    where
        p1_0."product_id"=?
Hibernate: 
    select
        p1_0."product_id",
        p1_0."id",
        p1_0."point" 
    from
        "product_points" p1_0 
    where
        p1_0."product_id"=?
2026-06-01T01:35:24.453+05:30 DEBUG 19928 --- [nio-8081-exec-3] org.hibernate.SQL                        : 
    select
        p1_0."product_id",
        p1_0."id",
        p1_0."point" 
    from
        "product_points" p1_0 
    where
        p1_0."product_id"=?
Hibernate: 
    select
        p1_0."product_id",
        p1_0."id",
        p1_0."point" 
    from
        "product_points" p1_0 
    where
        p1_0."product_id"=?
2026-06-01T01:35:24.703+05:30 DEBUG 19928 --- [nio-8081-exec-1] org.hibernate.SQL                        : 
    select
        p1_0."product_id",
        p1_0."id",
        p1_0."point" 
    from
        "product_points" p1_0 
    where
        p1_0."product_id"=?
Hibernate: 
    select
        p1_0."product_id",
        p1_0."id",
        p1_0."point" 
    from
        "product_points" p1_0 
    where
        p1_0."product_id"=?
2026-06-01T01:35:24.719+05:30 DEBUG 19928 --- [nio-8081-exec-3] org.hibernate.SQL                        : 
    select
        p1_0."product_id",
        p1_0."id",
        p1_0."point" 
    from
        "product_points" p1_0 
    where
        p1_0."product_id"=?
Hibernate: 
    select
        p1_0."product_id",
        p1_0."id",
        p1_0."point" 
    from
        "product_points" p1_0 
    where
        p1_0."product_id"=?
2026-06-01T01:35:24.983+05:30 DEBUG 19928 --- [nio-8081-exec-1] org.hibernate.SQL                        : 
    select
        p1_0."product_id",
        p1_0."id",
        p1_0."point" 
    from
        "product_points" p1_0 
    where
        p1_0."product_id"=?
Hibernate: 
    select
        p1_0."product_id",
        p1_0."id",
        p1_0."point" 
    from
        "product_points" p1_0 
    where
        p1_0."product_id"=?
2026-06-01T01:35:24.983+05:30 DEBUG 19928 --- [nio-8081-exec-3] org.hibernate.SQL                        : 
    select
        p1_0."product_id",
        p1_0."id",
        p1_0."point" 
    from
        "product_points" p1_0 
    where
        p1_0."product_id"=?
Hibernate: 
    select
        p1_0."product_id",
        p1_0."id",
        p1_0."point" 
    from
        "product_points" p1_0 
    where
        p1_0."product_id"=?
2026-06-01T01:35:25.304+05:30 DEBUG 19928 --- [nio-8081-exec-1] org.hibernate.SQL                        : 
    select
        p1_0."product_id",
        p1_0."id",
        p1_0."point" 
    from
        "product_points" p1_0 
    where
        p1_0."product_id"=?
Hibernate: 
    select
        p1_0."product_id",
        p1_0."id",
        p1_0."point" 
    from
        "product_points" p1_0 
    where
        p1_0."product_id"=?
2026-06-01T01:35:25.304+05:30 DEBUG 19928 --- [nio-8081-exec-3] org.hibernate.SQL                        : 
    select
        p1_0."product_id",
        p1_0."id",
        p1_0."point" 
    from
        "product_points" p1_0 
    where
        p1_0."product_id"=?
Hibernate: 
    select
        p1_0."product_id",
        p1_0."id",
        p1_0."point" 
    from
        "product_points" p1_0 
    where
        p1_0."product_id"=?
2026-06-01T01:35:25.623+05:30 DEBUG 19928 --- [nio-8081-exec-3] org.hibernate.SQL                        : 
    select
        p1_0."product_id",
        p1_0."id",
        p1_0."point" 
    from
        "product_points" p1_0 
    where
        p1_0."product_id"=?
Hibernate: 
    select
        p1_0."product_id",
        p1_0."id",
        p1_0."point" 
    from
        "product_points" p1_0 
    where
        p1_0."product_id"=?
2026-06-01T01:35:25.623+05:30 DEBUG 19928 --- [nio-8081-exec-1] org.hibernate.SQL                        : 
    select
        p1_0."product_id",
        p1_0."id",
        p1_0."point" 
    from
        "product_points" p1_0 
    where
        p1_0."product_id"=?
Hibernate: 
    select
        p1_0."product_id",
        p1_0."id",
        p1_0."point" 
    from
        "product_points" p1_0 
    where
        p1_0."product_id"=?
2026-06-01T01:35:25.944+05:30 DEBUG 19928 --- [nio-8081-exec-3] org.hibernate.SQL                        : 
    select
        p1_0."product_id",
        p1_0."id",
        p1_0."point" 
    from
        "product_points" p1_0 
    where
        p1_0."product_id"=?
Hibernate: 
    select
        p1_0."product_id",
        p1_0."id",
        p1_0."point" 
    from
        "product_points" p1_0 
    where
        p1_0."product_id"=?
2026-06-01T01:35:25.944+05:30 DEBUG 19928 --- [nio-8081-exec-1] org.hibernate.SQL                        : 
    select
        p1_0."product_id",
        p1_0."id",
        p1_0."point" 
    from
        "product_points" p1_0 
    where
        p1_0."product_id"=?
Hibernate: 
    select
        p1_0."product_id",
        p1_0."id",
        p1_0."point" 
    from
        "product_points" p1_0 
    where
        p1_0."product_id"=?
2026-06-01T01:35:26.265+05:30 DEBUG 19928 --- [nio-8081-exec-1] org.hibernate.SQL                        : 
    select
        p1_0."product_id",
        p1_0."id",
        p1_0."point" 
    from
        "product_points" p1_0 
    where
        p1_0."product_id"=?
Hibernate: 
    select
        p1_0."product_id",
        p1_0."id",
        p1_0."point" 
    from
        "product_points" p1_0 
    where
        p1_0."product_id"=?
2026-06-01T01:35:26.265+05:30 DEBUG 19928 --- [nio-8081-exec-3] org.hibernate.SQL                        : 
    select
        p1_0."product_id",
        p1_0."id",
        p1_0."point" 
    from
        "product_points" p1_0 
    where
        p1_0."product_id"=?
Hibernate: 
    select
        p1_0."product_id",
        p1_0."id",
        p1_0."point" 
    from
        "product_points" p1_0 
    where
        p1_0."product_id"=?
2026-06-01T01:35:26.584+05:30 DEBUG 19928 --- [nio-8081-exec-3] org.hibernate.SQL                        : 
    select
        p1_0."product_id",
        p1_0."id",
        p1_0."point" 
    from
        "product_points" p1_0 
    where
        p1_0."product_id"=?
Hibernate: 
    select
        p1_0."product_id",
        p1_0."id",
        p1_0."point" 
    from
        "product_points" p1_0 
    where
        p1_0."product_id"=?
2026-06-01T01:35:26.584+05:30 DEBUG 19928 --- [nio-8081-exec-1] org.hibernate.SQL                        : 
    select
        p1_0."product_id",
        p1_0."id",
        p1_0."point" 
    from
        "product_points" p1_0 
    where
        p1_0."product_id"=?
Hibernate: 
    select
        p1_0."product_id",
        p1_0."id",
        p1_0."point" 
    from
        "product_points" p1_0 
    where
        p1_0."product_id"=?
2026-06-01T01:35:26.847+05:30 DEBUG 19928 --- [nio-8081-exec-3] org.hibernate.SQL                        : 
    select
        p1_0."product_id",
        p1_0."id",
        p1_0."point" 
    from
        "product_points" p1_0 
    where
        p1_0."product_id"=?
Hibernate: 
    select
        p1_0."product_id",
        p1_0."id",
        p1_0."point" 
    from
        "product_points" p1_0 
    where
        p1_0."product_id"=?
2026-06-01T01:35:26.847+05:30 DEBUG 19928 --- [nio-8081-exec-1] org.hibernate.SQL                        : 
    select
        p1_0."product_id",
        p1_0."id",
        p1_0."point" 
    from
        "product_points" p1_0 
    where
        p1_0."product_id"=?
Hibernate: 
    select
        p1_0."product_id",
        p1_0."id",
        p1_0."point" 
    from
        "product_points" p1_0 
    where
        p1_0."product_id"=?
2026-06-01T01:35:27.110+05:30 DEBUG 19928 --- [nio-8081-exec-1] org.hibernate.SQL                        : 
    select
        p1_0."product_id",
        p1_0."id",
        p1_0."point" 
    from
        "product_points" p1_0 
    where
        p1_0."product_id"=?
Hibernate: 
    select
        p1_0."product_id",
        p1_0."id",
        p1_0."point" 
    from
        "product_points" p1_0 
    where
        p1_0."product_id"=?
2026-06-01T01:35:27.113+05:30 DEBUG 19928 --- [nio-8081-exec-3] org.hibernate.SQL                        : 
    select
        p1_0."product_id",
        p1_0."id",
        p1_0."point" 
    from
        "product_points" p1_0 
    where
        p1_0."product_id"=?
Hibernate: 
    select
        p1_0."product_id",
        p1_0."id",
        p1_0."point" 
    from
        "product_points" p1_0 
    where
        p1_0."product_id"=?
2026-06-01T01:35:27.384+05:30 DEBUG 19928 --- [nio-8081-exec-3] org.hibernate.SQL                        : 
    select
        p1_0."product_id",
        p1_0."id",
        p1_0."point" 
    from
        "product_points" p1_0 
    where
        p1_0."product_id"=?
Hibernate: 
    select
        p1_0."product_id",
        p1_0."id",
        p1_0."point" 
    from
        "product_points" p1_0 
    where
        p1_0."product_id"=?
2026-06-01T01:35:27.386+05:30 DEBUG 19928 --- [nio-8081-exec-1] org.hibernate.SQL                        : 
    select
        p1_0."product_id",
        p1_0."id",
        p1_0."point" 
    from
        "product_points" p1_0 
    where
        p1_0."product_id"=?
Hibernate: 
    select
        p1_0."product_id",
        p1_0."id",
        p1_0."point" 
    from
        "product_points" p1_0 
    where
        p1_0."product_id"=?
2026-06-01T01:35:27.703+05:30 DEBUG 19928 --- [nio-8081-exec-3] org.hibernate.SQL                        : 
    select
        p1_0."product_id",
        p1_0."id",
        p1_0."point" 
    from
        "product_points" p1_0 
    where
        p1_0."product_id"=?
Hibernate: 
    select
        p1_0."product_id",
        p1_0."id",
        p1_0."point" 
    from
        "product_points" p1_0 
    where
        p1_0."product_id"=?
2026-06-01T01:35:27.703+05:30 DEBUG 19928 --- [nio-8081-exec-1] org.hibernate.SQL                        : 
    select
        p1_0."product_id",
        p1_0."id",
        p1_0."point" 
    from
        "product_points" p1_0 
    where
        p1_0."product_id"=?
Hibernate: 
    select
        p1_0."product_id",
        p1_0."id",
        p1_0."point" 
    from
        "product_points" p1_0 
    where
        p1_0."product_id"=?
2026-06-01T01:35:28.024+05:30 DEBUG 19928 --- [nio-8081-exec-1] org.hibernate.SQL                        : 
    select
        p1_0."product_id",
        p1_0."id",
        p1_0."point" 
    from
        "product_points" p1_0 
    where
        p1_0."product_id"=?
Hibernate: 
    select
        p1_0."product_id",
        p1_0."id",
        p1_0."point" 
    from
        "product_points" p1_0 
    where
        p1_0."product_id"=?
2026-06-01T01:35:28.024+05:30 DEBUG 19928 --- [nio-8081-exec-3] org.hibernate.SQL                        : 
    select
        p1_0."product_id",
        p1_0."id",
        p1_0."point" 
    from
        "product_points" p1_0 
    where
        p1_0."product_id"=?
Hibernate: 
    select
        p1_0."product_id",
        p1_0."id",
        p1_0."point" 
    from
        "product_points" p1_0 
    where
        p1_0."product_id"=?
2026-06-01T01:35:28.350+05:30 DEBUG 19928 --- [nio-8081-exec-1] org.hibernate.SQL                        : 
    select
        p1_0."product_id",
        p1_0."id",
        p1_0."point" 
    from
        "product_points" p1_0 
    where
        p1_0."product_id"=?
Hibernate: 
    select
        p1_0."product_id",
        p1_0."id",
        p1_0."point" 
    from
        "product_points" p1_0 
    where
        p1_0."product_id"=?
2026-06-01T01:35:28.350+05:30 DEBUG 19928 --- [nio-8081-exec-3] org.hibernate.SQL                        : 
    select
        p1_0."product_id",
        p1_0."id",
        p1_0."point" 
    from
        "product_points" p1_0 
    where
        p1_0."product_id"=?
Hibernate: 
    select
        p1_0."product_id",
        p1_0."id",
        p1_0."point" 
    from
        "product_points" p1_0 
    where
        p1_0."product_id"=?
2026-06-01T01:35:28.613+05:30 DEBUG 19928 --- [nio-8081-exec-1] org.hibernate.SQL                        : 
    select
        p1_0."product_id",
        p1_0."id",
        p1_0."point" 
    from
        "product_points" p1_0 
    where
        p1_0."product_id"=?
Hibernate: 
    select
        p1_0."product_id",
        p1_0."id",
        p1_0."point" 
    from
        "product_points" p1_0 
    where
        p1_0."product_id"=?
2026-06-01T01:35:28.628+05:30 DEBUG 19928 --- [nio-8081-exec-3] org.hibernate.SQL                        : 
    select
        p1_0."product_id",
        p1_0."id",
        p1_0."point" 
    from
        "product_points" p1_0 
    where
        p1_0."product_id"=?
Hibernate: 
    select
        p1_0."product_id",
        p1_0."id",
        p1_0."point" 
    from
        "product_points" p1_0 
    where
        p1_0."product_id"=?
2026-06-01T01:35:28.984+05:30 DEBUG 19928 --- [nio-8081-exec-1] org.hibernate.SQL                        : 
    select
        p1_0."product_id",
        p1_0."id",
        p1_0."point" 
    from
        "product_points" p1_0 
    where
        p1_0."product_id"=?
Hibernate: 
    select
        p1_0."product_id",
        p1_0."id",
        p1_0."point" 
    from
        "product_points" p1_0 
    where
        p1_0."product_id"=?
2026-06-01T01:35:28.984+05:30 DEBUG 19928 --- [nio-8081-exec-3] org.hibernate.SQL                        : 
    select
        p1_0."product_id",
        p1_0."id",
        p1_0."point" 
    from
        "product_points" p1_0 
    where
        p1_0."product_id"=?
Hibernate: 
    select
        p1_0."product_id",
        p1_0."id",
        p1_0."point" 
    from
        "product_points" p1_0 
    where
        p1_0."product_id"=?
2026-06-01T01:35:29.311+05:30 DEBUG 19928 --- [nio-8081-exec-3] org.hibernate.SQL                        : 
    select
        p1_0."product_id",
        p1_0."id",
        p1_0."point" 
    from
        "product_points" p1_0 
    where
        p1_0."product_id"=?
Hibernate: 
    select
        p1_0."product_id",
        p1_0."id",
        p1_0."point" 
    from
        "product_points" p1_0 
    where
        p1_0."product_id"=?
2026-06-01T01:35:29.311+05:30 DEBUG 19928 --- [nio-8081-exec-1] org.hibernate.SQL                        : 
    select
        p1_0."product_id",
        p1_0."id",
        p1_0."point" 
    from
        "product_points" p1_0 
    where
        p1_0."product_id"=?
Hibernate: 
    select
        p1_0."product_id",
        p1_0."id",
        p1_0."point" 
    from
        "product_points" p1_0 
    where
        p1_0."product_id"=?
2026-06-01T01:35:29.624+05:30 DEBUG 19928 --- [nio-8081-exec-1] org.hibernate.SQL                        : 
    select
        p1_0."product_id",
        p1_0."id",
        p1_0."point" 
    from
        "product_points" p1_0 
    where
        p1_0."product_id"=?
Hibernate: 
    select
        p1_0."product_id",
        p1_0."id",
        p1_0."point" 
    from
        "product_points" p1_0 
    where
        p1_0."product_id"=?
2026-06-01T01:35:29.624+05:30 DEBUG 19928 --- [nio-8081-exec-3] org.hibernate.SQL                        : 
    select
        p1_0."product_id",
        p1_0."id",
        p1_0."point" 
    from
        "product_points" p1_0 
    where
        p1_0."product_id"=?
Hibernate: 
    select
        p1_0."product_id",
        p1_0."id",
        p1_0."point" 
    from
        "product_points" p1_0 
    where
        p1_0."product_id"=?
2026-06-01T01:35:29.944+05:30 DEBUG 19928 --- [nio-8081-exec-1] org.hibernate.SQL                        : 
    select
        p1_0."product_id",
        p1_0."id",
        p1_0."point" 
    from
        "product_points" p1_0 
    where
        p1_0."product_id"=?
Hibernate: 
    select
        p1_0."product_id",
        p1_0."id",
        p1_0."point" 
    from
        "product_points" p1_0 
    where
        p1_0."product_id"=?
2026-06-01T01:35:29.944+05:30 DEBUG 19928 --- [nio-8081-exec-3] org.hibernate.SQL                        : 
    select
        p1_0."product_id",
        p1_0."id",
        p1_0."point" 
    from
        "product_points" p1_0 
    where
        p1_0."product_id"=?
Hibernate: 
    select
        p1_0."product_id",
        p1_0."id",
        p1_0."point" 
    from
        "product_points" p1_0 
    where
        p1_0."product_id"=?
2026-06-01T01:35:30.265+05:30 DEBUG 19928 --- [nio-8081-exec-3] org.hibernate.SQL                        : 
    select
        p1_0."product_id",
        p1_0."id",
        p1_0."point" 
    from
        "product_points" p1_0 
    where
        p1_0."product_id"=?
Hibernate: 
    select
        p1_0."product_id",
        p1_0."id",
        p1_0."point" 
    from
        "product_points" p1_0 
    where
        p1_0."product_id"=?
2026-06-01T01:35:30.265+05:30 DEBUG 19928 --- [nio-8081-exec-1] org.hibernate.SQL                        : 
    select
        p1_0."product_id",
        p1_0."id",
        p1_0."point" 
    from
        "product_points" p1_0 
    where
        p1_0."product_id"=?
Hibernate: 
    select
        p1_0."product_id",
        p1_0."id",
        p1_0."point" 
    from
        "product_points" p1_0 
    where
        p1_0."product_id"=?
2026-06-01T01:35:30.584+05:30 DEBUG 19928 --- [nio-8081-exec-1] org.hibernate.SQL                        : 
    select
        p1_0."product_id",
        p1_0."id",
        p1_0."point" 
    from
        "product_points" p1_0 
    where
        p1_0."product_id"=?
Hibernate: 
    select
        p1_0."product_id",
        p1_0."id",
        p1_0."point" 
    from
        "product_points" p1_0 
    where
        p1_0."product_id"=?
2026-06-01T01:35:30.584+05:30 DEBUG 19928 --- [nio-8081-exec-3] org.hibernate.SQL                        : 
    select
        p1_0."product_id",
        p1_0."id",
        p1_0."point" 
    from
        "product_points" p1_0 
    where
        p1_0."product_id"=?
Hibernate: 
    select
        p1_0."product_id",
        p1_0."id",
        p1_0."point" 
    from
        "product_points" p1_0 
    where
        p1_0."product_id"=?
2026-06-01T01:35:30.904+05:30 DEBUG 19928 --- [nio-8081-exec-1] org.hibernate.SQL                        : 
    select
        p1_0."product_id",
        p1_0."id",
        p1_0."point" 
    from
        "product_points" p1_0 
    where
        p1_0."product_id"=?
Hibernate: 
    select
        p1_0."product_id",
        p1_0."id",
        p1_0."point" 
    from
        "product_points" p1_0 
    where
        p1_0."product_id"=?
2026-06-01T01:35:30.904+05:30 DEBUG 19928 --- [nio-8081-exec-3] org.hibernate.SQL                        : 
    select
        p1_0."product_id",
        p1_0."id",
        p1_0."point" 
    from
        "product_points" p1_0 
    where
        p1_0."product_id"=?
Hibernate: 
    select
        p1_0."product_id",
        p1_0."id",
        p1_0."point" 
    from
        "product_points" p1_0 
    where
        p1_0."product_id"=?
2026-06-01T01:35:31.224+05:30 DEBUG 19928 --- [nio-8081-exec-1] org.hibernate.SQL                        : 
    select
        p1_0."product_id",
        p1_0."id",
        p1_0."point" 
    from
        "product_points" p1_0 
    where
        p1_0."product_id"=?
Hibernate: 
    select
        p1_0."product_id",
        p1_0."id",
        p1_0."point" 
    from
        "product_points" p1_0 
    where
        p1_0."product_id"=?
2026-06-01T01:35:31.224+05:30 DEBUG 19928 --- [nio-8081-exec-3] org.hibernate.SQL                        : 
    select
        p1_0."product_id",
        p1_0."id",
        p1_0."point" 
    from
        "product_points" p1_0 
    where
        p1_0."product_id"=?
Hibernate: 
    select
        p1_0."product_id",
        p1_0."id",
        p1_0."point" 
    from
        "product_points" p1_0 
    where
        p1_0."product_id"=?
2026-06-01T01:35:31.550+05:30 DEBUG 19928 --- [nio-8081-exec-1] org.hibernate.SQL                        : 
    select
        p1_0."product_id",
        p1_0."id",
        p1_0."point" 
    from
        "product_points" p1_0 
    where
        p1_0."product_id"=?
2026-06-01T01:35:31.550+05:30 DEBUG 19928 --- [nio-8081-exec-3] org.hibernate.SQL                        : 
    select
        p1_0."product_id",
        p1_0."id",
        p1_0."point" 
    from
        "product_points" p1_0 
    where
        p1_0."product_id"=?
Hibernate: 
    select
        p1_0."product_id",
        p1_0."id",
        p1_0."point" 
    from
        "product_points" p1_0 
    where
        p1_0."product_id"=?
Hibernate: 
    select
        p1_0."product_id",
        p1_0."id",
        p1_0."point" 
    from
        "product_points" p1_0 
    where
        p1_0."product_id"=?
2026-06-01T01:35:31.800+05:30 DEBUG 19928 --- [nio-8081-exec-1] org.hibernate.SQL                        : 
    select
        p1_0."product_id",
        p1_0."id",
        p1_0."point" 
    from
        "product_points" p1_0 
    where
        p1_0."product_id"=?
Hibernate: 
    select
        p1_0."product_id",
        p1_0."id",
        p1_0."point" 
    from
        "product_points" p1_0 
    where
        p1_0."product_id"=?
2026-06-01T01:35:31.803+05:30 DEBUG 19928 --- [nio-8081-exec-3] org.hibernate.SQL                        : 
    select
        p1_0."product_id",
        p1_0."id",
        p1_0."point" 
    from
        "product_points" p1_0 
    where
        p1_0."product_id"=?
Hibernate: 
    select
        p1_0."product_id",
        p1_0."id",
        p1_0."point" 
    from
        "product_points" p1_0 
    where
        p1_0."product_id"=?
2026-06-01T01:35:32.052+05:30 DEBUG 19928 --- [nio-8081-exec-1] org.hibernate.SQL                        : 
    select
        p1_0."product_id",
        p1_0."id",
        p1_0."point" 
    from
        "product_points" p1_0 
    where
        p1_0."product_id"=?
Hibernate: 
    select
        p1_0."product_id",
        p1_0."id",
        p1_0."point" 
    from
        "product_points" p1_0 
    where
        p1_0."product_id"=?
2026-06-01T01:35:32.068+05:30 DEBUG 19928 --- [nio-8081-exec-3] org.hibernate.SQL                        : 
    select
        p1_0."product_id",
        p1_0."id",
        p1_0."point" 
    from
        "product_points" p1_0 
    where
        p1_0."product_id"=?
Hibernate: 
    select
        p1_0."product_id",
        p1_0."id",
        p1_0."point" 
    from
        "product_points" p1_0 
    where
        p1_0."product_id"=?
2026-06-01T01:35:32.350+05:30 DEBUG 19928 --- [nio-8081-exec-1] org.hibernate.SQL                        : 
    select
        p1_0."product_id",
        p1_0."id",
        p1_0."point" 
    from
        "product_points" p1_0 
    where
        p1_0."product_id"=?
Hibernate: 
    select
        p1_0."product_id",
        p1_0."id",
        p1_0."point" 
    from
        "product_points" p1_0 
    where
        p1_0."product_id"=?
2026-06-01T01:35:32.350+05:30 DEBUG 19928 --- [nio-8081-exec-3] org.hibernate.SQL                        : 
    select
        p1_0."product_id",
        p1_0."id",
        p1_0."point" 
    from
        "product_points" p1_0 
    where
        p1_0."product_id"=?
Hibernate: 
    select
        p1_0."product_id",
        p1_0."id",
        p1_0."point" 
    from
        "product_points" p1_0 
    where
        p1_0."product_id"=?
2026-06-01T01:35:32.669+05:30 DEBUG 19928 --- [nio-8081-exec-1] org.hibernate.SQL                        : 
    select
        p1_0."product_id",
        p1_0."id",
        p1_0."point" 
    from
        "product_points" p1_0 
    where
        p1_0."product_id"=?
Hibernate: 
    select
        p1_0."product_id",
        p1_0."id",
        p1_0."point" 
    from
        "product_points" p1_0 
    where
        p1_0."product_id"=?
2026-06-01T01:35:32.669+05:30 DEBUG 19928 --- [nio-8081-exec-3] org.hibernate.SQL                        : 
    select
        p1_0."product_id",
        p1_0."id",
        p1_0."point" 
    from
        "product_points" p1_0 
    where
        p1_0."product_id"=?
Hibernate: 
    select
        p1_0."product_id",
        p1_0."id",
        p1_0."point" 
    from
        "product_points" p1_0 
    where
        p1_0."product_id"=?
2026-06-01T01:35:32.984+05:30 DEBUG 19928 --- [nio-8081-exec-3] org.hibernate.SQL                        : 
    select
        p1_0."product_id",
        p1_0."id",
        p1_0."point" 
    from
        "product_points" p1_0 
    where
        p1_0."product_id"=?
Hibernate: 
    select
        p1_0."product_id",
        p1_0."id",
        p1_0."point" 
    from
        "product_points" p1_0 
    where
        p1_0."product_id"=?
2026-06-01T01:35:32.984+05:30 DEBUG 19928 --- [nio-8081-exec-1] org.hibernate.SQL                        : 
    select
        p1_0."product_id",
        p1_0."id",
        p1_0."point" 
    from
        "product_points" p1_0 
    where
        p1_0."product_id"=?
Hibernate: 
    select
        p1_0."product_id",
        p1_0."id",
        p1_0."point" 
    from
        "product_points" p1_0 
    where
        p1_0."product_id"=?
2026-06-01T01:35:33.310+05:30 DEBUG 19928 --- [nio-8081-exec-1] org.hibernate.SQL                        : 
    select
        p1_0."product_id",
        p1_0."id",
        p1_0."point" 
    from
        "product_points" p1_0 
    where
        p1_0."product_id"=?
Hibernate: 
    select
        p1_0."product_id",
        p1_0."id",
        p1_0."point" 
    from
        "product_points" p1_0 
    where
        p1_0."product_id"=?
2026-06-01T01:35:33.310+05:30 DEBUG 19928 --- [nio-8081-exec-3] org.hibernate.SQL                        : 
    select
        p1_0."product_id",
        p1_0."id",
        p1_0."point" 
    from
        "product_points" p1_0 
    where
        p1_0."product_id"=?
Hibernate: 
    select
        p1_0."product_id",
        p1_0."id",
        p1_0."point" 
    from
        "product_points" p1_0 
    where
        p1_0."product_id"=?
2026-06-01T01:35:33.630+05:30 DEBUG 19928 --- [nio-8081-exec-1] org.hibernate.SQL                        : 
    select
        p1_0."product_id",
        p1_0."id",
        p1_0."point" 
    from
        "product_points" p1_0 
    where
        p1_0."product_id"=?
Hibernate: 
    select
        p1_0."product_id",
        p1_0."id",
        p1_0."point" 
    from
        "product_points" p1_0 
    where
        p1_0."product_id"=?
2026-06-01T01:35:33.630+05:30 DEBUG 19928 --- [nio-8081-exec-3] org.hibernate.SQL                        : 
    select
        p1_0."product_id",
        p1_0."id",
        p1_0."point" 
    from
        "product_points" p1_0 
    where
        p1_0."product_id"=?
Hibernate: 
    select
        p1_0."product_id",
        p1_0."id",
        p1_0."point" 
    from
        "product_points" p1_0 
    where
        p1_0."product_id"=?
2026-06-01T01:35:33.951+05:30 DEBUG 19928 --- [nio-8081-exec-3] org.hibernate.SQL                        : 
    select
        p1_0."product_id",
        p1_0."id",
        p1_0."point" 
    from
        "product_points" p1_0 
    where
        p1_0."product_id"=?
Hibernate: 
    select
        p1_0."product_id",
        p1_0."id",
        p1_0."point" 
    from
        "product_points" p1_0 
    where
        p1_0."product_id"=?
2026-06-01T01:35:34.264+05:30 DEBUG 19928 --- [nio-8081-exec-1] o.s.w.s.m.m.a.HttpEntityMethodProcessor  : Using 'application/json', given [*/*] and supported [application/json, application/*+json]
2026-06-01T01:35:34.265+05:30 DEBUG 19928 --- [nio-8081-exec-1] o.s.w.s.m.m.a.HttpEntityMethodProcessor  : Writing [[ProductDTO(id=1, url=/images/products/1.jpg, resUrl=/images/products/1.jpg, price=₹61,990.00, value (truncated)...]
2026-06-01T01:35:34.268+05:30 DEBUG 19928 --- [nio-8081-exec-1] o.s.web.servlet.DispatcherServlet        : Completed 200 OK
2026-06-01T01:35:34.512+05:30 DEBUG 19928 --- [nio-8081-exec-3] o.s.w.s.m.m.a.HttpEntityMethodProcessor  : Using 'application/json', given [*/*] and supported [application/json, application/*+json]
2026-06-01T01:35:34.520+05:30 DEBUG 19928 --- [nio-8081-exec-3] o.s.w.s.m.m.a.HttpEntityMethodProcessor  : Writing [[ProductDTO(id=1, url=/images/products/1.jpg, resUrl=/images/products/1.jpg, price=₹61,990.00, value (truncated)...]
2026-06-01T01:35:34.522+05:30 DEBUG 19928 --- [nio-8081-exec-3] o.s.web.servlet.DispatcherServlet        : Completed 200 OK
