[INFO] Starting backend with Neon PostgreSQL...

C:\Users\Owner\Downloads\Amazon-Clone-main\spring-backend>"C:\Program Files\Java\jdk-21\bin\java.exe" -Dmaven.multiModuleProjectDirectory=C:\Users\Owner\Downloads\Amazon-Clone-main\spring-backend -classpath "C:\Users\Owner\Downloads\Amazon-Clone-main\spring-backend\.mvn\wrapper\maven-wrapper.jar" org.apache.maven.wrapper.MavenWrapperMain spring-boot:run 
[INFO] Scanning for projects...
[INFO] 
[INFO] ------------------< com.example:amazon-clone-backend >------------------
[INFO] Building amazon-clone-backend 0.0.1-SNAPSHOT
[INFO]   from pom.xml
[INFO] --------------------------------[ jar ]---------------------------------
[INFO] 
[INFO] >>> spring-boot:3.2.0:run (default-cli) > test-compile @ amazon-clone-backend >>>
[INFO] 
[INFO] --- resources:3.3.1:resources (default-resources) @ amazon-clone-backend ---
[INFO] Copying 1 resource from src\main\resources to target\classes
[INFO] Copying 5 resources from src\main\resources to target\classes
[INFO] 
[INFO] --- compiler:3.11.0:compile (default-compile) @ amazon-clone-backend ---
[INFO] Nothing to compile - all classes are up to date
[INFO] 
[INFO] --- resources:3.3.1:testResources (default-testResources) @ amazon-clone-backend ---
[INFO] Copying 1 resource from src\test\resources to target\test-classes
[INFO] 
[INFO] --- compiler:3.11.0:testCompile (default-testCompile) @ amazon-clone-backend ---
[INFO] Nothing to compile - all classes are up to date
[INFO] 
[INFO] <<< spring-boot:3.2.0:run (default-cli) < test-compile @ amazon-clone-backend <<<
[INFO] 
[INFO] 
[INFO] --- spring-boot:3.2.0:run (default-cli) @ amazon-clone-backend ---
[INFO] Attaching agents: []

  .   ____          _            __ _ _
 /\\ / ___'_ __ _ _(_)_ __  __ _ \ \ \ \
( ( )\___ | '_ | '_| | '_ \/ _` | \ \ \ \
 \\/  ___)| |_)| | | | | || (_| |  ) ) ) )
  '  |____| .__|_| |_|_| |_\__, | / / / /
 =========|_|==============|___/=/_/_/_/
 :: Spring Boot ::                (v3.2.0)

2026-06-01T01:22:41.415+05:30  INFO 18260 --- [  restartedMain] c.e.a.AmazonCloneBackendApplication      : Starting AmazonCloneBackendApplication using Java 21 with PID 18260 (C:\Users\Owner\Downloads\Amazon-Clone-main\spring-backend\target\classes started by Owner in C:\Users\Owner\Downloads\Amazon-Clone-main\spring-backend)
2026-06-01T01:22:41.418+05:30 DEBUG 18260 --- [  restartedMain] c.e.a.AmazonCloneBackendApplication      : Running with Spring Boot v3.2.0, Spring v6.1.1
2026-06-01T01:22:41.419+05:30  INFO 18260 --- [  restartedMain] c.e.a.AmazonCloneBackendApplication      : No active profile set, falling back to 1 default profile: "default"
2026-06-01T01:22:41.420+05:30 DEBUG 18260 --- [  restartedMain] o.s.boot.SpringApplication               : Loading source class com.example.amazonclonebackend.AmazonCloneBackendApplication
2026-06-01T01:22:41.470+05:30 DEBUG 18260 --- [  restartedMain] o.s.b.devtools.restart.ChangeableUrls    : Matching URLs for reloading : [file:/C:/Users/Owner/Downloads/Amazon-Clone-main/spring-backend/target/classes/]
2026-06-01T01:22:41.471+05:30 DEBUG 18260 --- [  restartedMain] o.s.b.d.settings.DevToolsSettings        : Included patterns for restart : []
2026-06-01T01:22:41.471+05:30 DEBUG 18260 --- [  restartedMain] o.s.b.d.settings.DevToolsSettings        : Excluded patterns for restart : [/spring-boot-starter-[\w-]+/, /spring-boot/(bin|build|out)/, /spring-boot-starter/(bin|build|out)/, /spring-boot-devtools/(bin|build|out)/, /spring-boot-actuator/(bin|build|out)/, /spring-boot-autoconfigure/(bin|build|out)/]
2026-06-01T01:22:41.472+05:30  INFO 18260 --- [  restartedMain] .e.DevToolsPropertyDefaultsPostProcessor : Devtools property defaults active! Set 'spring.devtools.add-properties' to 'false' to disable
2026-06-01T01:22:41.472+05:30  INFO 18260 --- [  restartedMain] .e.DevToolsPropertyDefaultsPostProcessor : For additional web related logging consider setting the 'logging.level.web' property to 'DEBUG'
2026-06-01T01:22:41.473+05:30 DEBUG 18260 --- [  restartedMain] ConfigServletWebServerApplicationContext : Refreshing org.springframework.boot.web.servlet.context.AnnotationConfigServletWebServerApplicationContext@756af429
2026-06-01T01:22:41.854+05:30 DEBUG 18260 --- [  restartedMain] ySourcesPropertyResolver$DefaultResolver : Found key 'DB_URL' in PropertySource 'systemEnvironment' with value of type String
2026-06-01T01:22:42.192+05:30  INFO 18260 --- [  restartedMain] .s.d.r.c.RepositoryConfigurationDelegate : Bootstrapping Spring Data JPA repositories in DEFAULT mode.
2026-06-01T01:22:42.215+05:30 DEBUG 18260 --- [  restartedMain] o.s.b.a.AutoConfigurationPackages        : @EnableAutoConfiguration was declared on a class in the package 'com.example.amazonclonebackend'. Automatic @Repository and @Entity scanning is enabled.
2026-06-01T01:22:42.274+05:30  INFO 18260 --- [  restartedMain] .s.d.r.c.RepositoryConfigurationDelegate : Finished Spring Data repository scanning in 67 ms. Found 10 JPA repository interfaces.
2026-06-01T01:22:42.944+05:30 DEBUG 18260 --- [  restartedMain] .s.b.w.e.t.TomcatServletWebServerFactory : Code archive: C:\Users\Owner\.m2\repository\org\springframework\boot\spring-boot\3.2.0\spring-boot-3.2.0.jar
2026-06-01T01:22:42.944+05:30 DEBUG 18260 --- [  restartedMain] .s.b.w.e.t.TomcatServletWebServerFactory : Code archive: C:\Users\Owner\.m2\repository\org\springframework\boot\spring-boot\3.2.0\spring-boot-3.2.0.jar
2026-06-01T01:22:42.945+05:30 DEBUG 18260 --- [  restartedMain] .s.b.w.e.t.TomcatServletWebServerFactory : None of the document roots [src/main/webapp, public, static] point to a directory and will be ignored.
2026-06-01T01:22:42.977+05:30  INFO 18260 --- [  restartedMain] o.s.b.w.embedded.tomcat.TomcatWebServer  : Tomcat initialized with port 8081 (http)
2026-06-01T01:22:42.987+05:30  INFO 18260 --- [  restartedMain] o.apache.catalina.core.StandardService   : Starting service [Tomcat]
2026-06-01T01:22:42.988+05:30  INFO 18260 --- [  restartedMain] o.apache.catalina.core.StandardEngine    : Starting Servlet engine: [Apache Tomcat/10.1.16]
2026-06-01T01:22:43.026+05:30  INFO 18260 --- [  restartedMain] o.a.c.c.C.[Tomcat].[localhost].[/]       : Initializing Spring embedded WebApplicationContext
2026-06-01T01:22:43.027+05:30 DEBUG 18260 --- [  restartedMain] w.s.c.ServletWebServerApplicationContext : Published root WebApplicationContext as ServletContext attribute with name [org.springframework.web.context.WebApplicationContext.ROOT]
2026-06-01T01:22:43.028+05:30  INFO 18260 --- [  restartedMain] w.s.c.ServletWebServerApplicationContext : Root WebApplicationContext: initialization completed in 1555 ms
2026-06-01T01:22:43.078+05:30 DEBUG 18260 --- [  restartedMain] ySourcesPropertyResolver$DefaultResolver : Found key 'DB_DRIVER' in PropertySource 'systemEnvironment' with value of type String
2026-06-01T01:22:43.079+05:30 DEBUG 18260 --- [  restartedMain] ySourcesPropertyResolver$DefaultResolver : Found key 'DB_PASSWORD' in PropertySource 'systemEnvironment' with value of type String
2026-06-01T01:22:43.080+05:30 DEBUG 18260 --- [  restartedMain] ySourcesPropertyResolver$DefaultResolver : Found key 'DB_URL' in PropertySource 'systemEnvironment' with value of type String
2026-06-01T01:22:43.080+05:30 DEBUG 18260 --- [  restartedMain] ySourcesPropertyResolver$DefaultResolver : Found key 'DB_USERNAME' in PropertySource 'systemEnvironment' with value of type String
2026-06-01T01:22:43.100+05:30  INFO 18260 --- [  restartedMain] com.zaxxer.hikari.HikariDataSource       : HikariPool-1 - Starting...
2026-06-01T01:22:46.410+05:30  INFO 18260 --- [  restartedMain] com.zaxxer.hikari.pool.HikariPool        : HikariPool-1 - Added connection org.postgresql.jdbc.PgConnection@5520db45
2026-06-01T01:22:47.730+05:30  INFO 18260 --- [  restartedMain] com.zaxxer.hikari.HikariDataSource       : HikariPool-1 - Start completed.
2026-06-01T01:22:48.344+05:30  INFO 18260 --- [  restartedMain] o.f.c.internal.license.VersionPrinter    : Flyway Community Edition 9.22.3 by Redgate
2026-06-01T01:22:48.354+05:30  INFO 18260 --- [  restartedMain] o.f.c.internal.license.VersionPrinter    : See release notes here: https://rd.gt/416ObMi
2026-06-01T01:22:48.354+05:30  INFO 18260 --- [  restartedMain] o.f.c.internal.license.VersionPrinter    : 
2026-06-01T01:22:48.628+05:30  INFO 18260 --- [  restartedMain] org.flywaydb.core.FlywayExecutor         : Database: jdbc:postgresql://ep-misty-rain-apff0rak-pooler.c-7.us-east-1.aws.neon.tech/neondb (PostgreSQL 17.10)
2026-06-01T01:22:50.752+05:30  WARN 18260 --- [  restartedMain] o.f.c.internal.database.base.Database    : Flyway upgrade recommended: PostgreSQL 17.10 is newer than this version of Flyway and support has not been tested. The latest supported version of PostgreSQL is 15.
2026-06-01T01:22:52.695+05:30  INFO 18260 --- [  restartedMain] o.f.core.internal.command.DbValidate     : Successfully validated 4 migrations (execution time 00:01.324s)
2026-06-01T01:22:56.180+05:30  INFO 18260 --- [  restartedMain] o.f.core.internal.command.DbMigrate      : Current version of schema "public": 3
2026-06-01T01:22:56.430+05:30  INFO 18260 --- [  restartedMain] o.f.core.internal.command.DbMigrate      : Schema "public" is up to date. No migration necessary.
2026-06-01T01:22:58.076+05:30 DEBUG 18260 --- [  restartedMain] ySourcesPropertyResolver$DefaultResolver : Found key 'DB_DIALECT' in PropertySource 'systemEnvironment' with value of type String
2026-06-01T01:22:58.130+05:30  INFO 18260 --- [  restartedMain] o.hibernate.jpa.internal.util.LogHelper  : HHH000204: Processing PersistenceUnitInfo [name: default]
2026-06-01T01:22:58.173+05:30  INFO 18260 --- [  restartedMain] org.hibernate.Version                    : HHH000412: Hibernate ORM core version 6.3.1.Final
2026-06-01T01:22:58.202+05:30  INFO 18260 --- [  restartedMain] o.h.c.internal.RegionFactoryInitiator    : HHH000026: Second-level cache disabled
2026-06-01T01:22:58.408+05:30  INFO 18260 --- [  restartedMain] o.s.o.j.p.SpringPersistenceUnitInfo      : No LoadTimeWeaver setup: ignoring JPA class transformer
2026-06-01T01:22:58.721+05:30  WARN 18260 --- [  restartedMain] org.hibernate.orm.deprecation            : HHH90000025: PostgreSQLDialect does not need to be specified explicitly using 'hibernate.dialect' (remove the property setting and it will be selected by default)
2026-06-01T01:23:00.411+05:30  INFO 18260 --- [  restartedMain] o.h.e.t.j.p.i.JtaPlatformInitiator       : HHH000489: No JTA platform available (set 'hibernate.transaction.jta.platform' to enable JTA platform integration)
2026-06-01T01:23:02.054+05:30  INFO 18260 --- [  restartedMain] j.LocalContainerEntityManagerFactoryBean : Initialized JPA EntityManagerFactory for persistence unit 'default'
2026-06-01T01:23:03.073+05:30  INFO 18260 --- [  restartedMain] o.s.d.j.r.query.QueryEnhancerFactory     : Hibernate is in classpath; If applicable, HQL parser will be used.
2026-06-01T01:23:03.466+05:30 DEBUG 18260 --- [  restartedMain] o.s.b.w.s.ServletContextInitializerBeans : Mapping filters: springSecurityFilterChain urls=[/*] order=-100, characterEncodingFilter urls=[/*] order=-2147483648, formContentFilter urls=[/*] order=-9900, requestContextFilter urls=[/*] order=-105, jwtAuthenticationFilter urls=[/*] order=2147483647
2026-06-01T01:23:03.476+05:30 DEBUG 18260 --- [  restartedMain] o.s.b.w.s.ServletContextInitializerBeans : Mapping servlets: dispatcherServlet urls=[/]
2026-06-01T01:23:03.509+05:30 DEBUG 18260 --- [  restartedMain] o.s.b.w.s.f.OrderedRequestContextFilter  : Filter 'requestContextFilter' configured for use
2026-06-01T01:23:03.511+05:30 DEBUG 18260 --- [  restartedMain] c.e.a.security.JwtAuthenticationFilter   : Filter 'jwtAuthenticationFilter' configured for use
2026-06-01T01:23:03.512+05:30 DEBUG 18260 --- [  restartedMain] s.b.w.s.f.OrderedCharacterEncodingFilter : Filter 'characterEncodingFilter' configured for use
2026-06-01T01:23:03.513+05:30 DEBUG 18260 --- [  restartedMain] .DelegatingFilterProxyRegistrationBean$1 : Filter 'springSecurityFilterChain' configured for use
2026-06-01T01:23:03.513+05:30 DEBUG 18260 --- [  restartedMain] o.s.b.w.s.f.OrderedFormContentFilter     : Filter 'formContentFilter' configured for use
2026-06-01T01:23:03.583+05:30 DEBUG 18260 --- [  restartedMain] ySourcesPropertyResolver$DefaultResolver : Found key 'DB_URL' in PropertySource 'systemEnvironment' with value of type String
2026-06-01T01:23:03.584+05:30 DEBUG 18260 --- [  restartedMain] ySourcesPropertyResolver$DefaultResolver : Found key 'DB_DRIVER' in PropertySource 'systemEnvironment' with value of type String
2026-06-01T01:23:03.584+05:30 DEBUG 18260 --- [  restartedMain] ySourcesPropertyResolver$DefaultResolver : Found key 'DB_DIALECT' in PropertySource 'systemEnvironment' with value of type String
2026-06-01T01:23:03.934+05:30  WARN 18260 --- [  restartedMain] JpaBaseConfiguration$JpaWebConfiguration : spring.jpa.open-in-view is enabled by default. Therefore, database queries may be performed during view rendering. Explicitly configure spring.jpa.open-in-view to disable this warning
2026-06-01T01:23:03.958+05:30  WARN 18260 --- [  restartedMain] .s.s.UserDetailsServiceAutoConfiguration : 

Using generated security password: f0d88631-5f12-4ca7-9123-4e5c56b77789

This generated password is for development use only. Your security configuration must be updated before running your application in production.

2026-06-01T01:23:04.110+05:30 DEBUG 18260 --- [  restartedMain] s.w.s.m.m.a.RequestMappingHandlerMapping : 37 mappings in 'requestMappingHandlerMapping'
2026-06-01T01:23:04.172+05:30 DEBUG 18260 --- [  restartedMain] o.s.w.s.handler.SimpleUrlHandlerMapping  : Patterns [/webjars/**, /**] in 'resourceHandlerMapping'
2026-06-01T01:23:04.195+05:30  INFO 18260 --- [  restartedMain] o.s.s.web.DefaultSecurityFilterChain     : Will secure any request with [org.springframework.security.web.session.DisableEncodeUrlFilter@66a2505e, org.springframework.security.web.context.request.async.WebAsyncManagerIntegrationFilter@5a9e71f7, org.springframework.security.web.context.SecurityContextHolderFilter@2a67a584, org.springframework.security.web.header.HeaderWriterFilter@6d208d62, org.springframework.web.filter.CorsFilter@71d8c619, org.springframework.security.web.authentication.logout.LogoutFilter@45014c6, com.example.amazonclonebackend.security.JwtAuthenticationFilter@d0ec1f0, org.springframework.security.web.savedrequest.RequestCacheAwareFilter@78b1ff72, org.springframework.security.web.servletapi.SecurityContextHolderAwareRequestFilter@352ea7eb, org.springframework.security.web.authentication.AnonymousAuthenticationFilter@144bd52e, org.springframework.security.web.session.SessionManagementFilter@643589b6, org.springframework.security.web.access.ExceptionTranslationFilter@73051f48, org.springframework.security.web.access.intercept.AuthorizationFilter@6dea3d40]
2026-06-01T01:23:04.264+05:30 DEBUG 18260 --- [  restartedMain] s.w.s.m.m.a.RequestMappingHandlerAdapter : ControllerAdvice beans: 0 @ModelAttribute, 0 @InitBinder, 1 RequestBodyAdvice, 1 ResponseBodyAdvice
2026-06-01T01:23:04.292+05:30 DEBUG 18260 --- [  restartedMain] .m.m.a.ExceptionHandlerExceptionResolver : ControllerAdvice beans: 1 @ExceptionHandler, 1 ResponseBodyAdvice
2026-06-01T01:23:04.425+05:30 DEBUG 18260 --- [  restartedMain] o.s.b.d.livereload.LiveReloadServer      : Starting live reload server on port 35729
2026-06-01T01:23:04.428+05:30  INFO 18260 --- [  restartedMain] o.s.b.d.a.OptionalLiveReloadServer       : LiveReload server is running on port 35729
2026-06-01T01:23:04.502+05:30  INFO 18260 --- [  restartedMain] o.s.b.w.embedded.tomcat.TomcatWebServer  : Tomcat started on port 8081 (http) with context path ''
2026-06-01T01:23:04.514+05:30 DEBUG 18260 --- [  restartedMain] .s.b.a.l.ConditionEvaluationReportLogger : 


============================
CONDITIONS EVALUATION REPORT
============================


Positive matches:
-----------------

   AopAutoConfiguration matched:
      - @ConditionalOnProperty (spring.aop.auto=true) matched (OnPropertyCondition)

   AopAutoConfiguration.AspectJAutoProxyingConfiguration matched:
      - @ConditionalOnClass found required class 'org.aspectj.weaver.Advice' (OnClassCondition)

   AopAutoConfiguration.AspectJAutoProxyingConfiguration.CglibAutoProxyConfiguration matched:
      - @ConditionalOnProperty (spring.aop.proxy-target-class=true) matched (OnPropertyCondition)

   ApplicationAvailabilityAutoConfiguration#applicationAvailability matched:
      - @ConditionalOnMissingBean (types: org.springframework.boot.availability.ApplicationAvailability; SearchStrategy: all) did not find any beans (OnBeanCondition)

   DataSourceAutoConfiguration matched:
      - @ConditionalOnClass found required classes 'javax.sql.DataSource', 'org.springframework.jdbc.datasource.embedded.EmbeddedDatabaseType' (OnClassCondition)
      - @ConditionalOnMissingBean (types: io.r2dbc.spi.ConnectionFactory; SearchStrategy: all) did not find any beans (OnBeanCondition)

   DataSourceAutoConfiguration.PooledDataSourceConfiguration matched:
      - AnyNestedCondition 1 matched 1 did not; NestedCondition on DataSourceAutoConfiguration.PooledDataSourceCondition.PooledDataSourceAvailable PooledDataSource found supported DataSource; NestedCondition on DataSourceAutoConfiguration.PooledDataSourceCondition.ExplicitType @ConditionalOnProperty (spring.datasource.type) did not find property 'type' (DataSourceAutoConfiguration.PooledDataSourceCondition)
      - @ConditionalOnMissingBean (types: javax.sql.DataSource,javax.sql.XADataSource; SearchStrategy: all) did not find any beans (OnBeanCondition)

   DataSourceAutoConfiguration.PooledDataSourceConfiguration#jdbcConnectionDetails matched:
      - @ConditionalOnMissingBean (types: org.springframework.boot.autoconfigure.jdbc.JdbcConnectionDetails; SearchStrategy: all) did not find any beans (OnBeanCondition)

   DataSourceConfiguration.Hikari matched:
      - @ConditionalOnClass found required class 'com.zaxxer.hikari.HikariDataSource' (OnClassCondition)
      - @ConditionalOnProperty (spring.datasource.type=com.zaxxer.hikari.HikariDataSource) matched (OnPropertyCondition)
      - @ConditionalOnMissingBean (types: javax.sql.DataSource; SearchStrategy: all) did not find any beans (OnBeanCondition)

   DataSourceJmxConfiguration matched:
      - @ConditionalOnProperty (spring.jmx.enabled=true) matched (OnPropertyCondition)

   DataSourceJmxConfiguration.Hikari matched:
      - @ConditionalOnClass found required class 'com.zaxxer.hikari.HikariDataSource' (OnClassCondition)
      - @ConditionalOnSingleCandidate (types: javax.sql.DataSource; SearchStrategy: all) found a single bean 'dataSource' (OnBeanCondition)

   DataSourcePoolMetadataProvidersConfiguration.HikariPoolDataSourceMetadataProviderConfiguration matched:
      - @ConditionalOnClass found required class 'com.zaxxer.hikari.HikariDataSource' (OnClassCondition)

   DataSourceTransactionManagerAutoConfiguration matched:
      - @ConditionalOnClass found required classes 'org.springframework.jdbc.core.JdbcTemplate', 'org.springframework.transaction.TransactionManager' (OnClassCondition)

   DataSourceTransactionManagerAutoConfiguration.JdbcTransactionManagerConfiguration matched:
      - @ConditionalOnSingleCandidate (types: javax.sql.DataSource; SearchStrategy: all) found a single bean 'dataSource' (OnBeanCondition)

   DbVerifierRunner matched:
      - @ConditionalOnProperty (app.db.verify=true) matched (OnPropertyCondition)

   DevDbController matched:
      - @ConditionalOnProperty (app.db.verify=true) matched (OnPropertyCondition)

   DevToolsDataSourceAutoConfiguration matched:
      - Devtools devtools enabled. (OnEnabledDevToolsCondition)
      - DevTools DataSource Condition found auto-configured DataSource (DevToolsDataSourceAutoConfiguration.DevToolsDataSourceCondition)

   DevToolsDataSourceAutoConfiguration.DatabaseShutdownExecutorEntityManagerFactoryDependsOnPostProcessor matched:
      - @ConditionalOnClass found required class 'org.springframework.orm.jpa.LocalContainerEntityManagerFactoryBean' (OnClassCondition)
      - @ConditionalOnBean (types: org.springframework.orm.jpa.AbstractEntityManagerFactoryBean; SearchStrategy: all) found bean '&entityManagerFactory' (OnBeanCondition)

   DispatcherServletAutoConfiguration matched:
      - @ConditionalOnClass found required class 'org.springframework.web.servlet.DispatcherServlet' (OnClassCondition)
      - found 'session' scope (OnWebApplicationCondition)

   DispatcherServletAutoConfiguration.DispatcherServletConfiguration matched:
      - @ConditionalOnClass found required class 'jakarta.servlet.ServletRegistration' (OnClassCondition)
      - Default DispatcherServlet did not find dispatcher servlet beans (DispatcherServletAutoConfiguration.DefaultDispatcherServletCondition)

   DispatcherServletAutoConfiguration.DispatcherServletRegistrationConfiguration matched:
      - @ConditionalOnClass found required class 'jakarta.servlet.ServletRegistration' (OnClassCondition)
      - DispatcherServlet Registration did not find servlet registration bean (DispatcherServletAutoConfiguration.DispatcherServletRegistrationCondition)

   DispatcherServletAutoConfiguration.DispatcherServletRegistrationConfiguration#dispatcherServletRegistration matched:
      - @ConditionalOnBean (names: dispatcherServlet types: org.springframework.web.servlet.DispatcherServlet; SearchStrategy: all) found bean 'dispatcherServlet' (OnBeanCondition)

   EmbeddedWebServerFactoryCustomizerAutoConfiguration matched:
      - @ConditionalOnWebApplication (required) found 'session' scope (OnWebApplicationCondition)
      - @ConditionalOnWarDeployment the application is not deployed as a WAR file. (OnWarDeploymentCondition)

   EmbeddedWebServerFactoryCustomizerAutoConfiguration.TomcatWebServerFactoryCustomizerConfiguration matched:
      - @ConditionalOnClass found required classes 'org.apache.catalina.startup.Tomcat', 'org.apache.coyote.UpgradeProtocol' (OnClassCondition)

   ErrorMvcAutoConfiguration matched:
      - @ConditionalOnClass found required classes 'jakarta.servlet.Servlet', 'org.springframework.web.servlet.DispatcherServlet' (OnClassCondition)
      - found 'session' scope (OnWebApplicationCondition)

   ErrorMvcAutoConfiguration#basicErrorController matched:
      - @ConditionalOnMissingBean (types: org.springframework.boot.web.servlet.error.ErrorController; SearchStrategy: current) did not find any beans (OnBeanCondition)

   ErrorMvcAutoConfiguration#errorAttributes matched:
      - @ConditionalOnMissingBean (types: org.springframework.boot.web.servlet.error.ErrorAttributes; SearchStrategy: current) did not find any beans (OnBeanCondition)

   ErrorMvcAutoConfiguration.DefaultErrorViewResolverConfiguration#conventionErrorViewResolver matched:
      - @ConditionalOnBean (types: org.springframework.web.servlet.DispatcherServlet; SearchStrategy: all) found bean 'dispatcherServlet'; @ConditionalOnMissingBean (types: org.springframework.boot.autoconfigure.web.servlet.error.ErrorViewResolver; SearchStrategy: all) did not find any beans (OnBeanCondition)

   ErrorMvcAutoConfiguration.WhitelabelErrorViewConfiguration matched:
      - @ConditionalOnProperty (server.error.whitelabel.enabled) matched (OnPropertyCondition)
      - ErrorTemplate Missing did not find error template view (ErrorMvcAutoConfiguration.ErrorTemplateMissingCondition)

   ErrorMvcAutoConfiguration.WhitelabelErrorViewConfiguration#beanNameViewResolver matched:
      - @ConditionalOnMissingBean (types: org.springframework.web.servlet.view.BeanNameViewResolver; SearchStrategy: all) did not find any beans (OnBeanCondition)

   ErrorMvcAutoConfiguration.WhitelabelErrorViewConfiguration#defaultErrorView matched:
      - @ConditionalOnMissingBean (names: error; SearchStrategy: all) did not find any beans (OnBeanCondition)

   FlywayAutoConfiguration matched:
      - @ConditionalOnClass found required class 'org.flywaydb.core.Flyway' (OnClassCondition)
      - @ConditionalOnProperty (spring.flyway.enabled) matched (OnPropertyCondition)
      - AnyNestedCondition 2 matched 1 did not; NestedCondition on FlywayAutoConfiguration.FlywayDataSourceCondition.FlywayUrlCondition @ConditionalOnProperty (spring.flyway.url) did not find property 'url'; NestedCondition on FlywayAutoConfiguration.FlywayDataSourceCondition.JdbcConnectionDetailsCondition @ConditionalOnBean (types: org.springframework.boot.autoconfigure.jdbc.JdbcConnectionDetails; SearchStrategy: all) found bean 'jdbcConnectionDetails'; NestedCondition on FlywayAutoConfiguration.FlywayDataSourceCondition.DataSourceBeanCondition @ConditionalOnBean (types: javax.sql.DataSource; SearchStrategy: all) found bean 'dataSource' (FlywayAutoConfiguration.FlywayDataSourceCondition)

   FlywayAutoConfiguration.FlywayConfiguration matched:
      - @ConditionalOnClass found required class 'org.springframework.jdbc.support.JdbcUtils' (OnClassCondition)
      - @ConditionalOnMissingBean (types: org.flywaydb.core.Flyway; SearchStrategy: all) did not find any beans (OnBeanCondition)

   FlywayAutoConfiguration.FlywayConfiguration#flywayConnectionDetails matched:
      - @ConditionalOnMissingBean (types: org.springframework.boot.autoconfigure.flyway.FlywayConnectionDetails; SearchStrategy: all) did not find any beans (OnBeanCondition)

   FlywayAutoConfiguration.FlywayConfiguration#flywayInitializer matched:
      - @ConditionalOnMissingBean (types: org.springframework.boot.autoconfigure.flyway.FlywayMigrationInitializer; SearchStrategy: all) did not find any beans (OnBeanCondition)

   FlywayAutoConfiguration.FlywayConfiguration#postgresqlFlywayConfigurationCustomizer matched:
      - @ConditionalOnClass found required class 'org.flywaydb.core.internal.database.postgresql.PostgreSQLConfigurationExtension' (OnClassCondition)

   GenericCacheConfiguration matched:
      - Cache org.springframework.boot.autoconfigure.cache.GenericCacheConfiguration automatic cache type (CacheCondition)

   GsonAutoConfiguration matched:
      - @ConditionalOnClass found required class 'com.google.gson.Gson' (OnClassCondition)

   GsonAutoConfiguration#gson matched:
      - @ConditionalOnMissingBean (types: com.google.gson.Gson; SearchStrategy: all) did not find any beans (OnBeanCondition)

   GsonAutoConfiguration#gsonBuilder matched:
      - @ConditionalOnMissingBean (types: com.google.gson.GsonBuilder; SearchStrategy: all) did not find any beans (OnBeanCondition)

   GsonHttpMessageConvertersConfiguration matched:
      - @ConditionalOnClass found required class 'com.google.gson.Gson' (OnClassCondition)

   HibernateJpaAutoConfiguration matched:
      - @ConditionalOnClass found required classes 'org.springframework.orm.jpa.LocalContainerEntityManagerFactoryBean', 'jakarta.persistence.EntityManager', 'org.hibernate.engine.spi.SessionImplementor' (OnClassCondition)

   HibernateJpaConfiguration matched:
      - @ConditionalOnSingleCandidate (types: javax.sql.DataSource; SearchStrategy: all) found a single bean 'dataSource' (OnBeanCondition)

   HttpEncodingAutoConfiguration matched:
      - @ConditionalOnClass found required class 'org.springframework.web.filter.CharacterEncodingFilter' (OnClassCondition)
      - found 'session' scope (OnWebApplicationCondition)
      - @ConditionalOnProperty (server.servlet.encoding.enabled) matched (OnPropertyCondition)

   HttpEncodingAutoConfiguration#characterEncodingFilter matched:
      - @ConditionalOnMissingBean (types: org.springframework.web.filter.CharacterEncodingFilter; SearchStrategy: all) did not find any beans (OnBeanCondition)

   HttpMessageConvertersAutoConfiguration matched:
      - @ConditionalOnClass found required class 'org.springframework.http.converter.HttpMessageConverter' (OnClassCondition)
      - NoneNestedConditions 0 matched 1 did not; NestedCondition on HttpMessageConvertersAutoConfiguration.NotReactiveWebApplicationCondition.ReactiveWebApplication did not find reactive web application classes (HttpMessageConvertersAutoConfiguration.NotReactiveWebApplicationCondition)

   HttpMessageConvertersAutoConfiguration#messageConverters matched:
      - @ConditionalOnMissingBean (types: org.springframework.boot.autoconfigure.http.HttpMessageConverters; SearchStrategy: all) did not find any beans (OnBeanCondition)

   HttpMessageConvertersAutoConfiguration.StringHttpMessageConverterConfiguration matched:
      - @ConditionalOnClass found required class 'org.springframework.http.converter.StringHttpMessageConverter' (OnClassCondition)

   HttpMessageConvertersAutoConfiguration.StringHttpMessageConverterConfiguration#stringHttpMessageConverter matched:
      - @ConditionalOnMissingBean (types: org.springframework.http.converter.StringHttpMessageConverter; SearchStrategy: all) did not find any beans (OnBeanCondition)

   JacksonAutoConfiguration matched:
      - @ConditionalOnClass found required class 'com.fasterxml.jackson.databind.ObjectMapper' (OnClassCondition)

   JacksonAutoConfiguration.Jackson2ObjectMapperBuilderCustomizerConfiguration matched:
      - @ConditionalOnClass found required class 'org.springframework.http.converter.json.Jackson2ObjectMapperBuilder' (OnClassCondition)

   JacksonAutoConfiguration.JacksonObjectMapperBuilderConfiguration matched:
      - @ConditionalOnClass found required class 'org.springframework.http.converter.json.Jackson2ObjectMapperBuilder' (OnClassCondition)

   JacksonAutoConfiguration.JacksonObjectMapperBuilderConfiguration#jacksonObjectMapperBuilder matched:
      - @ConditionalOnMissingBean (types: org.springframework.http.converter.json.Jackson2ObjectMapperBuilder; SearchStrategy: all) did not find any beans (OnBeanCondition)

   JacksonAutoConfiguration.JacksonObjectMapperConfiguration matched:
      - @ConditionalOnClass found required class 'org.springframework.http.converter.json.Jackson2ObjectMapperBuilder' (OnClassCondition)

   JacksonAutoConfiguration.JacksonObjectMapperConfiguration#jacksonObjectMapper matched:
      - @ConditionalOnMissingBean (types: com.fasterxml.jackson.databind.ObjectMapper; SearchStrategy: all) did not find any beans (OnBeanCondition)

   JacksonAutoConfiguration.ParameterNamesModuleConfiguration matched:
      - @ConditionalOnClass found required class 'com.fasterxml.jackson.module.paramnames.ParameterNamesModule' (OnClassCondition)

   JacksonAutoConfiguration.ParameterNamesModuleConfiguration#parameterNamesModule matched:
      - @ConditionalOnMissingBean (types: com.fasterxml.jackson.module.paramnames.ParameterNamesModule; SearchStrategy: all) did not find any beans (OnBeanCondition)

   JacksonHttpMessageConvertersConfiguration.MappingJackson2HttpMessageConverterConfiguration matched:
      - @ConditionalOnClass found required class 'com.fasterxml.jackson.databind.ObjectMapper' (OnClassCondition)
      - @ConditionalOnProperty (spring.mvc.converters.preferred-json-mapper=jackson) matched (OnPropertyCondition)
      - @ConditionalOnBean (types: com.fasterxml.jackson.databind.ObjectMapper; SearchStrategy: all) found bean 'jacksonObjectMapper' (OnBeanCondition)

   JacksonHttpMessageConvertersConfiguration.MappingJackson2HttpMessageConverterConfiguration#mappingJackson2HttpMessageConverter matched:
      - @ConditionalOnMissingBean (types: org.springframework.http.converter.json.MappingJackson2HttpMessageConverter ignored: org.springframework.hateoas.server.mvc.TypeConstrainedMappingJackson2HttpMessageConverter,org.springframework.data.rest.webmvc.alps.AlpsJsonHttpMessageConverter; SearchStrategy: all) did not find any beans (OnBeanCondition)

   JdbcClientAutoConfiguration matched:
      - @ConditionalOnSingleCandidate (types: org.springframework.jdbc.core.namedparam.NamedParameterJdbcTemplate; SearchStrategy: all) found a single bean 'namedParameterJdbcTemplate'; @ConditionalOnMissingBean (types: org.springframework.jdbc.core.simple.JdbcClient; SearchStrategy: all) did not find any beans (OnBeanCondition)

   JdbcTemplateAutoConfiguration matched:
      - @ConditionalOnClass found required classes 'javax.sql.DataSource', 'org.springframework.jdbc.core.JdbcTemplate' (OnClassCondition)
      - @ConditionalOnSingleCandidate (types: javax.sql.DataSource; SearchStrategy: all) found a single bean 'dataSource' (OnBeanCondition)

   JdbcTemplateConfiguration matched:
      - @ConditionalOnMissingBean (types: org.springframework.jdbc.core.JdbcOperations; SearchStrategy: all) did not find any beans (OnBeanCondition)

   JpaBaseConfiguration#entityManagerFactory matched:
      - @ConditionalOnMissingBean (types: org.springframework.orm.jpa.LocalContainerEntityManagerFactoryBean,jakarta.persistence.EntityManagerFactory; SearchStrategy: all) did not find any beans (OnBeanCondition)

   JpaBaseConfiguration#entityManagerFactoryBuilder matched:
      - @ConditionalOnMissingBean (types: org.springframework.boot.orm.jpa.EntityManagerFactoryBuilder; SearchStrategy: all) did not find any beans (OnBeanCondition)

   JpaBaseConfiguration#jpaVendorAdapter matched:
      - @ConditionalOnMissingBean (types: org.springframework.orm.jpa.JpaVendorAdapter; SearchStrategy: all) did not find any beans (OnBeanCondition)

   JpaBaseConfiguration#transactionManager matched:
      - @ConditionalOnMissingBean (types: org.springframework.transaction.TransactionManager; SearchStrategy: all) did not find any beans (OnBeanCondition)

   JpaBaseConfiguration.JpaWebConfiguration matched:
      - @ConditionalOnClass found required class 'org.springframework.web.servlet.config.annotation.WebMvcConfigurer' (OnClassCondition)
      - found 'session' scope (OnWebApplicationCondition)
      - @ConditionalOnProperty (spring.jpa.open-in-view=true) matched (OnPropertyCondition)
      - @ConditionalOnMissingBean (types: org.springframework.orm.jpa.support.OpenEntityManagerInViewInterceptor,org.springframework.orm.jpa.support.OpenEntityManagerInViewFilter; SearchStrategy: all) did not find any beans (OnBeanCondition)

   JpaBaseConfiguration.PersistenceManagedTypesConfiguration matched:
      - @ConditionalOnMissingBean (types: org.springframework.orm.jpa.LocalContainerEntityManagerFactoryBean,jakarta.persistence.EntityManagerFactory; SearchStrategy: all) did not find any beans (OnBeanCondition)

   JpaBaseConfiguration.PersistenceManagedTypesConfiguration#persistenceManagedTypes matched:
      - @ConditionalOnMissingBean (types: org.springframework.orm.jpa.persistenceunit.PersistenceManagedTypes; SearchStrategy: all) did not find any beans (OnBeanCondition)

   JpaRepositoriesAutoConfiguration matched:
      - @ConditionalOnClass found required class 'org.springframework.data.jpa.repository.JpaRepository' (OnClassCondition)
      - @ConditionalOnProperty (spring.data.jpa.repositories.enabled=true) matched (OnPropertyCondition)
      - @ConditionalOnBean (types: javax.sql.DataSource; SearchStrategy: all) found bean 'dataSource'; @ConditionalOnMissingBean (types: org.springframework.data.jpa.repository.support.JpaRepositoryFactoryBean,org.springframework.data.jpa.repository.config.JpaRepositoryConfigExtension; SearchStrategy: all) did not find any beans (OnBeanCondition)

   JtaAutoConfiguration matched:
      - @ConditionalOnClass found required class 'jakarta.transaction.Transaction' (OnClassCondition)
      - @ConditionalOnProperty (spring.jta.enabled) matched (OnPropertyCondition)

   LifecycleAutoConfiguration#defaultLifecycleProcessor matched:
      - @ConditionalOnMissingBean (names: lifecycleProcessor; SearchStrategy: current) did not find any beans (OnBeanCondition)

   LocalDevToolsAutoConfiguration matched:
      - Initialized Restarter Condition available and initialized (OnInitializedRestarterCondition)

   LocalDevToolsAutoConfiguration.LiveReloadConfiguration matched:
      - @ConditionalOnProperty (spring.devtools.livereload.enabled) matched (OnPropertyCondition)

   LocalDevToolsAutoConfiguration.LiveReloadConfiguration#liveReloadServer matched:
      - @ConditionalOnMissingBean (types: org.springframework.boot.devtools.livereload.LiveReloadServer; SearchStrategy: all) did not find any beans (OnBeanCondition)

   LocalDevToolsAutoConfiguration.RestartConfiguration matched:
      - @ConditionalOnProperty (spring.devtools.restart.enabled) matched (OnPropertyCondition)

   LocalDevToolsAutoConfiguration.RestartConfiguration#classPathFileSystemWatcher matched:
      - @ConditionalOnMissingBean (types: org.springframework.boot.devtools.classpath.ClassPathFileSystemWatcher; SearchStrategy: all) did not find any beans (OnBeanCondition)

   LocalDevToolsAutoConfiguration.RestartConfiguration#classPathRestartStrategy matched:
      - @ConditionalOnMissingBean (types: org.springframework.boot.devtools.classpath.ClassPathRestartStrategy; SearchStrategy: all) did not find any beans (OnBeanCondition)

   LocalDevToolsAutoConfiguration.RestartConfiguration#conditionEvaluationDeltaLoggingListener matched:
      - @ConditionalOnProperty (spring.devtools.restart.log-condition-evaluation-delta) matched (OnPropertyCondition)

   MultipartAutoConfiguration matched:
      - @ConditionalOnClass found required classes 'jakarta.servlet.Servlet', 'org.springframework.web.multipart.support.StandardServletMultipartResolver', 'jakarta.servlet.MultipartConfigElement' (OnClassCondition)
      - found 'session' scope (OnWebApplicationCondition)
      - @ConditionalOnProperty (spring.servlet.multipart.enabled) matched (OnPropertyCondition)

   MultipartAutoConfiguration#multipartConfigElement matched:
      - @ConditionalOnMissingBean (types: jakarta.servlet.MultipartConfigElement; SearchStrategy: all) did not find any beans (OnBeanCondition)

   MultipartAutoConfiguration#multipartResolver matched:
      - @ConditionalOnMissingBean (types: org.springframework.web.multipart.MultipartResolver; SearchStrategy: all) did not find any beans (OnBeanCondition)

   NamedParameterJdbcTemplateConfiguration matched:
      - @ConditionalOnSingleCandidate (types: org.springframework.jdbc.core.JdbcTemplate; SearchStrategy: all) found a single bean 'jdbcTemplate'; @ConditionalOnMissingBean (types: org.springframework.jdbc.core.namedparam.NamedParameterJdbcOperations; SearchStrategy: all) did not find any beans (OnBeanCondition)

   NoOpCacheConfiguration matched:
      - Cache org.springframework.boot.autoconfigure.cache.NoOpCacheConfiguration automatic cache type (CacheCondition)

   PersistenceExceptionTranslationAutoConfiguration matched:
      - @ConditionalOnClass found required class 'org.springframework.dao.annotation.PersistenceExceptionTranslationPostProcessor' (OnClassCondition)

   PersistenceExceptionTranslationAutoConfiguration#persistenceExceptionTranslationPostProcessor matched:
      - @ConditionalOnProperty (spring.dao.exceptiontranslation.enabled) matched (OnPropertyCondition)
      - @ConditionalOnMissingBean (types: org.springframework.dao.annotation.PersistenceExceptionTranslationPostProcessor; SearchStrategy: all) did not find any beans (OnBeanCondition)

   PropertyPlaceholderAutoConfiguration#propertySourcesPlaceholderConfigurer matched:
      - @ConditionalOnMissingBean (types: org.springframework.context.support.PropertySourcesPlaceholderConfigurer; SearchStrategy: current) did not find any beans (OnBeanCondition)

   RestClientAutoConfiguration matched:
      - @ConditionalOnClass found required class 'org.springframework.web.client.RestClient' (OnClassCondition)
      - NoneNestedConditions 0 matched 1 did not; NestedCondition on NotReactiveWebApplicationCondition.ReactiveWebApplication did not find reactive web application classes (NotReactiveWebApplicationCondition)

   RestClientAutoConfiguration#httpMessageConvertersRestClientCustomizer matched:
      - @ConditionalOnMissingBean (types: org.springframework.boot.autoconfigure.web.client.HttpMessageConvertersRestClientCustomizer; SearchStrategy: all) did not find any beans (OnBeanCondition)

   RestClientAutoConfiguration#restClientBuilder matched:
      - @ConditionalOnMissingBean (types: org.springframework.web.client.RestClient$Builder; SearchStrategy: all) did not find any beans (OnBeanCondition)

   RestClientAutoConfiguration#restClientBuilderConfigurer matched:
      - @ConditionalOnMissingBean (types: org.springframework.boot.autoconfigure.web.client.RestClientBuilderConfigurer; SearchStrategy: all) did not find any beans (OnBeanCondition)

   RestClientAutoConfiguration#restClientSsl matched:
      - @ConditionalOnBean (types: org.springframework.boot.ssl.SslBundles; SearchStrategy: all) found bean 'sslBundleRegistry'; @ConditionalOnMissingBean (types: org.springframework.boot.autoconfigure.web.client.RestClientSsl; SearchStrategy: all) did not find any beans (OnBeanCondition)

   RestTemplateAutoConfiguration matched:
      - @ConditionalOnClass found required class 'org.springframework.web.client.RestTemplate' (OnClassCondition)
      - NoneNestedConditions 0 matched 1 did not; NestedCondition on NotReactiveWebApplicationCondition.ReactiveWebApplication did not find reactive web application classes (NotReactiveWebApplicationCondition)

   RestTemplateAutoConfiguration#restTemplateBuilder matched:
      - @ConditionalOnMissingBean (types: org.springframework.boot.web.client.RestTemplateBuilder; SearchStrategy: all) did not find any beans (OnBeanCondition)

   SecurityAutoConfiguration matched:
      - @ConditionalOnClass found required class 'org.springframework.security.authentication.DefaultAuthenticationEventPublisher' (OnClassCondition)

   SecurityAutoConfiguration#authenticationEventPublisher matched:
      - @ConditionalOnMissingBean (types: org.springframework.security.authentication.AuthenticationEventPublisher; SearchStrategy: all) did not find any beans (OnBeanCondition)

   SecurityFilterAutoConfiguration matched:
      - @ConditionalOnClass found required classes 'org.springframework.security.web.context.AbstractSecurityWebApplicationInitializer', 'org.springframework.security.config.http.SessionCreationPolicy' (OnClassCondition)
      - found 'session' scope (OnWebApplicationCondition)

   SecurityFilterAutoConfiguration#securityFilterChainRegistration matched:
      - @ConditionalOnBean (names: springSecurityFilterChain; SearchStrategy: all) found bean 'springSecurityFilterChain' (OnBeanCondition)

   ServletWebServerFactoryAutoConfiguration matched:
      - @ConditionalOnClass found required class 'jakarta.servlet.ServletRequest' (OnClassCondition)
      - found 'session' scope (OnWebApplicationCondition)

   ServletWebServerFactoryAutoConfiguration#tomcatServletWebServerFactoryCustomizer matched:
      - @ConditionalOnClass found required class 'org.apache.catalina.startup.Tomcat' (OnClassCondition)

   ServletWebServerFactoryConfiguration.EmbeddedTomcat matched:
      - @ConditionalOnClass found required classes 'jakarta.servlet.Servlet', 'org.apache.catalina.startup.Tomcat', 'org.apache.coyote.UpgradeProtocol' (OnClassCondition)
      - @ConditionalOnMissingBean (types: org.springframework.boot.web.servlet.server.ServletWebServerFactory; SearchStrategy: current) did not find any beans (OnBeanCondition)

   SimpleCacheConfiguration matched:
      - Cache org.springframework.boot.autoconfigure.cache.SimpleCacheConfiguration automatic cache type (CacheCondition)

   SpringBootWebSecurityConfiguration matched:
      - found 'session' scope (OnWebApplicationCondition)

   SpringDataWebAutoConfiguration matched:
      - @ConditionalOnClass found required classes 'org.springframework.data.web.PageableHandlerMethodArgumentResolver', 'org.springframework.web.servlet.config.annotation.WebMvcConfigurer' (OnClassCondition)
      - found 'session' scope (OnWebApplicationCondition)
      - @ConditionalOnMissingBean (types: org.springframework.data.web.PageableHandlerMethodArgumentResolver; SearchStrategy: all) did not find any beans (OnBeanCondition)

   SpringDataWebAutoConfiguration#pageableCustomizer matched:
      - @ConditionalOnMissingBean (types: org.springframework.data.web.config.PageableHandlerMethodArgumentResolverCustomizer; SearchStrategy: all) did not find any beans (OnBeanCondition)

   SpringDataWebAutoConfiguration#sortCustomizer matched:
      - @ConditionalOnMissingBean (types: org.springframework.data.web.config.SortHandlerMethodArgumentResolverCustomizer; SearchStrategy: all) did not find any beans (OnBeanCondition)

   SslAutoConfiguration#sslBundleRegistry matched:
      - @ConditionalOnMissingBean (types: org.springframework.boot.ssl.SslBundleRegistry,org.springframework.boot.ssl.SslBundles; SearchStrategy: all) did not find any beans (OnBeanCondition)

   TaskExecutionAutoConfiguration matched:
      - @ConditionalOnClass found required class 'org.springframework.scheduling.concurrent.ThreadPoolTaskExecutor' (OnClassCondition)

   TaskExecutorConfigurations.SimpleAsyncTaskExecutorBuilderConfiguration#simpleAsyncTaskExecutorBuilder matched:
      - @ConditionalOnMissingBean (types: org.springframework.boot.task.SimpleAsyncTaskExecutorBuilder; SearchStrategy: all) did not find any beans (OnBeanCondition)
      - @ConditionalOnThreading found PLATFORM (OnThreadingCondition)

   TaskExecutorConfigurations.TaskExecutorBuilderConfiguration#taskExecutorBuilder matched:
      - @ConditionalOnMissingBean (types: org.springframework.boot.task.TaskExecutorBuilder; SearchStrategy: all) did not find any beans (OnBeanCondition)

   TaskExecutorConfigurations.TaskExecutorConfiguration matched:
      - @ConditionalOnMissingBean (types: java.util.concurrent.Executor; SearchStrategy: all) did not find any beans (OnBeanCondition)

   TaskExecutorConfigurations.TaskExecutorConfiguration#applicationTaskExecutor matched:
      - @ConditionalOnThreading found PLATFORM (OnThreadingCondition)

   TaskExecutorConfigurations.ThreadPoolTaskExecutorBuilderConfiguration#threadPoolTaskExecutorBuilder matched:
      - @ConditionalOnMissingBean (types: org.springframework.boot.task.TaskExecutorBuilder,org.springframework.boot.task.ThreadPoolTaskExecutorBuilder; SearchStrategy: all) did not find any beans (OnBeanCondition)

   TaskSchedulingAutoConfiguration matched:
      - @ConditionalOnClass found required class 'org.springframework.scheduling.concurrent.ThreadPoolTaskScheduler' (OnClassCondition)

   TaskSchedulingConfigurations.SimpleAsyncTaskSchedulerBuilderConfiguration#simpleAsyncTaskSchedulerBuilder matched:
      - @ConditionalOnMissingBean (types: org.springframework.boot.task.SimpleAsyncTaskSchedulerBuilder; SearchStrategy: all) did not find any beans (OnBeanCondition)
      - @ConditionalOnThreading found PLATFORM (OnThreadingCondition)

   TaskSchedulingConfigurations.TaskSchedulerBuilderConfiguration#taskSchedulerBuilder matched:
      - @ConditionalOnMissingBean (types: org.springframework.boot.task.TaskSchedulerBuilder; SearchStrategy: all) did not find any beans (OnBeanCondition)

   TaskSchedulingConfigurations.ThreadPoolTaskSchedulerBuilderConfiguration#threadPoolTaskSchedulerBuilder matched:
      - @ConditionalOnMissingBean (types: org.springframework.boot.task.TaskSchedulerBuilder,org.springframework.boot.task.ThreadPoolTaskSchedulerBuilder; SearchStrategy: all) did not find any beans (OnBeanCondition)

   TransactionAutoConfiguration matched:
      - @ConditionalOnClass found required class 'org.springframework.transaction.PlatformTransactionManager' (OnClassCondition)

   TransactionAutoConfiguration.EnableTransactionManagementConfiguration matched:
      - @ConditionalOnBean (types: org.springframework.transaction.TransactionManager; SearchStrategy: all) found bean 'transactionManager'; @ConditionalOnMissingBean (types: org.springframework.transaction.annotation.AbstractTransactionManagementConfiguration; SearchStrategy: all) did not find any beans (OnBeanCondition)

   TransactionAutoConfiguration.EnableTransactionManagementConfiguration.CglibAutoProxyConfiguration matched:
      - @ConditionalOnProperty (spring.aop.proxy-target-class=true) matched (OnPropertyCondition)

   TransactionAutoConfiguration.TransactionTemplateConfiguration matched:
      - @ConditionalOnSingleCandidate (types: org.springframework.transaction.PlatformTransactionManager; SearchStrategy: all) found a single bean 'transactionManager' (OnBeanCondition)

   TransactionAutoConfiguration.TransactionTemplateConfiguration#transactionTemplate matched:
      - @ConditionalOnMissingBean (types: org.springframework.transaction.support.TransactionOperations; SearchStrategy: all) did not find any beans (OnBeanCondition)

   TransactionManagerCustomizationAutoConfiguration matched:
      - @ConditionalOnClass found required class 'org.springframework.transaction.PlatformTransactionManager' (OnClassCondition)

   TransactionManagerCustomizationAutoConfiguration#platformTransactionManagerCustomizers matched:
      - @ConditionalOnMissingBean (types: org.springframework.boot.autoconfigure.transaction.TransactionManagerCustomizers; SearchStrategy: all) did not find any beans (OnBeanCondition)

   UserDetailsServiceAutoConfiguration matched:
      - @ConditionalOnClass found required class 'org.springframework.security.authentication.AuthenticationManager'; @ConditionalOnMissingClass did not find unwanted classes 'org.springframework.security.oauth2.client.registration.ClientRegistrationRepository', 'org.springframework.security.oauth2.server.resource.introspection.OpaqueTokenIntrospector', 'org.springframework.security.saml2.provider.service.registration.RelyingPartyRegistrationRepository' (OnClassCondition)
      - @ConditionalOnBean (types: org.springframework.security.config.annotation.ObjectPostProcessor; SearchStrategy: all) found bean 'objectPostProcessor'; @ConditionalOnMissingBean (types: org.springframework.security.authentication.AuthenticationManager,org.springframework.security.authentication.AuthenticationProvider,org.springframework.security.core.userdetails.UserDetailsService,org.springframework.security.authentication.AuthenticationManagerResolver,org.springframework.security.oauth2.jwt.JwtDecoder; SearchStrategy: all) did not find any beans (OnBeanCondition)

   ValidationAutoConfiguration matched:
      - @ConditionalOnClass found required class 'jakarta.validation.executable.ExecutableValidator' (OnClassCondition)
      - @ConditionalOnResource found location classpath:META-INF/services/jakarta.validation.spi.ValidationProvider (OnResourceCondition)

   ValidationAutoConfiguration#defaultValidator matched:
      - @ConditionalOnMissingBean (types: jakarta.validation.Validator; SearchStrategy: all) did not find any beans (OnBeanCondition)

   ValidationAutoConfiguration#methodValidationPostProcessor matched:
      - @ConditionalOnMissingBean (types: org.springframework.validation.beanvalidation.MethodValidationPostProcessor; SearchStrategy: current) did not find any beans (OnBeanCondition)

   WebMvcAutoConfiguration matched:
      - @ConditionalOnClass found required classes 'jakarta.servlet.Servlet', 'org.springframework.web.servlet.DispatcherServlet', 'org.springframework.web.servlet.config.annotation.WebMvcConfigurer' (OnClassCondition)
      - found 'session' scope (OnWebApplicationCondition)
      - @ConditionalOnMissingBean (types: org.springframework.web.servlet.config.annotation.WebMvcConfigurationSupport; SearchStrategy: all) did not find any beans (OnBeanCondition)

   WebMvcAutoConfiguration#formContentFilter matched:
      - @ConditionalOnProperty (spring.mvc.formcontent.filter.enabled) matched (OnPropertyCondition)
      - @ConditionalOnMissingBean (types: org.springframework.web.filter.FormContentFilter; SearchStrategy: all) did not find any beans (OnBeanCondition)

   WebMvcAutoConfiguration.EnableWebMvcConfiguration#flashMapManager matched:
      - @ConditionalOnMissingBean (names: flashMapManager; SearchStrategy: all) did not find any beans (OnBeanCondition)

   WebMvcAutoConfiguration.EnableWebMvcConfiguration#localeResolver matched:
      - @ConditionalOnMissingBean (names: localeResolver; SearchStrategy: all) did not find any beans (OnBeanCondition)

   WebMvcAutoConfiguration.EnableWebMvcConfiguration#themeResolver matched:
      - @ConditionalOnMissingBean (names: themeResolver; SearchStrategy: all) did not find any beans (OnBeanCondition)

   WebMvcAutoConfiguration.WebMvcAutoConfigurationAdapter#defaultViewResolver matched:
      - @ConditionalOnMissingBean (types: org.springframework.web.servlet.view.InternalResourceViewResolver; SearchStrategy: all) did not find any beans (OnBeanCondition)

   WebMvcAutoConfiguration.WebMvcAutoConfigurationAdapter#requestContextFilter matched:
      - @ConditionalOnMissingBean (types: org.springframework.web.context.request.RequestContextListener,org.springframework.web.filter.RequestContextFilter; SearchStrategy: all) did not find any beans (OnBeanCondition)

   WebMvcAutoConfiguration.WebMvcAutoConfigurationAdapter#viewResolver matched:
      - @ConditionalOnBean (types: org.springframework.web.servlet.ViewResolver; SearchStrategy: all) found beans 'defaultViewResolver', 'beanNameViewResolver', 'mvcViewResolver'; @ConditionalOnMissingBean (names: viewResolver types: org.springframework.web.servlet.view.ContentNegotiatingViewResolver; SearchStrategy: all) did not find any beans (OnBeanCondition)

   WebSocketServletAutoConfiguration matched:
      - @ConditionalOnClass found required classes 'jakarta.servlet.Servlet', 'jakarta.websocket.server.ServerContainer' (OnClassCondition)
      - found 'session' scope (OnWebApplicationCondition)

   WebSocketServletAutoConfiguration.TomcatWebSocketConfiguration matched:
      - @ConditionalOnClass found required classes 'org.apache.catalina.startup.Tomcat', 'org.apache.tomcat.websocket.server.WsSci' (OnClassCondition)

   WebSocketServletAutoConfiguration.TomcatWebSocketConfiguration#websocketServletWebServerCustomizer matched:
      - @ConditionalOnMissingBean (names: websocketServletWebServerCustomizer; SearchStrategy: all) did not find any beans (OnBeanCondition)


Negative matches:
-----------------

   ActiveMQAutoConfiguration:
      Did not match:
         - @ConditionalOnClass did not find required class 'jakarta.jms.ConnectionFactory' (OnClassCondition)

   AopAutoConfiguration.AspectJAutoProxyingConfiguration.JdkDynamicAutoProxyConfiguration:
      Did not match:
         - @ConditionalOnProperty (spring.aop.proxy-target-class=false) did not find property 'proxy-target-class' (OnPropertyCondition)

   AopAutoConfiguration.ClassProxyingConfiguration:
      Did not match:
         - @ConditionalOnMissingClass found unwanted class 'org.aspectj.weaver.Advice' (OnClassCondition)

   ArtemisAutoConfiguration:
      Did not match:
         - @ConditionalOnClass did not find required class 'jakarta.jms.ConnectionFactory' (OnClassCondition)

   BatchAutoConfiguration:
      Did not match:
         - @ConditionalOnClass did not find required class 'org.springframework.batch.core.launch.JobLauncher' (OnClassCondition)

   Cache2kCacheConfiguration:
      Did not match:
         - @ConditionalOnClass did not find required class 'org.cache2k.Cache2kBuilder' (OnClassCondition)

   CacheAutoConfiguration:
      Did not match:
         - @ConditionalOnBean (types: org.springframework.cache.interceptor.CacheAspectSupport; SearchStrategy: all) did not find any beans of type org.springframework.cache.interceptor.CacheAspectSupport (OnBeanCondition)
      Matched:
         - @ConditionalOnClass found required class 'org.springframework.cache.CacheManager' (OnClassCondition)

   CacheAutoConfiguration.CacheManagerEntityManagerFactoryDependsOnPostProcessor:
      Did not match:
         - Ancestor org.springframework.boot.autoconfigure.cache.CacheAutoConfiguration did not match (ConditionEvaluationReport.AncestorsMatchedCondition)
      Matched:
         - @ConditionalOnClass found required class 'org.springframework.orm.jpa.LocalContainerEntityManagerFactoryBean' (OnClassCondition)

   CaffeineCacheConfiguration:
      Did not match:
         - @ConditionalOnClass did not find required class 'com.github.benmanes.caffeine.cache.Caffeine' (OnClassCondition)

   CassandraAutoConfiguration:
      Did not match:
         - @ConditionalOnClass did not find required class 'com.datastax.oss.driver.api.core.CqlSession' (OnClassCondition)

   CassandraDataAutoConfiguration:
      Did not match:
         - @ConditionalOnClass did not find required class 'com.datastax.oss.driver.api.core.CqlSession' (OnClassCondition)

   CassandraReactiveDataAutoConfiguration:
      Did not match:
         - @ConditionalOnClass did not find required class 'com.datastax.oss.driver.api.core.CqlSession' (OnClassCondition)

   CassandraReactiveRepositoriesAutoConfiguration:
      Did not match:
         - @ConditionalOnClass did not find required class 'org.springframework.data.cassandra.ReactiveSession' (OnClassCondition)

   CassandraRepositoriesAutoConfiguration:
      Did not match:
         - @ConditionalOnClass did not find required class 'com.datastax.oss.driver.api.core.CqlSession' (OnClassCondition)

   ClientHttpConnectorAutoConfiguration:
      Did not match:
         - @ConditionalOnClass did not find required class 'org.springframework.web.reactive.function.client.WebClient' (OnClassCondition)

   CodecsAutoConfiguration:
      Did not match:
         - @ConditionalOnClass did not find required class 'org.springframework.web.reactive.function.client.WebClient' (OnClassCondition)

   CouchbaseAutoConfiguration:
      Did not match:
         - @ConditionalOnClass did not find required class 'com.couchbase.client.java.Cluster' (OnClassCondition)

   CouchbaseCacheConfiguration:
      Did not match:
         - @ConditionalOnClass did not find required class 'com.couchbase.client.java.Cluster' (OnClassCondition)

   CouchbaseDataAutoConfiguration:
      Did not match:
         - @ConditionalOnClass did not find required class 'com.couchbase.client.java.Bucket' (OnClassCondition)

   CouchbaseReactiveDataAutoConfiguration:
      Did not match:
         - @ConditionalOnClass did not find required class 'com.couchbase.client.java.Cluster' (OnClassCondition)

   CouchbaseReactiveRepositoriesAutoConfiguration:
      Did not match:
         - @ConditionalOnClass did not find required class 'com.couchbase.client.java.Cluster' (OnClassCondition)

   CouchbaseRepositoriesAutoConfiguration:
      Did not match:
         - @ConditionalOnClass did not find required class 'com.couchbase.client.java.Bucket' (OnClassCondition)

   DataSourceAutoConfiguration.EmbeddedDatabaseConfiguration:
      Did not match:
         - EmbeddedDataSource spring.datasource.url is set (DataSourceAutoConfiguration.EmbeddedDatabaseCondition)

   DataSourceCheckpointRestoreConfiguration:
      Did not match:
         - @ConditionalOnClass did not find required class 'org.crac.Resource' (OnClassCondition)

   DataSourceConfiguration.Dbcp2:
      Did not match:
         - @ConditionalOnClass did not find required class 'org.apache.commons.dbcp2.BasicDataSource' (OnClassCondition)

   DataSourceConfiguration.Generic:
      Did not match:
         - @ConditionalOnProperty (spring.datasource.type) did not find property 'spring.datasource.type' (OnPropertyCondition)

   DataSourceConfiguration.OracleUcp:
      Did not match:
         - @ConditionalOnClass did not find required classes 'oracle.ucp.jdbc.PoolDataSourceImpl', 'oracle.jdbc.OracleConnection' (OnClassCondition)

   DataSourceConfiguration.Tomcat:
      Did not match:
         - @ConditionalOnClass did not find required class 'org.apache.tomcat.jdbc.pool.DataSource' (OnClassCondition)

   DataSourceJmxConfiguration.TomcatDataSourceJmxConfiguration:
      Did not match:
         - @ConditionalOnClass did not find required class 'org.apache.tomcat.jdbc.pool.DataSourceProxy' (OnClassCondition)

   DataSourcePoolMetadataProvidersConfiguration.CommonsDbcp2PoolDataSourceMetadataProviderConfiguration:
      Did not match:
         - @ConditionalOnClass did not find required class 'org.apache.commons.dbcp2.BasicDataSource' (OnClassCondition)

   DataSourcePoolMetadataProvidersConfiguration.OracleUcpPoolDataSourceMetadataProviderConfiguration:
      Did not match:
         - @ConditionalOnClass did not find required classes 'oracle.ucp.jdbc.PoolDataSource', 'oracle.jdbc.OracleConnection' (OnClassCondition)

   DataSourcePoolMetadataProvidersConfiguration.TomcatDataSourcePoolMetadataProviderConfiguration:
      Did not match:
         - @ConditionalOnClass did not find required class 'org.apache.tomcat.jdbc.pool.DataSource' (OnClassCondition)

   DataSourceTransactionManagerAutoConfiguration.JdbcTransactionManagerConfiguration#transactionManager:
      Did not match:
         - @ConditionalOnMissingBean (types: org.springframework.transaction.TransactionManager; SearchStrategy: all) found beans of type 'org.springframework.transaction.TransactionManager' transactionManager (OnBeanCondition)

   DevToolsR2dbcAutoConfiguration:
      Did not match:
         - @ConditionalOnClass did not find required class 'io.r2dbc.spi.ConnectionFactory' (OnClassCondition)

   DispatcherServletAutoConfiguration.DispatcherServletConfiguration#multipartResolver:
      Did not match:
         - @ConditionalOnBean (types: org.springframework.web.multipart.MultipartResolver; SearchStrategy: all) did not find any beans of type org.springframework.web.multipart.MultipartResolver (OnBeanCondition)

   ElasticsearchClientAutoConfiguration:
      Did not match:
         - @ConditionalOnClass did not find required class 'co.elastic.clients.elasticsearch.ElasticsearchClient' (OnClassCondition)

   ElasticsearchDataAutoConfiguration:
      Did not match:
         - @ConditionalOnClass did not find required class 'org.springframework.data.elasticsearch.client.elc.ElasticsearchTemplate' (OnClassCondition)

   ElasticsearchRepositoriesAutoConfiguration:
      Did not match:
         - @ConditionalOnClass did not find required class 'org.springframework.data.elasticsearch.repository.ElasticsearchRepository' (OnClassCondition)

   ElasticsearchRestClientAutoConfiguration:
      Did not match:
         - @ConditionalOnClass did not find required class 'org.elasticsearch.client.RestClientBuilder' (OnClassCondition)

   EmbeddedLdapAutoConfiguration:
      Did not match:
         - @ConditionalOnClass did not find required class 'com.unboundid.ldap.listener.InMemoryDirectoryServer' (OnClassCondition)

   EmbeddedWebServerFactoryCustomizerAutoConfiguration.JettyWebServerFactoryCustomizerConfiguration:
      Did not match:
         - @ConditionalOnClass did not find required classes 'org.eclipse.jetty.server.Server', 'org.eclipse.jetty.util.Loader', 'org.eclipse.jetty.ee10.webapp.WebAppContext' (OnClassCondition)

   EmbeddedWebServerFactoryCustomizerAutoConfiguration.NettyWebServerFactoryCustomizerConfiguration:
      Did not match:
         - @ConditionalOnClass did not find required class 'reactor.netty.http.server.HttpServer' (OnClassCondition)

   EmbeddedWebServerFactoryCustomizerAutoConfiguration.TomcatWebServerFactoryCustomizerConfiguration#tomcatVirtualThreadsProtocolHandlerCustomizer:
      Did not match:
         - @ConditionalOnThreading did not find VIRTUAL (OnThreadingCondition)

   EmbeddedWebServerFactoryCustomizerAutoConfiguration.UndertowWebServerFactoryCustomizerConfiguration:
      Did not match:
         - @ConditionalOnClass did not find required classes 'io.undertow.Undertow', 'org.xnio.SslClientAuthMode' (OnClassCondition)

   ErrorWebFluxAutoConfiguration:
      Did not match:
         - @ConditionalOnClass did not find required class 'org.springframework.web.reactive.config.WebFluxConfigurer' (OnClassCondition)

   FallbackUsersImporter:
      Did not match:
         - @ConditionalOnProperty (app.import.fallback-users=true) did not find property 'fallback-users' (OnPropertyCondition)

   FlywayAutoConfiguration.FlywayConfiguration#oracleFlywayConfigurationCustomizer:
      Did not match:
         - @ConditionalOnClass did not find required class 'org.flywaydb.database.oracle.OracleConfigurationExtension' (OnClassCondition)

   FlywayAutoConfiguration.FlywayConfiguration#sqlServerFlywayConfigurationCustomizer:
      Did not match:
         - @ConditionalOnClass did not find required class 'org.flywaydb.database.sqlserver.SQLServerConfigurationExtension' (OnClassCondition)

   FreeMarkerAutoConfiguration:
      Did not match:
         - @ConditionalOnClass did not find required class 'freemarker.template.Configuration' (OnClassCondition)

   GraphQlAutoConfiguration:
      Did not match:
         - @ConditionalOnClass did not find required class 'graphql.GraphQL' (OnClassCondition)

   GraphQlQueryByExampleAutoConfiguration:
      Did not match:
         - @ConditionalOnClass did not find required class 'graphql.GraphQL' (OnClassCondition)

   GraphQlQuerydslAutoConfiguration:
      Did not match:
         - @ConditionalOnClass did not find required class 'com.querydsl.core.Query' (OnClassCondition)

   GraphQlRSocketAutoConfiguration:
      Did not match:
         - @ConditionalOnClass did not find required class 'graphql.GraphQL' (OnClassCondition)

   GraphQlReactiveQueryByExampleAutoConfiguration:
      Did not match:
         - @ConditionalOnClass did not find required class 'graphql.GraphQL' (OnClassCondition)

   GraphQlReactiveQuerydslAutoConfiguration:
      Did not match:
         - @ConditionalOnClass did not find required class 'com.querydsl.core.Query' (OnClassCondition)

   GraphQlWebFluxAutoConfiguration:
      Did not match:
         - @ConditionalOnClass did not find required class 'graphql.GraphQL' (OnClassCondition)

   GraphQlWebFluxSecurityAutoConfiguration:
      Did not match:
         - @ConditionalOnClass did not find required class 'graphql.GraphQL' (OnClassCondition)

   GraphQlWebMvcAutoConfiguration:
      Did not match:
         - @ConditionalOnClass did not find required class 'graphql.GraphQL' (OnClassCondition)

   GraphQlWebMvcSecurityAutoConfiguration:
      Did not match:
         - @ConditionalOnClass did not find required class 'graphql.GraphQL' (OnClassCondition)

   GroovyTemplateAutoConfiguration:
      Did not match:
         - @ConditionalOnClass did not find required class 'groovy.text.markup.MarkupTemplateEngine' (OnClassCondition)

   GsonHttpMessageConvertersConfiguration.GsonHttpMessageConverterConfiguration:
      Did not match:
         - AnyNestedCondition 0 matched 2 did not; NestedCondition on GsonHttpMessageConvertersConfiguration.PreferGsonOrJacksonAndJsonbUnavailableCondition.JacksonJsonbUnavailable NoneNestedConditions 1 matched 1 did not; NestedCondition on GsonHttpMessageConvertersConfiguration.JacksonAndJsonbUnavailableCondition.JsonbPreferred @ConditionalOnProperty (spring.mvc.converters.preferred-json-mapper=jsonb) did not find property 'spring.mvc.converters.preferred-json-mapper'; NestedCondition on GsonHttpMessageConvertersConfiguration.JacksonAndJsonbUnavailableCondition.JacksonAvailable @ConditionalOnBean (types: org.springframework.http.converter.json.MappingJackson2HttpMessageConverter; SearchStrategy: all) found bean 'mappingJackson2HttpMessageConverter'; NestedCondition on GsonHttpMessageConvertersConfiguration.PreferGsonOrJacksonAndJsonbUnavailableCondition.GsonPreferred @ConditionalOnProperty (spring.mvc.converters.preferred-json-mapper=gson) did not find property 'spring.mvc.converters.preferred-json-mapper' (GsonHttpMessageConvertersConfiguration.PreferGsonOrJacksonAndJsonbUnavailableCondition)

   H2ConsoleAutoConfiguration:
      Did not match:
         - @ConditionalOnClass did not find required class 'org.h2.server.web.JakartaWebServlet' (OnClassCondition)

   HazelcastAutoConfiguration:
      Did not match:
         - @ConditionalOnClass did not find required class 'com.hazelcast.core.HazelcastInstance' (OnClassCondition)

   HazelcastCacheConfiguration:
      Did not match:
         - @ConditionalOnClass did not find required class 'com.hazelcast.core.HazelcastInstance' (OnClassCondition)

   HazelcastJpaDependencyAutoConfiguration:
      Did not match:
         - @ConditionalOnClass did not find required class 'com.hazelcast.core.HazelcastInstance' (OnClassCondition)

   HttpHandlerAutoConfiguration:
      Did not match:
         - @ConditionalOnClass did not find required class 'org.springframework.web.reactive.DispatcherHandler' (OnClassCondition)

   HypermediaAutoConfiguration:
      Did not match:
         - @ConditionalOnClass did not find required class 'org.springframework.hateoas.EntityModel' (OnClassCondition)

   InfinispanCacheConfiguration:
      Did not match:
         - @ConditionalOnClass did not find required class 'org.infinispan.spring.embedded.provider.SpringEmbeddedCacheManager' (OnClassCondition)

   InfluxDbAutoConfiguration:
      Did not match:
         - @ConditionalOnClass did not find required class 'org.influxdb.InfluxDB' (OnClassCondition)

   IntegrationAutoConfiguration:
      Did not match:
         - @ConditionalOnClass did not find required class 'org.springframework.integration.config.EnableIntegration' (OnClassCondition)

   JCacheCacheConfiguration:
      Did not match:
         - @ConditionalOnClass did not find required class 'javax.cache.Caching' (OnClassCondition)

   JacksonHttpMessageConvertersConfiguration.MappingJackson2XmlHttpMessageConverterConfiguration:
      Did not match:
         - @ConditionalOnClass did not find required class 'com.fasterxml.jackson.dataformat.xml.XmlMapper' (OnClassCondition)

   JdbcRepositoriesAutoConfiguration:
      Did not match:
         - @ConditionalOnClass did not find required class 'org.springframework.data.jdbc.repository.config.AbstractJdbcConfiguration' (OnClassCondition)

   JerseyAutoConfiguration:
      Did not match:
         - @ConditionalOnClass did not find required class 'org.glassfish.jersey.server.spring.SpringComponentProvider' (OnClassCondition)

   JmsAutoConfiguration:
      Did not match:
         - @ConditionalOnClass did not find required class 'jakarta.jms.Message' (OnClassCondition)

   JmxAutoConfiguration:
      Did not match:
         - @ConditionalOnProperty (spring.jmx.enabled=true) did not find property 'enabled' (OnPropertyCondition)
      Matched:
         - @ConditionalOnClass found required class 'org.springframework.jmx.export.MBeanExporter' (OnClassCondition)

   JndiConnectionFactoryAutoConfiguration:
      Did not match:
         - @ConditionalOnClass did not find required class 'org.springframework.jms.core.JmsTemplate' (OnClassCondition)

   JndiDataSourceAutoConfiguration:
      Did not match:
         - @ConditionalOnProperty (spring.datasource.jndi-name) did not find property 'jndi-name' (OnPropertyCondition)
      Matched:
         - @ConditionalOnClass found required classes 'javax.sql.DataSource', 'org.springframework.jdbc.datasource.embedded.EmbeddedDatabaseType' (OnClassCondition)

   JndiJtaConfiguration:
      Did not match:
         - @ConditionalOnJndi JNDI environment is not available (OnJndiCondition)
      Matched:
         - @ConditionalOnClass found required class 'org.springframework.transaction.jta.JtaTransactionManager' (OnClassCondition)

   JooqAutoConfiguration:
      Did not match:
         - @ConditionalOnClass did not find required class 'org.jooq.DSLContext' (OnClassCondition)

   JpaRepositoriesAutoConfiguration#entityManagerFactoryBootstrapExecutorCustomizer:
      Did not match:
         - AnyNestedCondition 0 matched 2 did not; NestedCondition on JpaRepositoriesAutoConfiguration.BootstrapExecutorCondition.LazyBootstrapMode @ConditionalOnProperty (spring.data.jpa.repositories.bootstrap-mode=lazy) did not find property 'bootstrap-mode'; NestedCondition on JpaRepositoriesAutoConfiguration.BootstrapExecutorCondition.DeferredBootstrapMode @ConditionalOnProperty (spring.data.jpa.repositories.bootstrap-mode=deferred) did not find property 'bootstrap-mode' (JpaRepositoriesAutoConfiguration.BootstrapExecutorCondition)

   JsonbAutoConfiguration:
      Did not match:
         - @ConditionalOnClass did not find required class 'jakarta.json.bind.Jsonb' (OnClassCondition)

   JsonbHttpMessageConvertersConfiguration:
      Did not match:
         - @ConditionalOnClass did not find required class 'jakarta.json.bind.Jsonb' (OnClassCondition)

   KafkaAutoConfiguration:
      Did not match:
         - @ConditionalOnClass did not find required class 'org.springframework.kafka.core.KafkaTemplate' (OnClassCondition)

   LdapAutoConfiguration:
      Did not match:
         - @ConditionalOnClass did not find required class 'org.springframework.ldap.core.ContextSource' (OnClassCondition)

   LdapRepositoriesAutoConfiguration:
      Did not match:
         - @ConditionalOnClass did not find required class 'org.springframework.data.ldap.repository.LdapRepository' (OnClassCondition)

   LiquibaseAutoConfiguration:
      Did not match:
         - @ConditionalOnClass did not find required class 'liquibase.change.DatabaseChange' (OnClassCondition)

   MailSenderAutoConfiguration:
      Did not match:
         - @ConditionalOnClass did not find required class 'jakarta.mail.internet.MimeMessage' (OnClassCondition)

   MailSenderValidatorAutoConfiguration:
      Did not match:
         - @ConditionalOnSingleCandidate did not find required type 'org.springframework.mail.javamail.JavaMailSenderImpl' (OnBeanCondition)

   MessageSourceAutoConfiguration:
      Did not match:
         - ResourceBundle did not find bundle with basename messages (MessageSourceAutoConfiguration.ResourceBundleCondition)

   MongoAutoConfiguration:
      Did not match:
         - @ConditionalOnClass did not find required class 'com.mongodb.client.MongoClient' (OnClassCondition)

   MongoDataAutoConfiguration:
      Did not match:
         - @ConditionalOnClass did not find required class 'com.mongodb.client.MongoClient' (OnClassCondition)

   MongoReactiveAutoConfiguration:
      Did not match:
         - @ConditionalOnClass did not find required class 'com.mongodb.reactivestreams.client.MongoClient' (OnClassCondition)

   MongoReactiveDataAutoConfiguration:
      Did not match:
         - @ConditionalOnClass did not find required class 'com.mongodb.reactivestreams.client.MongoClient' (OnClassCondition)

   MongoReactiveRepositoriesAutoConfiguration:
      Did not match:
         - @ConditionalOnClass did not find required class 'com.mongodb.reactivestreams.client.MongoClient' (OnClassCondition)

   MongoRepositoriesAutoConfiguration:
      Did not match:
         - @ConditionalOnClass did not find required class 'com.mongodb.client.MongoClient' (OnClassCondition)

   MustacheAutoConfiguration:
      Did not match:
         - @ConditionalOnClass did not find required class 'com.samskivert.mustache.Mustache' (OnClassCondition)

   Neo4jAutoConfiguration:
      Did not match:
         - @ConditionalOnClass did not find required class 'org.neo4j.driver.Driver' (OnClassCondition)

   Neo4jDataAutoConfiguration:
      Did not match:
         - @ConditionalOnClass did not find required class 'org.neo4j.driver.Driver' (OnClassCondition)

   Neo4jReactiveDataAutoConfiguration:
      Did not match:
         - @ConditionalOnClass did not find required class 'org.neo4j.driver.Driver' (OnClassCondition)

   Neo4jReactiveRepositoriesAutoConfiguration:
      Did not match:
         - @ConditionalOnClass did not find required class 'org.neo4j.driver.Driver' (OnClassCondition)

   Neo4jRepositoriesAutoConfiguration:
      Did not match:
         - @ConditionalOnClass did not find required class 'org.neo4j.driver.Driver' (OnClassCondition)

   NettyAutoConfiguration:
      Did not match:
         - @ConditionalOnClass did not find required class 'io.netty.util.NettyRuntime' (OnClassCondition)

   OAuth2AuthorizationServerAutoConfiguration:
      Did not match:
         - @ConditionalOnClass did not find required class 'org.springframework.security.oauth2.server.authorization.OAuth2Authorization' (OnClassCondition)

   OAuth2AuthorizationServerJwtAutoConfiguration:
      Did not match:
         - @ConditionalOnClass did not find required class 'org.springframework.security.oauth2.server.authorization.OAuth2Authorization' (OnClassCondition)

   OAuth2ClientAutoConfiguration:
      Did not match:
         - @ConditionalOnClass did not find required class 'org.springframework.security.oauth2.client.registration.ClientRegistration' (OnClassCondition)

   OAuth2ResourceServerAutoConfiguration:
      Did not match:
         - @ConditionalOnClass did not find required class 'org.springframework.security.oauth2.server.resource.authentication.BearerTokenAuthenticationToken' (OnClassCondition)

   ProjectInfoAutoConfiguration#buildProperties:
      Did not match:
         - @ConditionalOnResource did not find resource '${spring.info.build.location:classpath:META-INF/build-info.properties}' (OnResourceCondition)

   ProjectInfoAutoConfiguration#gitProperties:
      Did not match:
         - GitResource did not find git info at classpath:git.properties (ProjectInfoAutoConfiguration.GitResourceAvailableCondition)

   PulsarAutoConfiguration:
      Did not match:
         - @ConditionalOnClass did not find required class 'org.apache.pulsar.client.api.PulsarClient' (OnClassCondition)

   PulsarReactiveAutoConfiguration:
      Did not match:
         - @ConditionalOnClass did not find required class 'org.apache.pulsar.client.api.PulsarClient' (OnClassCondition)

   QuartzAutoConfiguration:
      Did not match:
         - @ConditionalOnClass did not find required class 'org.quartz.Scheduler' (OnClassCondition)

   R2dbcAutoConfiguration:
      Did not match:
         - @ConditionalOnClass did not find required class 'io.r2dbc.spi.ConnectionFactory' (OnClassCondition)

   R2dbcDataAutoConfiguration:
      Did not match:
         - @ConditionalOnClass did not find required class 'org.springframework.data.r2dbc.core.R2dbcEntityTemplate' (OnClassCondition)

   R2dbcRepositoriesAutoConfiguration:
      Did not match:
         - @ConditionalOnClass did not find required class 'io.r2dbc.spi.ConnectionFactory' (OnClassCondition)

   R2dbcTransactionManagerAutoConfiguration:
      Did not match:
         - @ConditionalOnClass did not find required class 'org.springframework.r2dbc.connection.R2dbcTransactionManager' (OnClassCondition)

   RSocketGraphQlClientAutoConfiguration:
      Did not match:
         - @ConditionalOnClass did not find required class 'graphql.GraphQL' (OnClassCondition)

   RSocketMessagingAutoConfiguration:
      Did not match:
         - @ConditionalOnClass did not find required class 'io.rsocket.RSocket' (OnClassCondition)

   RSocketRequesterAutoConfiguration:
      Did not match:
         - @ConditionalOnClass did not find required class 'io.rsocket.RSocket' (OnClassCondition)

   RSocketSecurityAutoConfiguration:
      Did not match:
         - @ConditionalOnClass did not find required class 'org.springframework.security.rsocket.core.SecuritySocketAcceptorInterceptor' (OnClassCondition)

   RSocketServerAutoConfiguration:
      Did not match:
         - @ConditionalOnClass did not find required class 'io.rsocket.core.RSocketServer' (OnClassCondition)

   RSocketStrategiesAutoConfiguration:
      Did not match:
         - @ConditionalOnClass did not find required class 'io.netty.buffer.PooledByteBufAllocator' (OnClassCondition)

   RabbitAutoConfiguration:
      Did not match:
         - @ConditionalOnClass did not find required class 'com.rabbitmq.client.Channel' (OnClassCondition)

   ReactiveElasticsearchClientAutoConfiguration:
      Did not match:
         - @ConditionalOnClass did not find required class 'co.elastic.clients.transport.ElasticsearchTransport' (OnClassCondition)

   ReactiveElasticsearchRepositoriesAutoConfiguration:
      Did not match:
         - @ConditionalOnClass did not find required class 'org.springframework.data.elasticsearch.client.elc.ReactiveElasticsearchClient' (OnClassCondition)

   ReactiveMultipartAutoConfiguration:
      Did not match:
         - @ConditionalOnClass did not find required class 'org.springframework.web.reactive.config.WebFluxConfigurer' (OnClassCondition)

   ReactiveOAuth2ClientAutoConfiguration:
      Did not match:
         - @ConditionalOnClass did not find required class 'reactor.core.publisher.Flux' (OnClassCondition)

   ReactiveOAuth2ResourceServerAutoConfiguration:
      Did not match:
         - @ConditionalOnWebApplication did not find reactive web application classes (OnWebApplicationCondition)

   ReactiveSecurityAutoConfiguration:
      Did not match:
         - @ConditionalOnClass did not find required class 'reactor.core.publisher.Flux' (OnClassCondition)

   ReactiveUserDetailsServiceAutoConfiguration:
      Did not match:
         - AnyNestedCondition 0 matched 2 did not; NestedCondition on ReactiveUserDetailsServiceAutoConfiguration.ReactiveUserDetailsServiceCondition.ReactiveWebApplicationCondition did not find reactive web application classes; NestedCondition on ReactiveUserDetailsServiceAutoConfiguration.ReactiveUserDetailsServiceCondition.RSocketSecurityEnabledCondition @ConditionalOnBean (types: org.springframework.messaging.rsocket.annotation.support.RSocketMessageHandler; SearchStrategy: all) did not find any beans of type org.springframework.messaging.rsocket.annotation.support.RSocketMessageHandler (ReactiveUserDetailsServiceAutoConfiguration.ReactiveUserDetailsServiceCondition)
      Matched:
         - @ConditionalOnClass found required class 'org.springframework.security.authentication.ReactiveAuthenticationManager'; @ConditionalOnMissingClass did not find unwanted classes 'org.springframework.security.oauth2.client.registration.ClientRegistrationRepository', 'org.springframework.security.oauth2.server.resource.introspection.ReactiveOpaqueTokenIntrospector' (OnClassCondition)

   ReactiveWebServerFactoryAutoConfiguration:
      Did not match:
         - @ConditionalOnWebApplication did not find reactive web application classes (OnWebApplicationCondition)

   ReactorAutoConfiguration:
      Did not match:
         - @ConditionalOnClass did not find required class 'reactor.core.publisher.Hooks' (OnClassCondition)

   RedisAutoConfiguration:
      Did not match:
         - @ConditionalOnClass did not find required class 'org.springframework.data.redis.core.RedisOperations' (OnClassCondition)

   RedisCacheConfiguration:
      Did not match:
         - @ConditionalOnClass did not find required class 'org.springframework.data.redis.connection.RedisConnectionFactory' (OnClassCondition)

   RedisReactiveAutoConfiguration:
      Did not match:
         - @ConditionalOnClass did not find required class 'reactor.core.publisher.Flux' (OnClassCondition)

   RedisRepositoriesAutoConfiguration:
      Did not match:
         - @ConditionalOnClass did not find required class 'org.springframework.data.redis.repository.configuration.EnableRedisRepositories' (OnClassCondition)

   RemoteDevToolsAutoConfiguration:
      Did not match:
         - @ConditionalOnProperty (spring.devtools.remote.secret) did not find property 'secret' (OnPropertyCondition)
      Matched:
         - @ConditionalOnClass found required classes 'jakarta.servlet.Filter', 'org.springframework.http.server.ServerHttpRequest' (OnClassCondition)

   RepositoryRestMvcAutoConfiguration:
      Did not match:
         - @ConditionalOnClass did not find required class 'org.springframework.data.rest.webmvc.config.RepositoryRestMvcConfiguration' (OnClassCondition)

   Saml2RelyingPartyAutoConfiguration:
      Did not match:
         - @ConditionalOnClass did not find required class 'org.springframework.security.saml2.provider.service.registration.RelyingPartyRegistrationRepository' (OnClassCondition)

   SecurityDataConfiguration:
      Did not match:
         - @ConditionalOnClass did not find required class 'org.springframework.security.data.repository.query.SecurityEvaluationContextExtension' (OnClassCondition)

   SendGridAutoConfiguration:
      Did not match:
         - @ConditionalOnClass did not find required class 'com.sendgrid.SendGrid' (OnClassCondition)

   ServletWebServerFactoryAutoConfiguration.ForwardedHeaderFilterConfiguration:
      Did not match:
         - @ConditionalOnProperty (server.forward-headers-strategy=framework) did not find property 'server.forward-headers-strategy' (OnPropertyCondition)

   ServletWebServerFactoryConfiguration.EmbeddedJetty:
      Did not match:
         - @ConditionalOnClass did not find required classes 'org.eclipse.jetty.server.Server', 'org.eclipse.jetty.util.Loader', 'org.eclipse.jetty.ee10.webapp.WebAppContext' (OnClassCondition)

   ServletWebServerFactoryConfiguration.EmbeddedUndertow:
      Did not match:
         - @ConditionalOnClass did not find required classes 'io.undertow.Undertow', 'org.xnio.SslClientAuthMode' (OnClassCondition)

   SessionAutoConfiguration:
      Did not match:
         - @ConditionalOnClass did not find required class 'org.springframework.session.Session' (OnClassCondition)

   SpringApplicationAdminJmxAutoConfiguration:
      Did not match:
         - @ConditionalOnProperty (spring.application.admin.enabled=true) did not find property 'enabled' (OnPropertyCondition)

   SpringBootWebSecurityConfiguration.SecurityFilterChainConfiguration:
      Did not match:
         - AllNestedConditions 1 matched 1 did not; NestedCondition on DefaultWebSecurityCondition.Beans @ConditionalOnMissingBean (types: org.springframework.security.web.SecurityFilterChain; SearchStrategy: all) found beans of type 'org.springframework.security.web.SecurityFilterChain' filterChain; NestedCondition on DefaultWebSecurityCondition.Classes @ConditionalOnClass found required classes 'org.springframework.security.web.SecurityFilterChain', 'org.springframework.security.config.annotation.web.builders.HttpSecurity' (DefaultWebSecurityCondition)

   SpringBootWebSecurityConfiguration.WebSecurityEnablerConfiguration:
      Did not match:
         - @ConditionalOnMissingBean (names: springSecurityFilterChain; SearchStrategy: all) found beans named springSecurityFilterChain (OnBeanCondition)
      Matched:
         - @ConditionalOnClass found required class 'org.springframework.security.config.annotation.web.configuration.EnableWebSecurity' (OnClassCondition)

   SqlInitializationAutoConfiguration:
      Did not match:
         - NoneNestedConditions 1 matched 0 did not; NestedCondition on SqlInitializationAutoConfiguration.SqlInitializationModeCondition.ModeIsNever @ConditionalOnProperty (spring.sql.init.mode=never) matched (SqlInitializationAutoConfiguration.SqlInitializationModeCondition)
      Matched:
         - @ConditionalOnProperty (spring.sql.init.enabled) matched (OnPropertyCondition)

   TaskExecutorConfigurations.SimpleAsyncTaskExecutorBuilderConfiguration#simpleAsyncTaskExecutorBuilderVirtualThreads:
      Did not match:
         - @ConditionalOnMissingBean (types: org.springframework.boot.task.SimpleAsyncTaskExecutorBuilder; SearchStrategy: all) found beans of type 'org.springframework.boot.task.SimpleAsyncTaskExecutorBuilder' simpleAsyncTaskExecutorBuilder (OnBeanCondition)

   TaskExecutorConfigurations.TaskExecutorConfiguration#applicationTaskExecutorVirtualThreads:
      Did not match:
         - @ConditionalOnThreading did not find VIRTUAL (OnThreadingCondition)

   TaskSchedulingAutoConfiguration#scheduledBeanLazyInitializationExcludeFilter:
      Did not match:
         - @ConditionalOnBean (names: org.springframework.context.annotation.internalScheduledAnnotationProcessor; SearchStrategy: all) did not find any beans named org.springframework.context.annotation.internalScheduledAnnotationProcessor (OnBeanCondition)

   TaskSchedulingConfigurations.SimpleAsyncTaskSchedulerBuilderConfiguration#simpleAsyncTaskSchedulerBuilderVirtualThreads:
      Did not match:
         - @ConditionalOnMissingBean (types: org.springframework.boot.task.SimpleAsyncTaskSchedulerBuilder; SearchStrategy: all) found beans of type 'org.springframework.boot.task.SimpleAsyncTaskSchedulerBuilder' simpleAsyncTaskSchedulerBuilder (OnBeanCondition)

   TaskSchedulingConfigurations.TaskSchedulerConfiguration:
      Did not match:
         - @ConditionalOnBean (names: org.springframework.context.annotation.internalScheduledAnnotationProcessor; SearchStrategy: all) did not find any beans named org.springframework.context.annotation.internalScheduledAnnotationProcessor (OnBeanCondition)

   ThymeleafAutoConfiguration:
      Did not match:
         - @ConditionalOnClass did not find required class 'org.thymeleaf.spring6.SpringTemplateEngine' (OnClassCondition)

   TransactionAutoConfiguration#transactionalOperator:
      Did not match:
         - @ConditionalOnSingleCandidate (types: org.springframework.transaction.ReactiveTransactionManager; SearchStrategy: all) did not find any beans (OnBeanCondition)

   TransactionAutoConfiguration.AspectJTransactionManagementConfiguration:
      Did not match:
         - @ConditionalOnBean (types: org.springframework.transaction.aspectj.AbstractTransactionAspect; SearchStrategy: all) did not find any beans of type org.springframework.transaction.aspectj.AbstractTransactionAspect (OnBeanCondition)

   TransactionAutoConfiguration.EnableTransactionManagementConfiguration.JdkDynamicAutoProxyConfiguration:
      Did not match:
         - @ConditionalOnProperty (spring.aop.proxy-target-class=false) did not find property 'proxy-target-class' (OnPropertyCondition)

   WebClientAutoConfiguration:
      Did not match:
         - @ConditionalOnClass did not find required class 'org.springframework.web.reactive.function.client.WebClient' (OnClassCondition)

   WebFluxAutoConfiguration:
      Did not match:
         - @ConditionalOnClass did not find required class 'org.springframework.web.reactive.config.WebFluxConfigurer' (OnClassCondition)

   WebMvcAutoConfiguration#hiddenHttpMethodFilter:
      Did not match:
         - @ConditionalOnProperty (spring.mvc.hiddenmethod.filter.enabled) did not find property 'enabled' (OnPropertyCondition)

   WebMvcAutoConfiguration.ProblemDetailsErrorHandlingConfiguration:
      Did not match:
         - @ConditionalOnProperty (spring.mvc.problemdetails.enabled=true) did not find property 'enabled' (OnPropertyCondition)

   WebMvcAutoConfiguration.ResourceChainCustomizerConfiguration:
      Did not match:
         - @ConditionalOnEnabledResourceChain did not find class org.webjars.WebJarAssetLocator (OnEnabledResourceChainCondition)

   WebMvcAutoConfiguration.WebMvcAutoConfigurationAdapter#beanNameViewResolver:
      Did not match:
         - @ConditionalOnMissingBean (types: org.springframework.web.servlet.view.BeanNameViewResolver; SearchStrategy: all) found beans of type 'org.springframework.web.servlet.view.BeanNameViewResolver' beanNameViewResolver (OnBeanCondition)

   WebServiceTemplateAutoConfiguration:
      Did not match:
         - @ConditionalOnClass did not find required class 'org.springframework.oxm.Marshaller' (OnClassCondition)

   WebServicesAutoConfiguration:
      Did not match:
         - @ConditionalOnClass did not find required class 'org.springframework.ws.transport.http.MessageDispatcherServlet' (OnClassCondition)

   WebSessionIdResolverAutoConfiguration:
      Did not match:
         - @ConditionalOnClass did not find required class 'reactor.core.publisher.Mono' (OnClassCondition)

   WebSocketMessagingAutoConfiguration:
      Did not match:
         - @ConditionalOnClass did not find required class 'org.springframework.web.socket.config.annotation.WebSocketMessageBrokerConfigurer' (OnClassCondition)

   WebSocketReactiveAutoConfiguration:
      Did not match:
         - @ConditionalOnWebApplication did not find reactive web application classes (OnWebApplicationCondition)

   WebSocketServletAutoConfiguration.JettyWebSocketConfiguration:
      Did not match:
         - @ConditionalOnClass did not find required class 'org.eclipse.jetty.ee10.websocket.jakarta.server.config.JakartaWebSocketServletContainerInitializer' (OnClassCondition)

   WebSocketServletAutoConfiguration.UndertowWebSocketConfiguration:
      Did not match:
         - @ConditionalOnClass did not find required class 'io.undertow.websockets.jsr.Bootstrap' (OnClassCondition)

   XADataSourceAutoConfiguration:
      Did not match:
         - @ConditionalOnBean (types: org.springframework.boot.jdbc.XADataSourceWrapper; SearchStrategy: all) did not find any beans of type org.springframework.boot.jdbc.XADataSourceWrapper (OnBeanCondition)
      Matched:
         - @ConditionalOnClass found required classes 'javax.sql.DataSource', 'jakarta.transaction.TransactionManager', 'org.springframework.jdbc.datasource.embedded.EmbeddedDatabaseType' (OnClassCondition)


Exclusions:
-----------

    None


Unconditional classes:
----------------------

    org.springframework.boot.autoconfigure.context.ConfigurationPropertiesAutoConfiguration

    org.springframework.boot.autoconfigure.ssl.SslAutoConfiguration

    org.springframework.boot.autoconfigure.context.PropertyPlaceholderAutoConfiguration

    org.springframework.boot.autoconfigure.context.LifecycleAutoConfiguration

    org.springframework.boot.autoconfigure.availability.ApplicationAvailabilityAutoConfiguration

    org.springframework.boot.autoconfigure.info.ProjectInfoAutoConfiguration



2026-06-01T01:23:04.515+05:30  INFO 18260 --- [  restartedMain] c.e.a.AmazonCloneBackendApplication      : Started AmazonCloneBackendApplication in 23.41 seconds (process running for 23.84)
2026-06-01T01:23:04.517+05:30 DEBUG 18260 --- [  restartedMain] o.s.b.a.ApplicationAvailabilityBean      : Application availability state LivenessState changed to CORRECT
2026-06-01T01:23:04.518+05:30 DEBUG 18260 --- [  restartedMain] o.s.jdbc.core.JdbcTemplate               : Executing SQL statement [ALTER TABLE "products" ADD COLUMN IF NOT EXISTS "category" VARCHAR(50)]
2026-06-01T01:23:05.258+05:30 DEBUG 18260 --- [  restartedMain] o.s.jdbc.core.JdbcTemplate               : SQLWarning ignored: SQL state '42701', error code '0', message [column "category" of relation "products" already exists, skipping]
2026-06-01T01:23:05.260+05:30 DEBUG 18260 --- [  restartedMain] o.s.jdbc.core.JdbcTemplate               : Executing SQL statement [ALTER TABLE "products" ADD COLUMN IF NOT EXISTS "best_seller" BOOLEAN NOT NULL DEFAULT FALSE]
2026-06-01T01:23:05.521+05:30 DEBUG 18260 --- [  restartedMain] o.s.jdbc.core.JdbcTemplate               : SQLWarning ignored: SQL state '42701', error code '0', message [column "best_seller" of relation "products" already exists, skipping]
2026-06-01T01:23:05.522+05:30 DEBUG 18260 --- [  restartedMain] o.s.jdbc.core.JdbcTemplate               : Executing SQL statement [ALTER TABLE "products" ADD COLUMN IF NOT EXISTS "today_deal" BOOLEAN NOT NULL DEFAULT FALSE]
2026-06-01T01:23:05.784+05:30 DEBUG 18260 --- [  restartedMain] o.s.jdbc.core.JdbcTemplate               : SQLWarning ignored: SQL state '42701', error code '0', message [column "today_deal" of relation "products" already exists, skipping]
2026-06-01T01:23:06.040+05:30 DEBUG 18260 --- [  restartedMain] o.s.jdbc.core.JdbcTemplate               : Executing SQL statement [ALTER TABLE "products" ADD COLUMN IF NOT EXISTS "new_release" BOOLEAN NOT NULL DEFAULT FALSE]
2026-06-01T01:23:06.310+05:30 DEBUG 18260 --- [  restartedMain] o.s.jdbc.core.JdbcTemplate               : SQLWarning ignored: SQL state '42701', error code '0', message [column "new_release" of relation "products" already exists, skipping]
2026-06-01T01:23:06.318+05:30 DEBUG 18260 --- [  restartedMain] o.s.jdbc.core.JdbcTemplate               : Executing SQL statement [UPDATE "products" SET "category" = 'ELECTRONICS' WHERE "category" IS NULL]
2026-06-01T01:23:06.599+05:30 DEBUG 18260 --- [  restartedMain] o.s.jdbc.core.JdbcTemplate               : Executing SQL statement [ALTER TABLE "users" ADD COLUMN IF NOT EXISTS "role" VARCHAR(255) DEFAULT 'CUSTOMER']
2026-06-01T01:23:06.962+05:30 DEBUG 18260 --- [  restartedMain] o.s.jdbc.core.JdbcTemplate               : SQLWarning ignored: SQL state '42701', error code '0', message [column "role" of relation "users" already exists, skipping]
2026-06-01T01:23:06.971+05:30 DEBUG 18260 --- [  restartedMain] o.s.jdbc.core.JdbcTemplate               : Executing SQL statement [UPDATE "users" SET "role" = 'CUSTOMER' WHERE "role" IS NULL]
2026-06-01T01:23:07.333+05:30 DEBUG 18260 --- [  restartedMain] o.s.jdbc.core.JdbcTemplate               : Executing SQL statement [ALTER TABLE "users" ADD COLUMN IF NOT EXISTS "seller_approved" BOOLEAN DEFAULT FALSE]
2026-06-01T01:23:07.646+05:30 DEBUG 18260 --- [  restartedMain] o.s.jdbc.core.JdbcTemplate               : SQLWarning ignored: SQL state '42701', error code '0', message [column "seller_approved" of relation "users" already exists, skipping]
2026-06-01T01:23:07.656+05:30 DEBUG 18260 --- [  restartedMain] o.s.jdbc.core.JdbcTemplate               : Executing SQL statement [UPDATE "users" SET "seller_approved" = FALSE WHERE "seller_approved" IS NULL]
2026-06-01T01:23:08.056+05:30 DEBUG 18260 --- [  restartedMain] o.s.jdbc.core.JdbcTemplate               : Executing SQL statement [ALTER TABLE "products" ADD COLUMN IF NOT EXISTS "seller_profile_id" VARCHAR(255)]
2026-06-01T01:23:08.449+05:30 DEBUG 18260 --- [  restartedMain] o.s.jdbc.core.JdbcTemplate               : SQLWarning ignored: SQL state '42701', error code '0', message [column "seller_profile_id" of relation "products" already exists, skipping]
2026-06-01T01:23:08.450+05:30  INFO 18260 --- [  restartedMain] c.e.a.config.DatasourceDiagnostics       : Active Spring profile(s): default
2026-06-01T01:23:08.451+05:30  INFO 18260 --- [  restartedMain] c.e.a.config.DatasourceDiagnostics       : Datasource driver: org.postgresql.Driver
2026-06-01T01:23:08.451+05:30  INFO 18260 --- [  restartedMain] c.e.a.config.DatasourceDiagnostics       : Datasource dialect: org.hibernate.dialect.PostgreSQLDialect
2026-06-01T01:23:08.451+05:30  INFO 18260 --- [  restartedMain] c.e.a.config.DatasourceDiagnostics       : Datasource target: postgresql://ep-misty-rain-apff0rak-pooler.c-7.us-east-1.aws.neon.tech/neondb
2026-06-01T01:23:08.452+05:30 DEBUG 18260 --- [  restartedMain] ySourcesPropertyResolver$DefaultResolver : Found key 'DB_URL' in PropertySource 'systemEnvironment' with value of type String
2026-06-01T01:23:08.452+05:30  INFO 18260 --- [  restartedMain] c.e.a.util.DbVerifierRunner              : DB verifier: active datasource url (masked)=jdbc:postgresql://ep-misty-rain-apff0rak-pooler.c-7.us-east-1.aws.neon.tech/neondb?sslmode=require&channel_binding=require
2026-06-01T01:23:08.454+05:30 DEBUG 18260 --- [  restartedMain] o.s.jdbc.core.JdbcTemplate               : Executing SQL query [select current_database()]
2026-06-01T01:23:08.792+05:30 DEBUG 18260 --- [  restartedMain] o.s.jdbc.core.JdbcTemplate               : Executing SQL query [select current_user]
2026-06-01T01:23:09.159+05:30  INFO 18260 --- [  restartedMain] c.e.a.util.DbVerifierRunner              : DB verifier: current_database=neondb, current_user=neondb_owner
2026-06-01T01:23:09.161+05:30 DEBUG 18260 --- [  restartedMain] o.s.jdbc.core.JdbcTemplate               : Executing SQL query [select table_name from information_schema.tables where table_schema='public' and table_type='BASE TABLE']
2026-06-01T01:23:09.512+05:30  INFO 18260 --- [  restartedMain] c.e.a.util.DbVerifierRunner              : DB verifier: public tables=[order_products, products, user_tokens, cart_items, orders, product_points, users, playing_with_neon, flyway_schema_history, seller_profiles, active_sessions, favorites, notifications, seller_requests]
2026-06-01T01:23:09.522+05:30 DEBUG 18260 --- [  restartedMain] o.s.jdbc.core.JdbcTemplate               : Executing SQL query [select count(*) from "order_products"]
2026-06-01T01:23:09.790+05:30 DEBUG 18260 --- [  restartedMain] o.s.jdbc.core.JdbcTemplate               : Executing SQL query [select count(*) from "products"]
2026-06-01T01:23:10.054+05:30 DEBUG 18260 --- [  restartedMain] o.s.jdbc.core.JdbcTemplate               : Executing SQL query [select count(*) from "user_tokens"]
2026-06-01T01:23:10.320+05:30 DEBUG 18260 --- [  restartedMain] o.s.jdbc.core.JdbcTemplate               : Executing SQL query [select count(*) from "cart_items"]
2026-06-01T01:23:10.691+05:30 DEBUG 18260 --- [  restartedMain] o.s.jdbc.core.JdbcTemplate               : Executing SQL query [select count(*) from "orders"]
2026-06-01T01:23:11.126+05:30 DEBUG 18260 --- [  restartedMain] o.s.jdbc.core.JdbcTemplate               : Executing SQL query [select count(*) from "product_points"]
2026-06-01T01:23:11.544+05:30 DEBUG 18260 --- [  restartedMain] o.s.jdbc.core.JdbcTemplate               : Executing SQL query [select count(*) from "users"]
2026-06-01T01:23:11.949+05:30 DEBUG 18260 --- [  restartedMain] o.s.jdbc.core.JdbcTemplate               : Executing SQL query [select count(*) from "playing_with_neon"]
2026-06-01T01:23:12.304+05:30 DEBUG 18260 --- [  restartedMain] o.s.jdbc.core.JdbcTemplate               : Executing SQL query [select count(*) from "flyway_schema_history"]
2026-06-01T01:23:12.632+05:30 DEBUG 18260 --- [  restartedMain] o.s.jdbc.core.JdbcTemplate               : Executing SQL query [select count(*) from "seller_profiles"]
2026-06-01T01:23:13.002+05:30 DEBUG 18260 --- [  restartedMain] o.s.jdbc.core.JdbcTemplate               : Executing SQL query [select count(*) from "active_sessions"]
2026-06-01T01:23:13.364+05:30 DEBUG 18260 --- [  restartedMain] o.s.jdbc.core.JdbcTemplate               : Executing SQL query [select count(*) from "favorites"]
2026-06-01T01:23:13.668+05:30 DEBUG 18260 --- [  restartedMain] o.s.jdbc.core.JdbcTemplate               : Executing SQL query [select count(*) from "notifications"]
2026-06-01T01:23:13.931+05:30 DEBUG 18260 --- [  restartedMain] o.s.jdbc.core.JdbcTemplate               : Executing SQL query [select count(*) from "seller_requests"]
2026-06-01T01:23:14.243+05:30  INFO 18260 --- [  restartedMain] c.e.a.util.DbVerifierRunner              : DB verifier: row counts={favorites=0, cart_items=0, seller_requests=0, seller_profiles=0, users=3, products=36, playing_with_neon=10, order_products=1, user_tokens=4, flyway_schema_history=3, orders=1, product_points=114, active_sessions=0, notifications=0}
2026-06-01T01:23:14.252+05:30 DEBUG 18260 --- [  restartedMain] o.s.jdbc.core.JdbcTemplate               : Executing SQL query [select installed_rank, version, description, success from flyway_schema_history order by installed_rank]
2026-06-01T01:23:14.564+05:30  INFO 18260 --- [  restartedMain] c.e.a.util.DbVerifierRunner              : DB verifier: flyway migrations=[{installed_rank=1, version=1, description=<< Flyway Baseline >>, success=true}, {installed_rank=2, version=2, description=create missing tables, success=true}, {installed_rank=3, version=3, description=create notifications and seller requests, success=true}]
2026-06-01T01:23:14.573+05:30 DEBUG 18260 --- [  restartedMain] o.s.boot.devtools.restart.Restarter      : Creating new Restarter for thread Thread[#1,main,5,main]
2026-06-01T01:23:14.573+05:30 DEBUG 18260 --- [  restartedMain] o.s.boot.devtools.restart.Restarter      : Immediately restarting application
2026-06-01T01:23:14.574+05:30 DEBUG 18260 --- [  restartedMain] o.s.boot.devtools.restart.Restarter      : Starting application com.example.amazonclonebackend.AmazonCloneBackendApplication with URLs [file:/C:/Users/Owner/Downloads/Amazon-Clone-main/spring-backend/target/classes/]
2026-06-01T01:23:14.574+05:30 DEBUG 18260 --- [  restartedMain] o.s.b.a.ApplicationAvailabilityBean      : Application availability state ReadinessState changed to ACCEPTING_TRAFFIC
2026-06-01T01:24:16.517+05:30  INFO 18260 --- [nio-8081-exec-2] o.a.c.c.C.[Tomcat].[localhost].[/]       : Initializing Spring DispatcherServlet 'dispatcherServlet'
2026-06-01T01:24:16.517+05:30  INFO 18260 --- [nio-8081-exec-2] o.s.web.servlet.DispatcherServlet        : Initializing Servlet 'dispatcherServlet'
2026-06-01T01:24:16.517+05:30 DEBUG 18260 --- [nio-8081-exec-2] o.s.web.servlet.DispatcherServlet        : Detected StandardServletMultipartResolver
2026-06-01T01:24:16.519+05:30 DEBUG 18260 --- [nio-8081-exec-2] o.s.web.servlet.DispatcherServlet        : Detected AcceptHeaderLocaleResolver
2026-06-01T01:24:16.519+05:30 DEBUG 18260 --- [nio-8081-exec-2] o.s.web.servlet.DispatcherServlet        : Detected FixedThemeResolver
2026-06-01T01:24:16.521+05:30 DEBUG 18260 --- [nio-8081-exec-2] o.s.web.servlet.DispatcherServlet        : Detected org.springframework.web.servlet.view.DefaultRequestToViewNameTranslator@712c0e1c
2026-06-01T01:24:16.521+05:30 DEBUG 18260 --- [nio-8081-exec-2] o.s.web.servlet.DispatcherServlet        : Detected org.springframework.web.servlet.support.SessionFlashMapManager@1ed243e2
2026-06-01T01:24:16.522+05:30 DEBUG 18260 --- [nio-8081-exec-2] o.s.web.servlet.DispatcherServlet        : enableLoggingRequestDetails='false': request parameters and headers will be masked to prevent unsafe logging of potentially sensitive data
2026-06-01T01:24:16.522+05:30  INFO 18260 --- [nio-8081-exec-2] o.s.web.servlet.DispatcherServlet        : Completed initialization in 5 ms
2026-06-01T01:24:16.531+05:30 DEBUG 18260 --- [nio-8081-exec-2] o.s.security.web.FilterChainProxy        : Securing POST /api/register
2026-06-01T01:24:16.543+05:30 DEBUG 18260 --- [nio-8081-exec-2] o.s.s.w.a.AnonymousAuthenticationFilter  : Set SecurityContextHolder to anonymous SecurityContext
2026-06-01T01:24:16.545+05:30  WARN 18260 --- [nio-8081-exec-2] o.s.w.s.h.HandlerMappingIntrospector     : Cache miss for REQUEST dispatch to '/api/register' (previous null). Performing MatchableHandlerMapping lookup. This is logged once only at WARN level, and every time at TRACE.
2026-06-01T01:24:16.559+05:30 DEBUG 18260 --- [nio-8081-exec-2] o.s.security.web.FilterChainProxy        : Secured POST /api/register
2026-06-01T01:24:16.561+05:30 DEBUG 18260 --- [nio-8081-exec-2] o.s.web.servlet.DispatcherServlet        : POST "/api/register", parameters={}
2026-06-01T01:24:16.564+05:30 DEBUG 18260 --- [nio-8081-exec-2] s.w.s.m.m.a.RequestMappingHandlerMapping : Mapped to com.example.amazonclonebackend.controller.AuthController#register(RegisterRequest)
2026-06-01T01:24:16.668+05:30 DEBUG 18260 --- [nio-8081-exec-2] m.m.a.RequestResponseBodyMethodProcessor : Read "application/json;charset=UTF-8" to [RegisterRequest(name=Codex User, number=1234567890, email=codex+1780257256@example.com, password=Sec (truncated)...]
2026-06-01T01:24:17.048+05:30 DEBUG 18260 --- [nio-8081-exec-2] org.hibernate.SQL                        : 
    select
        u1_0."id" 
    from
        "users" u1_0 
    where
        u1_0."email"=? 
    fetch
        first ? rows only
Hibernate: 
    select
        u1_0."id" 
    from
        "users" u1_0 
    where
        u1_0."email"=? 
    fetch
        first ? rows only
2026-06-01T01:24:17.318+05:30 DEBUG 18260 --- [nio-8081-exec-2] org.hibernate.SQL                        : 
    select
        u1_0."id" 
    from
        "users" u1_0 
    where
        u1_0."number"=? 
    fetch
        first ? rows only
Hibernate: 
    select
        u1_0."id" 
    from
        "users" u1_0 
    where
        u1_0."number"=? 
    fetch
        first ? rows only
2026-06-01T01:24:17.683+05:30 DEBUG 18260 --- [nio-8081-exec-2] org.hibernate.SQL                        : 
    insert 
    into
        "users"
        ("created_at", "email", "name", "number", "password", "role", "seller_approved", "id") 
    values
        (?, ?, ?, ?, ?, ?, ?, ?)
Hibernate: 
    insert 
    into
        "users"
        ("created_at", "email", "name", "number", "password", "role", "seller_approved", "id") 
    values
        (?, ?, ?, ?, ?, ?, ?, ?)
2026-06-01T01:24:18.258+05:30 DEBUG 18260 --- [nio-8081-exec-2] o.s.w.s.m.m.a.HttpEntityMethodProcessor  : Using 'application/json', given [*/*] and supported [application/json, application/*+json]
2026-06-01T01:24:18.260+05:30 DEBUG 18260 --- [nio-8081-exec-2] o.s.w.s.m.m.a.HttpEntityMethodProcessor  : Writing [{message=User registered successfully, status=true}]
2026-06-01T01:24:18.272+05:30 DEBUG 18260 --- [nio-8081-exec-2] o.s.web.servlet.DispatcherServlet        : Completed 201 CREATED
2026-06-01T01:24:18.301+05:30 DEBUG 18260 --- [nio-8081-exec-3] o.s.security.web.FilterChainProxy        : Securing POST /api/login
2026-06-01T01:24:18.302+05:30 DEBUG 18260 --- [nio-8081-exec-3] o.s.s.w.a.AnonymousAuthenticationFilter  : Set SecurityContextHolder to anonymous SecurityContext
2026-06-01T01:24:18.302+05:30 DEBUG 18260 --- [nio-8081-exec-3] o.s.security.web.FilterChainProxy        : Secured POST /api/login
2026-06-01T01:24:18.303+05:30 DEBUG 18260 --- [nio-8081-exec-3] o.s.web.servlet.DispatcherServlet        : POST "/api/login", parameters={}
2026-06-01T01:24:18.303+05:30 DEBUG 18260 --- [nio-8081-exec-3] s.w.s.m.m.a.RequestMappingHandlerMapping : Mapped to com.example.amazonclonebackend.controller.AuthController#login(LoginRequest, HttpServletResponse)
2026-06-01T01:24:18.305+05:30 DEBUG 18260 --- [nio-8081-exec-3] m.m.a.RequestResponseBodyMethodProcessor : Read "application/json;charset=UTF-8" to [LoginRequest(email=codex+1780257256@example.com, password=Secret123!)]
2026-06-01T01:24:18.308+05:30  INFO 18260 --- [nio-8081-exec-3] c.e.a.controller.AuthController          : Login attempt for email=codex+1780257256@example.com
2026-06-01T01:24:18.327+05:30 DEBUG 18260 --- [nio-8081-exec-3] org.hibernate.SQL                        : 
    select
        u1_0."id",
        u1_0."created_at",
        u1_0."email",
        u1_0."name",
        u1_0."number",
        u1_0."password",
        u1_0."role",
        u1_0."seller_approved" 
    from
        "users" u1_0 
    where
        lower(u1_0."email")=lower(?)
Hibernate: 
    select
        u1_0."id",
        u1_0."created_at",
        u1_0."email",
        u1_0."name",
        u1_0."number",
        u1_0."password",
        u1_0."role",
        u1_0."seller_approved" 
    from
        "users" u1_0 
    where
        lower(u1_0."email")=lower(?)
2026-06-01T01:24:18.596+05:30 DEBUG 18260 --- [nio-8081-exec-3] org.hibernate.SQL                        : 
    select
        sp1_0."id",
        sp1_0."bio",
        sp1_0."business_name",
        sp1_0."created_at",
        sp1_0."logo_url",
        sp1_0."status",
        sp1_0."user_id",
        u1_0."id",
        u1_0."created_at",
        u1_0."email",
        u1_0."name",
        u1_0."number",
        u1_0."password",
        u1_0."role",
        u1_0."seller_approved" 
    from
        "seller_profiles" sp1_0 
    join
        "users" u1_0 
            on u1_0."id"=sp1_0."user_id" 
    where
        sp1_0."user_id"=?
Hibernate: 
    select
        sp1_0."id",
        sp1_0."bio",
        sp1_0."business_name",
        sp1_0."created_at",
        sp1_0."logo_url",
        sp1_0."status",
        sp1_0."user_id",
        u1_0."id",
        u1_0."created_at",
        u1_0."email",
        u1_0."name",
        u1_0."number",
        u1_0."password",
        u1_0."role",
        u1_0."seller_approved" 
    from
        "seller_profiles" sp1_0 
    join
        "users" u1_0 
            on u1_0."id"=sp1_0."user_id" 
    where
        sp1_0."user_id"=?
2026-06-01T01:24:19.212+05:30  INFO 18260 --- [nio-8081-exec-3] c.e.a.service.UserService                : Password bcrypt match for userId=87ec2955-c3ce-4ddb-8cb9-db0e7d597ff8
2026-06-01T01:24:19.218+05:30  INFO 18260 --- [nio-8081-exec-3] c.e.a.controller.AuthController          : Authentication result for userId=87ec2955-c3ce-4ddb-8cb9-db0e7d597ff8 : true
2026-06-01T01:24:19.245+05:30 DEBUG 18260 --- [nio-8081-exec-3] org.hibernate.SQL                        : 
    insert 
    into
        "user_tokens"
        ("token", "user_id") 
    values
        (?, ?)
Hibernate: 
    insert 
    into
        "user_tokens"
        ("token", "user_id") 
    values
        (?, ?)
2026-06-01T01:24:19.769+05:30 DEBUG 18260 --- [nio-8081-exec-3] o.s.w.s.m.m.a.HttpEntityMethodProcessor  : Using 'application/json', given [*/*] and supported [application/json, application/*+json]
2026-06-01T01:24:19.778+05:30 DEBUG 18260 --- [nio-8081-exec-3] o.s.w.s.m.m.a.HttpEntityMethodProcessor  : Writing [{message=Logged in successfully!, status=true}]
2026-06-01T01:24:19.781+05:30 DEBUG 18260 --- [nio-8081-exec-3] o.s.web.servlet.DispatcherServlet        : Completed 201 CREATED
2026-06-01T01:24:28.378+05:30 DEBUG 18260 --- [nio-8081-exec-5] o.s.security.web.FilterChainProxy        : Securing POST /api/register
2026-06-01T01:24:28.379+05:30 DEBUG 18260 --- [nio-8081-exec-5] o.s.s.w.a.AnonymousAuthenticationFilter  : Set SecurityContextHolder to anonymous SecurityContext
2026-06-01T01:24:28.380+05:30 DEBUG 18260 --- [nio-8081-exec-5] o.s.security.web.FilterChainProxy        : Secured POST /api/register
2026-06-01T01:24:28.380+05:30 DEBUG 18260 --- [nio-8081-exec-5] o.s.web.servlet.DispatcherServlet        : POST "/api/register", parameters={}
2026-06-01T01:24:28.380+05:30 DEBUG 18260 --- [nio-8081-exec-5] s.w.s.m.m.a.RequestMappingHandlerMapping : Mapped to com.example.amazonclonebackend.controller.AuthController#register(RegisterRequest)
2026-06-01T01:24:28.381+05:30 DEBUG 18260 --- [nio-8081-exec-5] m.m.a.RequestResponseBodyMethodProcessor : Read "application/json;charset=UTF-8" to [RegisterRequest(name=Codex User, number=1234567890, email=codex+1780257268245@example.com, password= (truncated)...]
2026-06-01T01:24:28.647+05:30 DEBUG 18260 --- [nio-8081-exec-5] org.hibernate.SQL                        : 
    select
        u1_0."id" 
    from
        "users" u1_0 
    where
        u1_0."email"=? 
    fetch
        first ? rows only
Hibernate: 
    select
        u1_0."id" 
    from
        "users" u1_0 
    where
        u1_0."email"=? 
    fetch
        first ? rows only
2026-06-01T01:24:28.985+05:30 DEBUG 18260 --- [nio-8081-exec-5] org.hibernate.SQL                        : 
    select
        u1_0."id" 
    from
        "users" u1_0 
    where
        u1_0."number"=? 
    fetch
        first ? rows only
Hibernate: 
    select
        u1_0."id" 
    from
        "users" u1_0 
    where
        u1_0."number"=? 
    fetch
        first ? rows only
2026-06-01T01:24:29.616+05:30 DEBUG 18260 --- [nio-8081-exec-5] o.s.w.s.m.m.a.HttpEntityMethodProcessor  : Using 'application/json', given [*/*] and supported [application/json, application/*+json]
2026-06-01T01:24:29.624+05:30 DEBUG 18260 --- [nio-8081-exec-5] o.s.w.s.m.m.a.HttpEntityMethodProcessor  : Writing [{message=[Ljava.lang.Object;@6bc22796, status=false}]
2026-06-01T01:24:29.629+05:30 DEBUG 18260 --- [nio-8081-exec-5] o.s.web.servlet.DispatcherServlet        : Completed 400 BAD_REQUEST
2026-06-01T01:24:48.742+05:30 DEBUG 18260 --- [nio-8081-exec-6] o.s.security.web.FilterChainProxy        : Securing POST /api/register
2026-06-01T01:24:48.743+05:30 DEBUG 18260 --- [nio-8081-exec-6] o.s.s.w.a.AnonymousAuthenticationFilter  : Set SecurityContextHolder to anonymous SecurityContext
2026-06-01T01:24:48.744+05:30 DEBUG 18260 --- [nio-8081-exec-6] o.s.security.web.FilterChainProxy        : Secured POST /api/register
2026-06-01T01:24:48.744+05:30 DEBUG 18260 --- [nio-8081-exec-6] o.s.web.servlet.DispatcherServlet        : POST "/api/register", parameters={}
2026-06-01T01:24:48.745+05:30 DEBUG 18260 --- [nio-8081-exec-6] s.w.s.m.m.a.RequestMappingHandlerMapping : Mapped to com.example.amazonclonebackend.controller.AuthController#register(RegisterRequest)
2026-06-01T01:24:48.746+05:30 DEBUG 18260 --- [nio-8081-exec-6] m.m.a.RequestResponseBodyMethodProcessor : Read "application/json;charset=UTF-8" to [RegisterRequest(name=Codex User, number=4229714171, email=codex+1780257288605@example.com, password= (truncated)...]
2026-06-01T01:24:49.015+05:30 DEBUG 18260 --- [nio-8081-exec-6] org.hibernate.SQL                        : 
    select
        u1_0."id" 
    from
        "users" u1_0 
    where
        u1_0."email"=? 
    fetch
        first ? rows only
Hibernate: 
    select
        u1_0."id" 
    from
        "users" u1_0 
    where
        u1_0."email"=? 
    fetch
        first ? rows only
2026-06-01T01:24:49.288+05:30 DEBUG 18260 --- [nio-8081-exec-6] org.hibernate.SQL                        : 
    select
        u1_0."id" 
    from
        "users" u1_0 
    where
        u1_0."number"=? 
    fetch
        first ? rows only
Hibernate: 
    select
        u1_0."id" 
    from
        "users" u1_0 
    where
        u1_0."number"=? 
    fetch
        first ? rows only
2026-06-01T01:24:49.671+05:30 DEBUG 18260 --- [nio-8081-exec-6] org.hibernate.SQL                        : 
    insert 
    into
        "users"
        ("created_at", "email", "name", "number", "password", "role", "seller_approved", "id") 
    values
        (?, ?, ?, ?, ?, ?, ?, ?)
Hibernate: 
    insert 
    into
        "users"
        ("created_at", "email", "name", "number", "password", "role", "seller_approved", "id") 
    values
        (?, ?, ?, ?, ?, ?, ?, ?)
2026-06-01T01:24:50.246+05:30 DEBUG 18260 --- [nio-8081-exec-6] o.s.w.s.m.m.a.HttpEntityMethodProcessor  : Using 'application/json', given [*/*] and supported [application/json, application/*+json]
2026-06-01T01:24:50.254+05:30 DEBUG 18260 --- [nio-8081-exec-6] o.s.w.s.m.m.a.HttpEntityMethodProcessor  : Writing [{message=User registered successfully, status=true}]
2026-06-01T01:24:50.256+05:30 DEBUG 18260 --- [nio-8081-exec-6] o.s.web.servlet.DispatcherServlet        : Completed 201 CREATED
2026-06-01T01:24:50.284+05:30 DEBUG 18260 --- [nio-8081-exec-7] o.s.security.web.FilterChainProxy        : Securing POST /api/login
2026-06-01T01:24:50.284+05:30 DEBUG 18260 --- [nio-8081-exec-7] o.s.s.w.a.AnonymousAuthenticationFilter  : Set SecurityContextHolder to anonymous SecurityContext
2026-06-01T01:24:50.285+05:30 DEBUG 18260 --- [nio-8081-exec-7] o.s.security.web.FilterChainProxy        : Secured POST /api/login
2026-06-01T01:24:50.286+05:30 DEBUG 18260 --- [nio-8081-exec-7] o.s.web.servlet.DispatcherServlet        : POST "/api/login", parameters={}
2026-06-01T01:24:50.286+05:30 DEBUG 18260 --- [nio-8081-exec-7] s.w.s.m.m.a.RequestMappingHandlerMapping : Mapped to com.example.amazonclonebackend.controller.AuthController#login(LoginRequest, HttpServletResponse)
2026-06-01T01:24:50.287+05:30 DEBUG 18260 --- [nio-8081-exec-7] m.m.a.RequestResponseBodyMethodProcessor : Read "application/json;charset=UTF-8" to [LoginRequest(email=codex+1780257288605@example.com, password=Secret123!)]
2026-06-01T01:24:50.287+05:30  INFO 18260 --- [nio-8081-exec-7] c.e.a.controller.AuthController          : Login attempt for email=codex+1780257288605@example.com
2026-06-01T01:24:50.291+05:30 DEBUG 18260 --- [nio-8081-exec-7] org.hibernate.SQL                        : 
    select
        u1_0."id",
        u1_0."created_at",
        u1_0."email",
        u1_0."name",
        u1_0."number",
        u1_0."password",
        u1_0."role",
        u1_0."seller_approved" 
    from
        "users" u1_0 
    where
        lower(u1_0."email")=lower(?)
Hibernate: 
    select
        u1_0."id",
        u1_0."created_at",
        u1_0."email",
        u1_0."name",
        u1_0."number",
        u1_0."password",
        u1_0."role",
        u1_0."seller_approved" 
    from
        "users" u1_0 
    where
        lower(u1_0."email")=lower(?)
2026-06-01T01:24:50.568+05:30 DEBUG 18260 --- [nio-8081-exec-7] org.hibernate.SQL                        : 
    select
        sp1_0."id",
        sp1_0."bio",
        sp1_0."business_name",
        sp1_0."created_at",
        sp1_0."logo_url",
        sp1_0."status",
        sp1_0."user_id",
        u1_0."id",
        u1_0."created_at",
        u1_0."email",
        u1_0."name",
        u1_0."number",
        u1_0."password",
        u1_0."role",
        u1_0."seller_approved" 
    from
        "seller_profiles" sp1_0 
    join
        "users" u1_0 
            on u1_0."id"=sp1_0."user_id" 
    where
        sp1_0."user_id"=?
Hibernate: 
    select
        sp1_0."id",
        sp1_0."bio",
        sp1_0."business_name",
        sp1_0."created_at",
        sp1_0."logo_url",
        sp1_0."status",
        sp1_0."user_id",
        u1_0."id",
        u1_0."created_at",
        u1_0."email",
        u1_0."name",
        u1_0."number",
        u1_0."password",
        u1_0."role",
        u1_0."seller_approved" 
    from
        "seller_profiles" sp1_0 
    join
        "users" u1_0 
            on u1_0."id"=sp1_0."user_id" 
    where
        sp1_0."user_id"=?
2026-06-01T01:24:51.209+05:30  INFO 18260 --- [nio-8081-exec-7] c.e.a.service.UserService                : Password bcrypt match for userId=26b41a56-6436-401f-b8aa-dc1cc58adfa5
2026-06-01T01:24:51.217+05:30  INFO 18260 --- [nio-8081-exec-7] c.e.a.controller.AuthController          : Authentication result for userId=26b41a56-6436-401f-b8aa-dc1cc58adfa5 : true
2026-06-01T01:24:51.220+05:30 DEBUG 18260 --- [nio-8081-exec-7] org.hibernate.SQL                        : 
    insert 
    into
        "user_tokens"
        ("token", "user_id") 
    values
        (?, ?)
Hibernate: 
    insert 
    into
        "user_tokens"
        ("token", "user_id") 
    values
        (?, ?)
2026-06-01T01:24:51.961+05:30 DEBUG 18260 --- [nio-8081-exec-7] o.s.w.s.m.m.a.HttpEntityMethodProcessor  : Using 'application/json', given [*/*] and supported [application/json, application/*+json]
2026-06-01T01:24:51.973+05:30 DEBUG 18260 --- [nio-8081-exec-7] o.s.w.s.m.m.a.HttpEntityMethodProcessor  : Writing [{message=Logged in successfully!, status=true}]
2026-06-01T01:24:51.975+05:30 DEBUG 18260 --- [nio-8081-exec-7] o.s.web.servlet.DispatcherServlet        : Completed 201 CREATED
2026-06-01T01:24:51.995+05:30 DEBUG 18260 --- [nio-8081-exec-8] o.s.security.web.FilterChainProxy        : Securing GET /api/products
2026-06-01T01:24:51.995+05:30 DEBUG 18260 --- [nio-8081-exec-8] o.s.s.w.a.AnonymousAuthenticationFilter  : Set SecurityContextHolder to anonymous SecurityContext
2026-06-01T01:24:51.996+05:30 DEBUG 18260 --- [nio-8081-exec-8] o.s.security.web.FilterChainProxy        : Secured GET /api/products
2026-06-01T01:24:51.996+05:30 DEBUG 18260 --- [nio-8081-exec-8] o.s.web.servlet.DispatcherServlet        : GET "/api/products", parameters={}
2026-06-01T01:24:51.997+05:30 DEBUG 18260 --- [nio-8081-exec-8] s.w.s.m.m.a.RequestMappingHandlerMapping : Mapped to com.example.amazonclonebackend.controller.ProductController#getProducts(String, String)
2026-06-01T01:24:52.004+05:30 DEBUG 18260 --- [nio-8081-exec-8] org.hibernate.SQL                        : 
    select
        p1_0."id",
        p1_0."acc_value",
        p1_0."best_seller",
        p1_0."category",
        p1_0."discount",
        p1_0."mrp",
        p1_0."name",
        p1_0."new_release",
        p1_0."price",
        p1_0."res_url",
        p1_0."seller_profile_id",
        p1_0."today_deal",
        p1_0."url",
        p1_0."value" 
    from
        "products" p1_0
Hibernate: 
    select
        p1_0."id",
        p1_0."acc_value",
        p1_0."best_seller",
        p1_0."category",
        p1_0."discount",
        p1_0."mrp",
        p1_0."name",
        p1_0."new_release",
        p1_0."price",
        p1_0."res_url",
        p1_0."seller_profile_id",
        p1_0."today_deal",
        p1_0."url",
        p1_0."value" 
    from
        "products" p1_0
2026-06-01T01:24:52.661+05:30 DEBUG 18260 --- [nio-8081-exec-8] org.hibernate.SQL                        : 
    select
        p1_0."product_id",
        p1_0."id",
        p1_0."point" 
    from
        "product_points" p1_0 
    where
        p1_0."product_id"=?
Hibernate: 
    select
        p1_0."product_id",
        p1_0."id",
        p1_0."point" 
    from
        "product_points" p1_0 
    where
        p1_0."product_id"=?
2026-06-01T01:24:52.969+05:30 DEBUG 18260 --- [nio-8081-exec-8] org.hibernate.SQL                        : 
    select
        p1_0."product_id",
        p1_0."id",
        p1_0."point" 
    from
        "product_points" p1_0 
    where
        p1_0."product_id"=?
Hibernate: 
    select
        p1_0."product_id",
        p1_0."id",
        p1_0."point" 
    from
        "product_points" p1_0 
    where
        p1_0."product_id"=?
2026-06-01T01:24:53.288+05:30 DEBUG 18260 --- [nio-8081-exec-8] org.hibernate.SQL                        : 
    select
        p1_0."product_id",
        p1_0."id",
        p1_0."point" 
    from
        "product_points" p1_0 
    where
        p1_0."product_id"=?
Hibernate: 
    select
        p1_0."product_id",
        p1_0."id",
        p1_0."point" 
    from
        "product_points" p1_0 
    where
        p1_0."product_id"=?
2026-06-01T01:24:53.609+05:30 DEBUG 18260 --- [nio-8081-exec-8] org.hibernate.SQL                        : 
    select
        p1_0."product_id",
        p1_0."id",
        p1_0."point" 
    from
        "product_points" p1_0 
    where
        p1_0."product_id"=?
Hibernate: 
    select
        p1_0."product_id",
        p1_0."id",
        p1_0."point" 
    from
        "product_points" p1_0 
    where
        p1_0."product_id"=?
2026-06-01T01:24:53.864+05:30 DEBUG 18260 --- [nio-8081-exec-8] org.hibernate.SQL                        : 
    select
        p1_0."product_id",
        p1_0."id",
        p1_0."point" 
    from
        "product_points" p1_0 
    where
        p1_0."product_id"=?
Hibernate: 
    select
        p1_0."product_id",
        p1_0."id",
        p1_0."point" 
    from
        "product_points" p1_0 
    where
        p1_0."product_id"=?
2026-06-01T01:24:54.123+05:30 DEBUG 18260 --- [nio-8081-exec-8] org.hibernate.SQL                        : 
    select
        p1_0."product_id",
        p1_0."id",
        p1_0."point" 
    from
        "product_points" p1_0 
    where
        p1_0."product_id"=?
Hibernate: 
    select
        p1_0."product_id",
        p1_0."id",
        p1_0."point" 
    from
        "product_points" p1_0 
    where
        p1_0."product_id"=?
2026-06-01T01:24:54.378+05:30 DEBUG 18260 --- [nio-8081-exec-8] org.hibernate.SQL                        : 
    select
        p1_0."product_id",
        p1_0."id",
        p1_0."point" 
    from
        "product_points" p1_0 
    where
        p1_0."product_id"=?
Hibernate: 
    select
        p1_0."product_id",
        p1_0."id",
        p1_0."point" 
    from
        "product_points" p1_0 
    where
        p1_0."product_id"=?
2026-06-01T01:24:54.728+05:30 DEBUG 18260 --- [nio-8081-exec-8] org.hibernate.SQL                        : 
    select
        p1_0."product_id",
        p1_0."id",
        p1_0."point" 
    from
        "product_points" p1_0 
    where
        p1_0."product_id"=?
Hibernate: 
    select
        p1_0."product_id",
        p1_0."id",
        p1_0."point" 
    from
        "product_points" p1_0 
    where
        p1_0."product_id"=?
2026-06-01T01:24:55.048+05:30 DEBUG 18260 --- [nio-8081-exec-8] org.hibernate.SQL                        : 
    select
        p1_0."product_id",
        p1_0."id",
        p1_0."point" 
    from
        "product_points" p1_0 
    where
        p1_0."product_id"=?
Hibernate: 
    select
        p1_0."product_id",
        p1_0."id",
        p1_0."point" 
    from
        "product_points" p1_0 
    where
        p1_0."product_id"=?
2026-06-01T01:24:55.369+05:30 DEBUG 18260 --- [nio-8081-exec-8] org.hibernate.SQL                        : 
    select
        p1_0."product_id",
        p1_0."id",
        p1_0."point" 
    from
        "product_points" p1_0 
    where
        p1_0."product_id"=?
Hibernate: 
    select
        p1_0."product_id",
        p1_0."id",
        p1_0."point" 
    from
        "product_points" p1_0 
    where
        p1_0."product_id"=?
2026-06-01T01:24:55.688+05:30 DEBUG 18260 --- [nio-8081-exec-8] org.hibernate.SQL                        : 
    select
        p1_0."product_id",
        p1_0."id",
        p1_0."point" 
    from
        "product_points" p1_0 
    where
        p1_0."product_id"=?
Hibernate: 
    select
        p1_0."product_id",
        p1_0."id",
        p1_0."point" 
    from
        "product_points" p1_0 
    where
        p1_0."product_id"=?
2026-06-01T01:24:56.007+05:30 DEBUG 18260 --- [nio-8081-exec-8] org.hibernate.SQL                        : 
    select
        p1_0."product_id",
        p1_0."id",
        p1_0."point" 
    from
        "product_points" p1_0 
    where
        p1_0."product_id"=?
Hibernate: 
    select
        p1_0."product_id",
        p1_0."id",
        p1_0."point" 
    from
        "product_points" p1_0 
    where
        p1_0."product_id"=?
2026-06-01T01:24:56.327+05:30 DEBUG 18260 --- [nio-8081-exec-8] org.hibernate.SQL                        : 
    select
        p1_0."product_id",
        p1_0."id",
        p1_0."point" 
    from
        "product_points" p1_0 
    where
        p1_0."product_id"=?
Hibernate: 
    select
        p1_0."product_id",
        p1_0."id",
        p1_0."point" 
    from
        "product_points" p1_0 
    where
        p1_0."product_id"=?
2026-06-01T01:24:56.650+05:30 DEBUG 18260 --- [nio-8081-exec-8] org.hibernate.SQL                        : 
    select
        p1_0."product_id",
        p1_0."id",
        p1_0."point" 
    from
        "product_points" p1_0 
    where
        p1_0."product_id"=?
Hibernate: 
    select
        p1_0."product_id",
        p1_0."id",
        p1_0."point" 
    from
        "product_points" p1_0 
    where
        p1_0."product_id"=?
2026-06-01T01:24:56.967+05:30 DEBUG 18260 --- [nio-8081-exec-8] org.hibernate.SQL                        : 
    select
        p1_0."product_id",
        p1_0."id",
        p1_0."point" 
    from
        "product_points" p1_0 
    where
        p1_0."product_id"=?
Hibernate: 
    select
        p1_0."product_id",
        p1_0."id",
        p1_0."point" 
    from
        "product_points" p1_0 
    where
        p1_0."product_id"=?
2026-06-01T01:24:57.290+05:30 DEBUG 18260 --- [nio-8081-exec-8] org.hibernate.SQL                        : 
    select
        p1_0."product_id",
        p1_0."id",
        p1_0."point" 
    from
        "product_points" p1_0 
    where
        p1_0."product_id"=?
Hibernate: 
    select
        p1_0."product_id",
        p1_0."id",
        p1_0."point" 
    from
        "product_points" p1_0 
    where
        p1_0."product_id"=?
2026-06-01T01:24:57.557+05:30 DEBUG 18260 --- [nio-8081-exec-8] org.hibernate.SQL                        : 
    select
        p1_0."product_id",
        p1_0."id",
        p1_0."point" 
    from
        "product_points" p1_0 
    where
        p1_0."product_id"=?
Hibernate: 
    select
        p1_0."product_id",
        p1_0."id",
        p1_0."point" 
    from
        "product_points" p1_0 
    where
        p1_0."product_id"=?
2026-06-01T01:24:57.902+05:30 DEBUG 18260 --- [nio-8081-exec-8] org.hibernate.SQL                        : 
    select
        p1_0."product_id",
        p1_0."id",
        p1_0."point" 
    from
        "product_points" p1_0 
    where
        p1_0."product_id"=?
Hibernate: 
    select
        p1_0."product_id",
        p1_0."id",
        p1_0."point" 
    from
        "product_points" p1_0 
    where
        p1_0."product_id"=?
2026-06-01T01:24:58.233+05:30 DEBUG 18260 --- [nio-8081-exec-8] org.hibernate.SQL                        : 
    select
        p1_0."product_id",
        p1_0."id",
        p1_0."point" 
    from
        "product_points" p1_0 
    where
        p1_0."product_id"=?
Hibernate: 
    select
        p1_0."product_id",
        p1_0."id",
        p1_0."point" 
    from
        "product_points" p1_0 
    where
        p1_0."product_id"=?
2026-06-01T01:24:58.534+05:30 DEBUG 18260 --- [nio-8081-exec-8] org.hibernate.SQL                        : 
    select
        p1_0."product_id",
        p1_0."id",
        p1_0."point" 
    from
        "product_points" p1_0 
    where
        p1_0."product_id"=?
Hibernate: 
    select
        p1_0."product_id",
        p1_0."id",
        p1_0."point" 
    from
        "product_points" p1_0 
    where
        p1_0."product_id"=?
2026-06-01T01:24:58.868+05:30 DEBUG 18260 --- [nio-8081-exec-8] org.hibernate.SQL                        : 
    select
        p1_0."product_id",
        p1_0."id",
        p1_0."point" 
    from
        "product_points" p1_0 
    where
        p1_0."product_id"=?
Hibernate: 
    select
        p1_0."product_id",
        p1_0."id",
        p1_0."point" 
    from
        "product_points" p1_0 
    where
        p1_0."product_id"=?
2026-06-01T01:24:59.135+05:30 DEBUG 18260 --- [nio-8081-exec-8] org.hibernate.SQL                        : 
    select
        p1_0."product_id",
        p1_0."id",
        p1_0."point" 
    from
        "product_points" p1_0 
    where
        p1_0."product_id"=?
Hibernate: 
    select
        p1_0."product_id",
        p1_0."id",
        p1_0."point" 
    from
        "product_points" p1_0 
    where
        p1_0."product_id"=?
2026-06-01T01:24:59.386+05:30 DEBUG 18260 --- [nio-8081-exec-8] org.hibernate.SQL                        : 
    select
        p1_0."product_id",
        p1_0."id",
        p1_0."point" 
    from
        "product_points" p1_0 
    where
        p1_0."product_id"=?
Hibernate: 
    select
        p1_0."product_id",
        p1_0."id",
        p1_0."point" 
    from
        "product_points" p1_0 
    where
        p1_0."product_id"=?
2026-06-01T01:24:59.687+05:30 DEBUG 18260 --- [nio-8081-exec-8] org.hibernate.SQL                        : 
    select
        p1_0."product_id",
        p1_0."id",
        p1_0."point" 
    from
        "product_points" p1_0 
    where
        p1_0."product_id"=?
Hibernate: 
    select
        p1_0."product_id",
        p1_0."id",
        p1_0."point" 
    from
        "product_points" p1_0 
    where
        p1_0."product_id"=?
2026-06-01T01:25:00.008+05:30 DEBUG 18260 --- [nio-8081-exec-8] org.hibernate.SQL                        : 
    select
        p1_0."product_id",
        p1_0."id",
        p1_0."point" 
    from
        "product_points" p1_0 
    where
        p1_0."product_id"=?
Hibernate: 
    select
        p1_0."product_id",
        p1_0."id",
        p1_0."point" 
    from
        "product_points" p1_0 
    where
        p1_0."product_id"=?
2026-06-01T01:25:00.327+05:30 DEBUG 18260 --- [nio-8081-exec-8] org.hibernate.SQL                        : 
    select
        p1_0."product_id",
        p1_0."id",
        p1_0."point" 
    from
        "product_points" p1_0 
    where
        p1_0."product_id"=?
Hibernate: 
    select
        p1_0."product_id",
        p1_0."id",
        p1_0."point" 
    from
        "product_points" p1_0 
    where
        p1_0."product_id"=?
2026-06-01T01:25:00.648+05:30 DEBUG 18260 --- [nio-8081-exec-8] org.hibernate.SQL                        : 
    select
        p1_0."product_id",
        p1_0."id",
        p1_0."point" 
    from
        "product_points" p1_0 
    where
        p1_0."product_id"=?
Hibernate: 
    select
        p1_0."product_id",
        p1_0."id",
        p1_0."point" 
    from
        "product_points" p1_0 
    where
        p1_0."product_id"=?
2026-06-01T01:25:00.968+05:30 DEBUG 18260 --- [nio-8081-exec-8] org.hibernate.SQL                        : 
    select
        p1_0."product_id",
        p1_0."id",
        p1_0."point" 
    from
        "product_points" p1_0 
    where
        p1_0."product_id"=?
Hibernate: 
    select
        p1_0."product_id",
        p1_0."id",
        p1_0."point" 
    from
        "product_points" p1_0 
    where
        p1_0."product_id"=?
2026-06-01T01:25:01.289+05:30 DEBUG 18260 --- [nio-8081-exec-8] org.hibernate.SQL                        : 
    select
        p1_0."product_id",
        p1_0."id",
        p1_0."point" 
    from
        "product_points" p1_0 
    where
        p1_0."product_id"=?
Hibernate: 
    select
        p1_0."product_id",
        p1_0."id",
        p1_0."point" 
    from
        "product_points" p1_0 
    where
        p1_0."product_id"=?
2026-06-01T01:25:01.609+05:30 DEBUG 18260 --- [nio-8081-exec-8] org.hibernate.SQL                        : 
    select
        p1_0."product_id",
        p1_0."id",
        p1_0."point" 
    from
        "product_points" p1_0 
    where
        p1_0."product_id"=?
Hibernate: 
    select
        p1_0."product_id",
        p1_0."id",
        p1_0."point" 
    from
        "product_points" p1_0 
    where
        p1_0."product_id"=?
2026-06-01T01:25:01.928+05:30 DEBUG 18260 --- [nio-8081-exec-8] org.hibernate.SQL                        : 
    select
        p1_0."product_id",
        p1_0."id",
        p1_0."point" 
    from
        "product_points" p1_0 
    where
        p1_0."product_id"=?
Hibernate: 
    select
        p1_0."product_id",
        p1_0."id",
        p1_0."point" 
    from
        "product_points" p1_0 
    where
        p1_0."product_id"=?
2026-06-01T01:25:02.194+05:30 DEBUG 18260 --- [nio-8081-exec-8] org.hibernate.SQL                        : 
    select
        p1_0."product_id",
        p1_0."id",
        p1_0."point" 
    from
        "product_points" p1_0 
    where
        p1_0."product_id"=?
Hibernate: 
    select
        p1_0."product_id",
        p1_0."id",
        p1_0."point" 
    from
        "product_points" p1_0 
    where
        p1_0."product_id"=?
2026-06-01T01:25:02.447+05:30 DEBUG 18260 --- [nio-8081-exec-8] org.hibernate.SQL                        : 
    select
        p1_0."product_id",
        p1_0."id",
        p1_0."point" 
    from
        "product_points" p1_0 
    where
        p1_0."product_id"=?
Hibernate: 
    select
        p1_0."product_id",
        p1_0."id",
        p1_0."point" 
    from
        "product_points" p1_0 
    where
        p1_0."product_id"=?
2026-06-01T01:25:02.708+05:30 DEBUG 18260 --- [nio-8081-exec-8] org.hibernate.SQL                        : 
    select
        p1_0."product_id",
        p1_0."id",
        p1_0."point" 
    from
        "product_points" p1_0 
    where
        p1_0."product_id"=?
Hibernate: 
    select
        p1_0."product_id",
        p1_0."id",
        p1_0."point" 
    from
        "product_points" p1_0 
    where
        p1_0."product_id"=?
2026-06-01T01:25:03.049+05:30 DEBUG 18260 --- [nio-8081-exec-8] org.hibernate.SQL                        : 
    select
        p1_0."product_id",
        p1_0."id",
        p1_0."point" 
    from
        "product_points" p1_0 
    where
        p1_0."product_id"=?
Hibernate: 
    select
        p1_0."product_id",
        p1_0."id",
        p1_0."point" 
    from
        "product_points" p1_0 
    where
        p1_0."product_id"=?
2026-06-01T01:25:03.368+05:30 DEBUG 18260 --- [nio-8081-exec-8] org.hibernate.SQL                        : 
    select
        p1_0."product_id",
        p1_0."id",
        p1_0."point" 
    from
        "product_points" p1_0 
    where
        p1_0."product_id"=?
Hibernate: 
    select
        p1_0."product_id",
        p1_0."id",
        p1_0."point" 
    from
        "product_points" p1_0 
    where
        p1_0."product_id"=?
2026-06-01T01:25:03.880+05:30 DEBUG 18260 --- [nio-8081-exec-8] o.s.w.s.m.m.a.HttpEntityMethodProcessor  : Using 'application/json', given [*/*] and supported [application/json, application/*+json]
2026-06-01T01:25:03.893+05:30 DEBUG 18260 --- [nio-8081-exec-8] o.s.w.s.m.m.a.HttpEntityMethodProcessor  : Writing [[ProductDTO(id=1, url=/images/products/1.jpg, resUrl=/images/products/1.jpg, price=₹61,990.00, value (truncated)...]
2026-06-01T01:25:03.905+05:30 DEBUG 18260 --- [nio-8081-exec-8] o.s.web.servlet.DispatcherServlet        : Completed 200 OK
2026-06-01T01:25:03.923+05:30 DEBUG 18260 --- [nio-8081-exec-9] o.s.security.web.FilterChainProxy        : Securing POST /api/me/favorites
2026-06-01T01:25:03.972+05:30 DEBUG 18260 --- [nio-8081-exec-9] org.hibernate.SQL                        : 
    select
        ut1_0."id",
        ut1_0."token",
        ut1_0."user_id" 
    from
        "user_tokens" ut1_0 
    where
        ut1_0."token"=?
Hibernate: 
    select
        ut1_0."id",
        ut1_0."token",
        ut1_0."user_id" 
    from
        "user_tokens" ut1_0 
    where
        ut1_0."token"=?
2026-06-01T01:25:04.279+05:30 DEBUG 18260 --- [nio-8081-exec-9] org.hibernate.SQL                        : 
    select
        u1_0."id",
        u1_0."created_at",
        u1_0."email",
        u1_0."name",
        u1_0."number",
        u1_0."password",
        u1_0."role",
        u1_0."seller_approved" 
    from
        "users" u1_0 
    where
        u1_0."id"=?
Hibernate: 
    select
        u1_0."id",
        u1_0."created_at",
        u1_0."email",
        u1_0."name",
        u1_0."number",
        u1_0."password",
        u1_0."role",
        u1_0."seller_approved" 
    from
        "users" u1_0 
    where
        u1_0."id"=?
2026-06-01T01:25:04.643+05:30 DEBUG 18260 --- [nio-8081-exec-9] org.hibernate.SQL                        : 
    select
        sp1_0."id",
        sp1_0."bio",
        sp1_0."business_name",
        sp1_0."created_at",
        sp1_0."logo_url",
        sp1_0."status",
        sp1_0."user_id",
        u1_0."id",
        u1_0."created_at",
        u1_0."email",
        u1_0."name",
        u1_0."number",
        u1_0."password",
        u1_0."role",
        u1_0."seller_approved" 
    from
        "seller_profiles" sp1_0 
    join
        "users" u1_0 
            on u1_0."id"=sp1_0."user_id" 
    where
        sp1_0."user_id"=?
Hibernate: 
    select
        sp1_0."id",
        sp1_0."bio",
        sp1_0."business_name",
        sp1_0."created_at",
        sp1_0."logo_url",
        sp1_0."status",
        sp1_0."user_id",
        u1_0."id",
        u1_0."created_at",
        u1_0."email",
        u1_0."name",
        u1_0."number",
        u1_0."password",
        u1_0."role",
        u1_0."seller_approved" 
    from
        "seller_profiles" sp1_0 
    join
        "users" u1_0 
            on u1_0."id"=sp1_0."user_id" 
    where
        sp1_0."user_id"=?
2026-06-01T01:25:05.277+05:30 DEBUG 18260 --- [nio-8081-exec-9] org.hibernate.SQL                        : 
    select
        as1_0."id",
        as1_0."last_seen",
        as1_0."session_id",
        as1_0."user_id" 
    from
        "active_sessions" as1_0 
    where
        as1_0."session_id"=?
Hibernate: 
    select
        as1_0."id",
        as1_0."last_seen",
        as1_0."session_id",
        as1_0."user_id" 
    from
        "active_sessions" as1_0 
    where
        as1_0."session_id"=?
2026-06-01T01:25:05.610+05:30 DEBUG 18260 --- [nio-8081-exec-9] org.hibernate.SQL                        : 
    insert 
    into
        "active_sessions"
        ("last_seen", "session_id", "user_id", "id") 
    values
        (?, ?, ?, ?)
Hibernate: 
    insert 
    into
        "active_sessions"
        ("last_seen", "session_id", "user_id", "id") 
    values
        (?, ?, ?, ?)
2026-06-01T01:25:06.250+05:30 DEBUG 18260 --- [nio-8081-exec-9] o.s.security.web.FilterChainProxy        : Secured POST /api/me/favorites
2026-06-01T01:25:06.259+05:30 DEBUG 18260 --- [nio-8081-exec-9] o.s.web.servlet.DispatcherServlet        : POST "/api/me/favorites", parameters={}
2026-06-01T01:25:06.260+05:30 DEBUG 18260 --- [nio-8081-exec-9] s.w.s.m.m.a.RequestMappingHandlerMapping : Mapped to com.example.amazonclonebackend.controller.FavoriteController#addFavorite(User, Map)
2026-06-01T01:25:06.263+05:30 DEBUG 18260 --- [nio-8081-exec-9] m.m.a.RequestResponseBodyMethodProcessor : Read "application/json;charset=UTF-8" to [{productId=1}]
2026-06-01T01:25:06.264+05:30 DEBUG 18260 --- [nio-8081-exec-9] org.hibernate.SQL                        : 
    select
        p1_0."id",
        p1_0."acc_value",
        p1_0."best_seller",
        p1_0."category",
        p1_0."discount",
        p1_0."mrp",
        p1_0."name",
        p1_0."new_release",
        p1_0."price",
        p1_0."res_url",
        p1_0."seller_profile_id",
        p1_0."today_deal",
        p1_0."url",
        p1_0."value" 
    from
        "products" p1_0 
    where
        p1_0."id"=?
Hibernate: 
    select
        p1_0."id",
        p1_0."acc_value",
        p1_0."best_seller",
        p1_0."category",
        p1_0."discount",
        p1_0."mrp",
        p1_0."name",
        p1_0."new_release",
        p1_0."price",
        p1_0."res_url",
        p1_0."seller_profile_id",
        p1_0."today_deal",
        p1_0."url",
        p1_0."value" 
    from
        "products" p1_0 
    where
        p1_0."id"=?
2026-06-01T01:25:06.577+05:30 DEBUG 18260 --- [nio-8081-exec-9] org.hibernate.SQL                        : 
    select
        f1_0."id",
        f1_0."created_at",
        f1_0."product_id",
        f1_0."user_id" 
    from
        "favorites" f1_0 
    where
        f1_0."user_id"=? 
        and f1_0."product_id"=?
Hibernate: 
    select
        f1_0."id",
        f1_0."created_at",
        f1_0."product_id",
        f1_0."user_id" 
    from
        "favorites" f1_0 
    where
        f1_0."user_id"=? 
        and f1_0."product_id"=?
2026-06-01T01:25:06.890+05:30 DEBUG 18260 --- [nio-8081-exec-9] org.hibernate.SQL                        : 
    select
        p1_0."product_id",
        p1_0."id",
        p1_0."point" 
    from
        "product_points" p1_0 
    where
        p1_0."product_id"=?
Hibernate: 
    select
        p1_0."product_id",
        p1_0."id",
        p1_0."point" 
    from
        "product_points" p1_0 
    where
        p1_0."product_id"=?
2026-06-01T01:25:07.210+05:30 DEBUG 18260 --- [nio-8081-exec-9] org.hibernate.SQL                        : 
    insert 
    into
        "favorites"
        ("created_at", "product_id", "user_id", "id") 
    values
        (?, ?, ?, ?)
Hibernate: 
    insert 
    into
        "favorites"
        ("created_at", "product_id", "user_id", "id") 
    values
        (?, ?, ?, ?)
2026-06-01T01:25:07.850+05:30 DEBUG 18260 --- [nio-8081-exec-9] o.s.w.s.m.m.a.HttpEntityMethodProcessor  : Using 'application/json', given [*/*] and supported [application/json, application/*+json]
2026-06-01T01:25:07.859+05:30 DEBUG 18260 --- [nio-8081-exec-9] o.s.w.s.m.m.a.HttpEntityMethodProcessor  : Writing [ProductDTO(id=1, url=/images/products/1.jpg, resUrl=/images/products/1.jpg, price=₹61,990.00, value= (truncated)...]
2026-06-01T01:25:07.861+05:30 DEBUG 18260 --- [nio-8081-exec-9] o.s.web.servlet.DispatcherServlet        : Completed 200 OK
2026-06-01T01:25:07.864+05:30 DEBUG 18260 --- [io-8081-exec-10] o.s.security.web.FilterChainProxy        : Securing GET /api/me/favorites
2026-06-01T01:25:07.868+05:30 DEBUG 18260 --- [io-8081-exec-10] org.hibernate.SQL                        : 
    select
        ut1_0."id",
        ut1_0."token",
        ut1_0."user_id" 
    from
        "user_tokens" ut1_0 
    where
        ut1_0."token"=?
Hibernate: 
    select
        ut1_0."id",
        ut1_0."token",
        ut1_0."user_id" 
    from
        "user_tokens" ut1_0 
    where
        ut1_0."token"=?
2026-06-01T01:25:08.169+05:30 DEBUG 18260 --- [io-8081-exec-10] org.hibernate.SQL                        : 
    select
        u1_0."id",
        u1_0."created_at",
        u1_0."email",
        u1_0."name",
        u1_0."number",
        u1_0."password",
        u1_0."role",
        u1_0."seller_approved" 
    from
        "users" u1_0 
    where
        u1_0."id"=?
Hibernate: 
    select
        u1_0."id",
        u1_0."created_at",
        u1_0."email",
        u1_0."name",
        u1_0."number",
        u1_0."password",
        u1_0."role",
        u1_0."seller_approved" 
    from
        "users" u1_0 
    where
        u1_0."id"=?
2026-06-01T01:25:08.437+05:30 DEBUG 18260 --- [io-8081-exec-10] org.hibernate.SQL                        : 
    select
        sp1_0."id",
        sp1_0."bio",
        sp1_0."business_name",
        sp1_0."created_at",
        sp1_0."logo_url",
        sp1_0."status",
        sp1_0."user_id",
        u1_0."id",
        u1_0."created_at",
        u1_0."email",
        u1_0."name",
        u1_0."number",
        u1_0."password",
        u1_0."role",
        u1_0."seller_approved" 
    from
        "seller_profiles" sp1_0 
    join
        "users" u1_0 
            on u1_0."id"=sp1_0."user_id" 
    where
        sp1_0."user_id"=?
Hibernate: 
    select
        sp1_0."id",
        sp1_0."bio",
        sp1_0."business_name",
        sp1_0."created_at",
        sp1_0."logo_url",
        sp1_0."status",
        sp1_0."user_id",
        u1_0."id",
        u1_0."created_at",
        u1_0."email",
        u1_0."name",
        u1_0."number",
        u1_0."password",
        u1_0."role",
        u1_0."seller_approved" 
    from
        "seller_profiles" sp1_0 
    join
        "users" u1_0 
            on u1_0."id"=sp1_0."user_id" 
    where
        sp1_0."user_id"=?
2026-06-01T01:25:09.048+05:30 DEBUG 18260 --- [io-8081-exec-10] org.hibernate.SQL                        : 
    select
        as1_0."id",
        as1_0."last_seen",
        as1_0."session_id",
        as1_0."user_id" 
    from
        "active_sessions" as1_0 
    where
        as1_0."session_id"=?
Hibernate: 
    select
        as1_0."id",
        as1_0."last_seen",
        as1_0."session_id",
        as1_0."user_id" 
    from
        "active_sessions" as1_0 
    where
        as1_0."session_id"=?
2026-06-01T01:25:09.377+05:30 DEBUG 18260 --- [io-8081-exec-10] org.hibernate.SQL                        : 
    select
        u1_0."id",
        u1_0."created_at",
        u1_0."email",
        u1_0."name",
        u1_0."number",
        u1_0."password",
        u1_0."role",
        u1_0."seller_approved" 
    from
        "users" u1_0 
    where
        u1_0."id"=?
Hibernate: 
    select
        u1_0."id",
        u1_0."created_at",
        u1_0."email",
        u1_0."name",
        u1_0."number",
        u1_0."password",
        u1_0."role",
        u1_0."seller_approved" 
    from
        "users" u1_0 
    where
        u1_0."id"=?
2026-06-01T01:25:09.769+05:30 DEBUG 18260 --- [io-8081-exec-10] org.hibernate.SQL                        : 
    select
        sp1_0."id",
        sp1_0."bio",
        sp1_0."business_name",
        sp1_0."created_at",
        sp1_0."logo_url",
        sp1_0."status",
        sp1_0."user_id",
        u1_0."id",
        u1_0."created_at",
        u1_0."email",
        u1_0."name",
        u1_0."number",
        u1_0."password",
        u1_0."role",
        u1_0."seller_approved" 
    from
        "seller_profiles" sp1_0 
    join
        "users" u1_0 
            on u1_0."id"=sp1_0."user_id" 
    where
        sp1_0."user_id"=?
Hibernate: 
    select
        sp1_0."id",
        sp1_0."bio",
        sp1_0."business_name",
        sp1_0."created_at",
        sp1_0."logo_url",
        sp1_0."status",
        sp1_0."user_id",
        u1_0."id",
        u1_0."created_at",
        u1_0."email",
        u1_0."name",
        u1_0."number",
        u1_0."password",
        u1_0."role",
        u1_0."seller_approved" 
    from
        "seller_profiles" sp1_0 
    join
        "users" u1_0 
            on u1_0."id"=sp1_0."user_id" 
    where
        sp1_0."user_id"=?
2026-06-01T01:25:10.098+05:30 DEBUG 18260 --- [io-8081-exec-10] org.hibernate.SQL                        : 
    select
        as1_0."id",
        as1_0."last_seen",
        as1_0."session_id",
        u1_0."id",
        u1_0."created_at",
        u1_0."email",
        u1_0."name",
        u1_0."number",
        u1_0."password",
        u1_0."role",
        u1_0."seller_approved",
        sp1_0."id",
        sp1_0."bio",
        sp1_0."business_name",
        sp1_0."created_at",
        sp1_0."logo_url",
        sp1_0."status",
        sp1_0."user_id",
        c1_0."user_id",
        c1_0."id",
        c1_0."product_id",
        c1_0."qty" 
    from
        "active_sessions" as1_0 
    left join
        "users" u1_0 
            on u1_0."id"=as1_0."user_id" 
    left join
        "seller_profiles" sp1_0 
            on u1_0."id"=sp1_0."user_id" 
    left join
        "cart_items" c1_0 
            on u1_0."id"=c1_0."user_id" 
    where
        as1_0."id"=?
Hibernate: 
    select
        as1_0."id",
        as1_0."last_seen",
        as1_0."session_id",
        u1_0."id",
        u1_0."created_at",
        u1_0."email",
        u1_0."name",
        u1_0."number",
        u1_0."password",
        u1_0."role",
        u1_0."seller_approved",
        sp1_0."id",
        sp1_0."bio",
        sp1_0."business_name",
        sp1_0."created_at",
        sp1_0."logo_url",
        sp1_0."status",
        sp1_0."user_id",
        c1_0."user_id",
        c1_0."id",
        c1_0."product_id",
        c1_0."qty" 
    from
        "active_sessions" as1_0 
    left join
        "users" u1_0 
            on u1_0."id"=as1_0."user_id" 
    left join
        "seller_profiles" sp1_0 
            on u1_0."id"=sp1_0."user_id" 
    left join
        "cart_items" c1_0 
            on u1_0."id"=c1_0."user_id" 
    where
        as1_0."id"=?
2026-06-01T01:25:10.409+05:30 DEBUG 18260 --- [io-8081-exec-10] org.hibernate.SQL                        : 
    select
        t1_0."user_id",
        t1_0."id",
        t1_0."token" 
    from
        "user_tokens" t1_0 
    where
        t1_0."user_id"=?
Hibernate: 
    select
        t1_0."user_id",
        t1_0."id",
        t1_0."token" 
    from
        "user_tokens" t1_0 
    where
        t1_0."user_id"=?
2026-06-01T01:25:10.727+05:30 DEBUG 18260 --- [io-8081-exec-10] org.hibernate.SQL                        : 
    select
        sr1_0."requester_id",
        sr1_0."id",
        sr1_0."created_at",
        sr1_0."message",
        sr1_0."status" 
    from
        "seller_requests" sr1_0 
    where
        sr1_0."requester_id"=?
Hibernate: 
    select
        sr1_0."requester_id",
        sr1_0."id",
        sr1_0."created_at",
        sr1_0."message",
        sr1_0."status" 
    from
        "seller_requests" sr1_0 
    where
        sr1_0."requester_id"=?
2026-06-01T01:25:10.996+05:30 DEBUG 18260 --- [io-8081-exec-10] org.hibernate.SQL                        : 
    select
        o1_0."user_id",
        o1_0."id",
        o1_0."amount",
        o1_0."date_ordered",
        o1_0."is_paid",
        o1_0."razorpay_order_id",
        o1_0."razorpay_payment_id",
        o1_0."razorpay_signature" 
    from
        "orders" o1_0 
    where
        o1_0."user_id"=?
Hibernate: 
    select
        o1_0."user_id",
        o1_0."id",
        o1_0."amount",
        o1_0."date_ordered",
        o1_0."is_paid",
        o1_0."razorpay_order_id",
        o1_0."razorpay_payment_id",
        o1_0."razorpay_signature" 
    from
        "orders" o1_0 
    where
        o1_0."user_id"=?
2026-06-01T01:25:11.372+05:30 DEBUG 18260 --- [io-8081-exec-10] org.hibernate.SQL                        : 
    update
        "active_sessions" 
    set
        "last_seen"=?,
        "session_id"=?,
        "user_id"=? 
    where
        "id"=?
Hibernate: 
    update
        "active_sessions" 
    set
        "last_seen"=?,
        "session_id"=?,
        "user_id"=? 
    where
        "id"=?
2026-06-01T01:25:12.008+05:30 DEBUG 18260 --- [io-8081-exec-10] o.s.security.web.FilterChainProxy        : Secured GET /api/me/favorites
2026-06-01T01:25:12.017+05:30 DEBUG 18260 --- [io-8081-exec-10] o.s.web.servlet.DispatcherServlet        : GET "/api/me/favorites", parameters={}
2026-06-01T01:25:12.017+05:30 DEBUG 18260 --- [io-8081-exec-10] s.w.s.m.m.a.RequestMappingHandlerMapping : Mapped to com.example.amazonclonebackend.controller.FavoriteController#getMyFavorites(User)
2026-06-01T01:25:12.020+05:30 DEBUG 18260 --- [io-8081-exec-10] org.hibernate.SQL                        : 
    select
        f1_0."id",
        f1_0."created_at",
        f1_0."product_id",
        f1_0."user_id" 
    from
        "favorites" f1_0 
    where
        f1_0."user_id"=?
Hibernate: 
    select
        f1_0."id",
        f1_0."created_at",
        f1_0."product_id",
        f1_0."user_id" 
    from
        "favorites" f1_0 
    where
        f1_0."user_id"=?
2026-06-01T01:25:12.329+05:30 DEBUG 18260 --- [io-8081-exec-10] org.hibernate.SQL                        : 
    select
        p1_0."id",
        p1_0."acc_value",
        p1_0."best_seller",
        p1_0."category",
        p1_0."discount",
        p1_0."mrp",
        p1_0."name",
        p1_0."new_release",
        p1_0."price",
        p1_0."res_url",
        p1_0."seller_profile_id",
        p1_0."today_deal",
        p1_0."url",
        p1_0."value" 
    from
        "products" p1_0 
    where
        p1_0."id"=?
Hibernate: 
    select
        p1_0."id",
        p1_0."acc_value",
        p1_0."best_seller",
        p1_0."category",
        p1_0."discount",
        p1_0."mrp",
        p1_0."name",
        p1_0."new_release",
        p1_0."price",
        p1_0."res_url",
        p1_0."seller_profile_id",
        p1_0."today_deal",
        p1_0."url",
        p1_0."value" 
    from
        "products" p1_0 
    where
        p1_0."id"=?
2026-06-01T01:25:12.618+05:30 DEBUG 18260 --- [io-8081-exec-10] org.hibernate.SQL                        : 
    select
        p1_0."product_id",
        p1_0."id",
        p1_0."point" 
    from
        "product_points" p1_0 
    where
        p1_0."product_id"=?
Hibernate: 
    select
        p1_0."product_id",
        p1_0."id",
        p1_0."point" 
    from
        "product_points" p1_0 
    where
        p1_0."product_id"=?
2026-06-01T01:25:13.257+05:30 DEBUG 18260 --- [io-8081-exec-10] o.s.w.s.m.m.a.HttpEntityMethodProcessor  : Using 'application/json', given [*/*] and supported [application/json, application/*+json]
2026-06-01T01:25:13.266+05:30 DEBUG 18260 --- [io-8081-exec-10] o.s.w.s.m.m.a.HttpEntityMethodProcessor  : Writing [[ProductDTO(id=1, url=/images/products/1.jpg, resUrl=/images/products/1.jpg, price=₹61,990.00, value (truncated)...]
2026-06-01T01:25:13.267+05:30 DEBUG 18260 --- [io-8081-exec-10] o.s.web.servlet.DispatcherServlet        : Completed 200 OK
2026-06-01T01:25:13.269+05:30 DEBUG 18260 --- [nio-8081-exec-1] o.s.security.web.FilterChainProxy        : Securing DELETE /api/me/favorites/1
2026-06-01T01:25:13.272+05:30 DEBUG 18260 --- [nio-8081-exec-1] org.hibernate.SQL                        : 
    select
        ut1_0."id",
        ut1_0."token",
        ut1_0."user_id" 
    from
        "user_tokens" ut1_0 
    where
        ut1_0."token"=?
Hibernate: 
    select
        ut1_0."id",
        ut1_0."token",
        ut1_0."user_id" 
    from
        "user_tokens" ut1_0 
    where
        ut1_0."token"=?
2026-06-01T01:25:13.632+05:30 DEBUG 18260 --- [nio-8081-exec-1] org.hibernate.SQL                        : 
    select
        u1_0."id",
        u1_0."created_at",
        u1_0."email",
        u1_0."name",
        u1_0."number",
        u1_0."password",
        u1_0."role",
        u1_0."seller_approved" 
    from
        "users" u1_0 
    where
        u1_0."id"=?
Hibernate: 
    select
        u1_0."id",
        u1_0."created_at",
        u1_0."email",
        u1_0."name",
        u1_0."number",
        u1_0."password",
        u1_0."role",
        u1_0."seller_approved" 
    from
        "users" u1_0 
    where
        u1_0."id"=?
2026-06-01T01:25:13.903+05:30 DEBUG 18260 --- [nio-8081-exec-1] org.hibernate.SQL                        : 
    select
        sp1_0."id",
        sp1_0."bio",
        sp1_0."business_name",
        sp1_0."created_at",
        sp1_0."logo_url",
        sp1_0."status",
        sp1_0."user_id",
        u1_0."id",
        u1_0."created_at",
        u1_0."email",
        u1_0."name",
        u1_0."number",
        u1_0."password",
        u1_0."role",
        u1_0."seller_approved" 
    from
        "seller_profiles" sp1_0 
    join
        "users" u1_0 
            on u1_0."id"=sp1_0."user_id" 
    where
        sp1_0."user_id"=?
Hibernate: 
    select
        sp1_0."id",
        sp1_0."bio",
        sp1_0."business_name",
        sp1_0."created_at",
        sp1_0."logo_url",
        sp1_0."status",
        sp1_0."user_id",
        u1_0."id",
        u1_0."created_at",
        u1_0."email",
        u1_0."name",
        u1_0."number",
        u1_0."password",
        u1_0."role",
        u1_0."seller_approved" 
    from
        "seller_profiles" sp1_0 
    join
        "users" u1_0 
            on u1_0."id"=sp1_0."user_id" 
    where
        sp1_0."user_id"=?
2026-06-01T01:25:14.414+05:30 DEBUG 18260 --- [nio-8081-exec-1] org.hibernate.SQL                        : 
    select
        as1_0."id",
        as1_0."last_seen",
        as1_0."session_id",
        as1_0."user_id" 
    from
        "active_sessions" as1_0 
    where
        as1_0."session_id"=?
Hibernate: 
    select
        as1_0."id",
        as1_0."last_seen",
        as1_0."session_id",
        as1_0."user_id" 
    from
        "active_sessions" as1_0 
    where
        as1_0."session_id"=?
2026-06-01T01:25:14.678+05:30 DEBUG 18260 --- [nio-8081-exec-1] org.hibernate.SQL                        : 
    select
        u1_0."id",
        u1_0."created_at",
        u1_0."email",
        u1_0."name",
        u1_0."number",
        u1_0."password",
        u1_0."role",
        u1_0."seller_approved" 
    from
        "users" u1_0 
    where
        u1_0."id"=?
Hibernate: 
    select
        u1_0."id",
        u1_0."created_at",
        u1_0."email",
        u1_0."name",
        u1_0."number",
        u1_0."password",
        u1_0."role",
        u1_0."seller_approved" 
    from
        "users" u1_0 
    where
        u1_0."id"=?
2026-06-01T01:25:15.050+05:30 DEBUG 18260 --- [nio-8081-exec-1] org.hibernate.SQL                        : 
    select
        sp1_0."id",
        sp1_0."bio",
        sp1_0."business_name",
        sp1_0."created_at",
        sp1_0."logo_url",
        sp1_0."status",
        sp1_0."user_id",
        u1_0."id",
        u1_0."created_at",
        u1_0."email",
        u1_0."name",
        u1_0."number",
        u1_0."password",
        u1_0."role",
        u1_0."seller_approved" 
    from
        "seller_profiles" sp1_0 
    join
        "users" u1_0 
            on u1_0."id"=sp1_0."user_id" 
    where
        sp1_0."user_id"=?
Hibernate: 
    select
        sp1_0."id",
        sp1_0."bio",
        sp1_0."business_name",
        sp1_0."created_at",
        sp1_0."logo_url",
        sp1_0."status",
        sp1_0."user_id",
        u1_0."id",
        u1_0."created_at",
        u1_0."email",
        u1_0."name",
        u1_0."number",
        u1_0."password",
        u1_0."role",
        u1_0."seller_approved" 
    from
        "seller_profiles" sp1_0 
    join
        "users" u1_0 
            on u1_0."id"=sp1_0."user_id" 
    where
        sp1_0."user_id"=?
2026-06-01T01:25:15.371+05:30 DEBUG 18260 --- [nio-8081-exec-1] org.hibernate.SQL                        : 
    select
        as1_0."id",
        as1_0."last_seen",
        as1_0."session_id",
        u1_0."id",
        u1_0."created_at",
        u1_0."email",
        u1_0."name",
        u1_0."number",
        u1_0."password",
        u1_0."role",
        u1_0."seller_approved",
        sp1_0."id",
        sp1_0."bio",
        sp1_0."business_name",
        sp1_0."created_at",
        sp1_0."logo_url",
        sp1_0."status",
        sp1_0."user_id",
        c1_0."user_id",
        c1_0."id",
        c1_0."product_id",
        c1_0."qty" 
    from
        "active_sessions" as1_0 
    left join
        "users" u1_0 
            on u1_0."id"=as1_0."user_id" 
    left join
        "seller_profiles" sp1_0 
            on u1_0."id"=sp1_0."user_id" 
    left join
        "cart_items" c1_0 
            on u1_0."id"=c1_0."user_id" 
    where
        as1_0."id"=?
Hibernate: 
    select
        as1_0."id",
        as1_0."last_seen",
        as1_0."session_id",
        u1_0."id",
        u1_0."created_at",
        u1_0."email",
        u1_0."name",
        u1_0."number",
        u1_0."password",
        u1_0."role",
        u1_0."seller_approved",
        sp1_0."id",
        sp1_0."bio",
        sp1_0."business_name",
        sp1_0."created_at",
        sp1_0."logo_url",
        sp1_0."status",
        sp1_0."user_id",
        c1_0."user_id",
        c1_0."id",
        c1_0."product_id",
        c1_0."qty" 
    from
        "active_sessions" as1_0 
    left join
        "users" u1_0 
            on u1_0."id"=as1_0."user_id" 
    left join
        "seller_profiles" sp1_0 
            on u1_0."id"=sp1_0."user_id" 
    left join
        "cart_items" c1_0 
            on u1_0."id"=c1_0."user_id" 
    where
        as1_0."id"=?
2026-06-01T01:25:15.635+05:30 DEBUG 18260 --- [nio-8081-exec-1] org.hibernate.SQL                        : 
    select
        t1_0."user_id",
        t1_0."id",
        t1_0."token" 
    from
        "user_tokens" t1_0 
    where
        t1_0."user_id"=?
Hibernate: 
    select
        t1_0."user_id",
        t1_0."id",
        t1_0."token" 
    from
        "user_tokens" t1_0 
    where
        t1_0."user_id"=?
2026-06-01T01:25:16.010+05:30 DEBUG 18260 --- [nio-8081-exec-1] org.hibernate.SQL                        : 
    select
        sr1_0."requester_id",
        sr1_0."id",
        sr1_0."created_at",
        sr1_0."message",
        sr1_0."status" 
    from
        "seller_requests" sr1_0 
    where
        sr1_0."requester_id"=?
Hibernate: 
    select
        sr1_0."requester_id",
        sr1_0."id",
        sr1_0."created_at",
        sr1_0."message",
        sr1_0."status" 
    from
        "seller_requests" sr1_0 
    where
        sr1_0."requester_id"=?
2026-06-01T01:25:16.327+05:30 DEBUG 18260 --- [nio-8081-exec-1] org.hibernate.SQL                        : 
    select
        o1_0."user_id",
        o1_0."id",
        o1_0."amount",
        o1_0."date_ordered",
        o1_0."is_paid",
        o1_0."razorpay_order_id",
        o1_0."razorpay_payment_id",
        o1_0."razorpay_signature" 
    from
        "orders" o1_0 
    where
        o1_0."user_id"=?
Hibernate: 
    select
        o1_0."user_id",
        o1_0."id",
        o1_0."amount",
        o1_0."date_ordered",
        o1_0."is_paid",
        o1_0."razorpay_order_id",
        o1_0."razorpay_payment_id",
        o1_0."razorpay_signature" 
    from
        "orders" o1_0 
    where
        o1_0."user_id"=?
2026-06-01T01:25:16.649+05:30 DEBUG 18260 --- [nio-8081-exec-1] org.hibernate.SQL                        : 
    update
        "active_sessions" 
    set
        "last_seen"=?,
        "session_id"=?,
        "user_id"=? 
    where
        "id"=?
Hibernate: 
    update
        "active_sessions" 
    set
        "last_seen"=?,
        "session_id"=?,
        "user_id"=? 
    where
        "id"=?
2026-06-01T01:25:17.297+05:30 DEBUG 18260 --- [nio-8081-exec-1] o.s.security.web.FilterChainProxy        : Secured DELETE /api/me/favorites/1
2026-06-01T01:25:17.308+05:30 DEBUG 18260 --- [nio-8081-exec-1] o.s.web.servlet.DispatcherServlet        : DELETE "/api/me/favorites/1", parameters={}
2026-06-01T01:25:17.308+05:30 DEBUG 18260 --- [nio-8081-exec-1] s.w.s.m.m.a.RequestMappingHandlerMapping : Mapped to com.example.amazonclonebackend.controller.FavoriteController#removeFavorite(User, String)
2026-06-01T01:25:17.314+05:30 DEBUG 18260 --- [nio-8081-exec-1] org.hibernate.SQL                        : 
    select
        f1_0."id",
        f1_0."created_at",
        f1_0."product_id",
        f1_0."user_id" 
    from
        "favorites" f1_0 
    where
        f1_0."user_id"=? 
        and f1_0."product_id"=?
Hibernate: 
    select
        f1_0."id",
        f1_0."created_at",
        f1_0."product_id",
        f1_0."user_id" 
    from
        "favorites" f1_0 
    where
        f1_0."user_id"=? 
        and f1_0."product_id"=?
2026-06-01T01:25:17.611+05:30 DEBUG 18260 --- [nio-8081-exec-1] org.hibernate.SQL                        : 
    delete 
    from
        "favorites" 
    where
        "id"=?
Hibernate: 
    delete 
    from
        "favorites" 
    where
        "id"=?
2026-06-01T01:25:18.248+05:30 DEBUG 18260 --- [nio-8081-exec-1] o.s.w.s.m.m.a.HttpEntityMethodProcessor  : Using 'application/json', given [*/*] and supported [application/json, application/*+json]
2026-06-01T01:25:18.257+05:30 DEBUG 18260 --- [nio-8081-exec-1] o.s.w.s.m.m.a.HttpEntityMethodProcessor  : Writing [{status=true}]
2026-06-01T01:25:18.259+05:30 DEBUG 18260 --- [nio-8081-exec-1] o.s.web.servlet.DispatcherServlet        : Completed 200 OK
2026-06-01T01:25:18.261+05:30 DEBUG 18260 --- [nio-8081-exec-2] o.s.security.web.FilterChainProxy        : Securing GET /api/me/favorites
2026-06-01T01:25:18.264+05:30 DEBUG 18260 --- [nio-8081-exec-2] org.hibernate.SQL                        : 
    select
        ut1_0."id",
        ut1_0."token",
        ut1_0."user_id" 
    from
        "user_tokens" ut1_0 
    where
        ut1_0."token"=?
Hibernate: 
    select
        ut1_0."id",
        ut1_0."token",
        ut1_0."user_id" 
    from
        "user_tokens" ut1_0 
    where
        ut1_0."token"=?
2026-06-01T01:25:18.569+05:30 DEBUG 18260 --- [nio-8081-exec-2] org.hibernate.SQL                        : 
    select
        u1_0."id",
        u1_0."created_at",
        u1_0."email",
        u1_0."name",
        u1_0."number",
        u1_0."password",
        u1_0."role",
        u1_0."seller_approved" 
    from
        "users" u1_0 
    where
        u1_0."id"=?
Hibernate: 
    select
        u1_0."id",
        u1_0."created_at",
        u1_0."email",
        u1_0."name",
        u1_0."number",
        u1_0."password",
        u1_0."role",
        u1_0."seller_approved" 
    from
        "users" u1_0 
    where
        u1_0."id"=?
2026-06-01T01:25:18.813+05:30 DEBUG 18260 --- [nio-8081-exec-2] org.hibernate.SQL                        : 
    select
        sp1_0."id",
        sp1_0."bio",
        sp1_0."business_name",
        sp1_0."created_at",
        sp1_0."logo_url",
        sp1_0."status",
        sp1_0."user_id",
        u1_0."id",
        u1_0."created_at",
        u1_0."email",
        u1_0."name",
        u1_0."number",
        u1_0."password",
        u1_0."role",
        u1_0."seller_approved" 
    from
        "seller_profiles" sp1_0 
    join
        "users" u1_0 
            on u1_0."id"=sp1_0."user_id" 
    where
        sp1_0."user_id"=?
Hibernate: 
    select
        sp1_0."id",
        sp1_0."bio",
        sp1_0."business_name",
        sp1_0."created_at",
        sp1_0."logo_url",
        sp1_0."status",
        sp1_0."user_id",
        u1_0."id",
        u1_0."created_at",
        u1_0."email",
        u1_0."name",
        u1_0."number",
        u1_0."password",
        u1_0."role",
        u1_0."seller_approved" 
    from
        "seller_profiles" sp1_0 
    join
        "users" u1_0 
            on u1_0."id"=sp1_0."user_id" 
    where
        sp1_0."user_id"=?
2026-06-01T01:25:19.406+05:30 DEBUG 18260 --- [nio-8081-exec-2] org.hibernate.SQL                        : 
    select
        as1_0."id",
        as1_0."last_seen",
        as1_0."session_id",
        as1_0."user_id" 
    from
        "active_sessions" as1_0 
    where
        as1_0."session_id"=?
Hibernate: 
    select
        as1_0."id",
        as1_0."last_seen",
        as1_0."session_id",
        as1_0."user_id" 
    from
        "active_sessions" as1_0 
    where
        as1_0."session_id"=?
2026-06-01T01:25:19.733+05:30 DEBUG 18260 --- [nio-8081-exec-2] org.hibernate.SQL                        : 
    select
        u1_0."id",
        u1_0."created_at",
        u1_0."email",
        u1_0."name",
        u1_0."number",
        u1_0."password",
        u1_0."role",
        u1_0."seller_approved" 
    from
        "users" u1_0 
    where
        u1_0."id"=?
Hibernate: 
    select
        u1_0."id",
        u1_0."created_at",
        u1_0."email",
        u1_0."name",
        u1_0."number",
        u1_0."password",
        u1_0."role",
        u1_0."seller_approved" 
    from
        "users" u1_0 
    where
        u1_0."id"=?
2026-06-01T01:25:20.062+05:30 DEBUG 18260 --- [nio-8081-exec-2] org.hibernate.SQL                        : 
    select
        sp1_0."id",
        sp1_0."bio",
        sp1_0."business_name",
        sp1_0."created_at",
        sp1_0."logo_url",
        sp1_0."status",
        sp1_0."user_id",
        u1_0."id",
        u1_0."created_at",
        u1_0."email",
        u1_0."name",
        u1_0."number",
        u1_0."password",
        u1_0."role",
        u1_0."seller_approved" 
    from
        "seller_profiles" sp1_0 
    join
        "users" u1_0 
            on u1_0."id"=sp1_0."user_id" 
    where
        sp1_0."user_id"=?
Hibernate: 
    select
        sp1_0."id",
        sp1_0."bio",
        sp1_0."business_name",
        sp1_0."created_at",
        sp1_0."logo_url",
        sp1_0."status",
        sp1_0."user_id",
        u1_0."id",
        u1_0."created_at",
        u1_0."email",
        u1_0."name",
        u1_0."number",
        u1_0."password",
        u1_0."role",
        u1_0."seller_approved" 
    from
        "seller_profiles" sp1_0 
    join
        "users" u1_0 
            on u1_0."id"=sp1_0."user_id" 
    where
        sp1_0."user_id"=?
2026-06-01T01:25:20.398+05:30 DEBUG 18260 --- [nio-8081-exec-2] org.hibernate.SQL                        : 
    select
        as1_0."id",
        as1_0."last_seen",
        as1_0."session_id",
        u1_0."id",
        u1_0."created_at",
        u1_0."email",
        u1_0."name",
        u1_0."number",
        u1_0."password",
        u1_0."role",
        u1_0."seller_approved",
        sp1_0."id",
        sp1_0."bio",
        sp1_0."business_name",
        sp1_0."created_at",
        sp1_0."logo_url",
        sp1_0."status",
        sp1_0."user_id",
        c1_0."user_id",
        c1_0."id",
        c1_0."product_id",
        c1_0."qty" 
    from
        "active_sessions" as1_0 
    left join
        "users" u1_0 
            on u1_0."id"=as1_0."user_id" 
    left join
        "seller_profiles" sp1_0 
            on u1_0."id"=sp1_0."user_id" 
    left join
        "cart_items" c1_0 
            on u1_0."id"=c1_0."user_id" 
    where
        as1_0."id"=?
Hibernate: 
    select
        as1_0."id",
        as1_0."last_seen",
        as1_0."session_id",
        u1_0."id",
        u1_0."created_at",
        u1_0."email",
        u1_0."name",
        u1_0."number",
        u1_0."password",
        u1_0."role",
        u1_0."seller_approved",
        sp1_0."id",
        sp1_0."bio",
        sp1_0."business_name",
        sp1_0."created_at",
        sp1_0."logo_url",
        sp1_0."status",
        sp1_0."user_id",
        c1_0."user_id",
        c1_0."id",
        c1_0."product_id",
        c1_0."qty" 
    from
        "active_sessions" as1_0 
    left join
        "users" u1_0 
            on u1_0."id"=as1_0."user_id" 
    left join
        "seller_profiles" sp1_0 
            on u1_0."id"=sp1_0."user_id" 
    left join
        "cart_items" c1_0 
            on u1_0."id"=c1_0."user_id" 
    where
        as1_0."id"=?
2026-06-01T01:25:20.660+05:30 DEBUG 18260 --- [nio-8081-exec-2] org.hibernate.SQL                        : 
    select
        t1_0."user_id",
        t1_0."id",
        t1_0."token" 
    from
        "user_tokens" t1_0 
    where
        t1_0."user_id"=?
Hibernate: 
    select
        t1_0."user_id",
        t1_0."id",
        t1_0."token" 
    from
        "user_tokens" t1_0 
    where
        t1_0."user_id"=?
2026-06-01T01:25:20.967+05:30 DEBUG 18260 --- [nio-8081-exec-2] org.hibernate.SQL                        : 
    select
        sr1_0."requester_id",
        sr1_0."id",
        sr1_0."created_at",
        sr1_0."message",
        sr1_0."status" 
    from
        "seller_requests" sr1_0 
    where
        sr1_0."requester_id"=?
Hibernate: 
    select
        sr1_0."requester_id",
        sr1_0."id",
        sr1_0."created_at",
        sr1_0."message",
        sr1_0."status" 
    from
        "seller_requests" sr1_0 
    where
        sr1_0."requester_id"=?
2026-06-01T01:25:21.287+05:30 DEBUG 18260 --- [nio-8081-exec-2] org.hibernate.SQL                        : 
    select
        o1_0."user_id",
        o1_0."id",
        o1_0."amount",
        o1_0."date_ordered",
        o1_0."is_paid",
        o1_0."razorpay_order_id",
        o1_0."razorpay_payment_id",
        o1_0."razorpay_signature" 
    from
        "orders" o1_0 
    where
        o1_0."user_id"=?
Hibernate: 
    select
        o1_0."user_id",
        o1_0."id",
        o1_0."amount",
        o1_0."date_ordered",
        o1_0."is_paid",
        o1_0."razorpay_order_id",
        o1_0."razorpay_payment_id",
        o1_0."razorpay_signature" 
    from
        "orders" o1_0 
    where
        o1_0."user_id"=?
2026-06-01T01:25:21.608+05:30 DEBUG 18260 --- [nio-8081-exec-2] org.hibernate.SQL                        : 
    update
        "active_sessions" 
    set
        "last_seen"=?,
        "session_id"=?,
        "user_id"=? 
    where
        "id"=?
Hibernate: 
    update
        "active_sessions" 
    set
        "last_seen"=?,
        "session_id"=?,
        "user_id"=? 
    where
        "id"=?
2026-06-01T01:25:22.248+05:30 DEBUG 18260 --- [nio-8081-exec-2] o.s.security.web.FilterChainProxy        : Secured GET /api/me/favorites
2026-06-01T01:25:22.248+05:30 DEBUG 18260 --- [nio-8081-exec-2] o.s.web.servlet.DispatcherServlet        : GET "/api/me/favorites", parameters={}
2026-06-01T01:25:22.250+05:30 DEBUG 18260 --- [nio-8081-exec-2] s.w.s.m.m.a.RequestMappingHandlerMapping : Mapped to com.example.amazonclonebackend.controller.FavoriteController#getMyFavorites(User)
2026-06-01T01:25:22.251+05:30 DEBUG 18260 --- [nio-8081-exec-2] org.hibernate.SQL                        : 
    select
        f1_0."id",
        f1_0."created_at",
        f1_0."product_id",
        f1_0."user_id" 
    from
        "favorites" f1_0 
    where
        f1_0."user_id"=?
Hibernate: 
    select
        f1_0."id",
        f1_0."created_at",
        f1_0."product_id",
        f1_0."user_id" 
    from
        "favorites" f1_0 
    where
        f1_0."user_id"=?
2026-06-01T01:25:22.890+05:30 DEBUG 18260 --- [nio-8081-exec-2] o.s.w.s.m.m.a.HttpEntityMethodProcessor  : Using 'application/json', given [*/*] and supported [application/json, application/*+json]
2026-06-01T01:25:22.901+05:30 DEBUG 18260 --- [nio-8081-exec-2] o.s.w.s.m.m.a.HttpEntityMethodProcessor  : Writing [[]]
2026-06-01T01:25:22.902+05:30 DEBUG 18260 --- [nio-8081-exec-2] o.s.web.servlet.DispatcherServlet        : Completed 200 OK
2026-06-01T01:25:22.903+05:30 DEBUG 18260 --- [nio-8081-exec-3] o.s.security.web.FilterChainProxy        : Securing GET /api/debug/db/summary
2026-06-01T01:25:22.903+05:30 DEBUG 18260 --- [nio-8081-exec-3] o.s.s.w.a.AnonymousAuthenticationFilter  : Set SecurityContextHolder to anonymous SecurityContext
2026-06-01T01:25:22.905+05:30 DEBUG 18260 --- [nio-8081-exec-3] o.s.s.w.a.Http403ForbiddenEntryPoint     : Pre-authenticated entry point called. Rejecting access
2026-06-01T01:25:22.908+05:30 DEBUG 18260 --- [nio-8081-exec-3] o.s.security.web.FilterChainProxy        : Securing GET /error
2026-06-01T01:25:22.911+05:30 DEBUG 18260 --- [nio-8081-exec-3] o.s.s.w.a.AnonymousAuthenticationFilter  : Set SecurityContextHolder to anonymous SecurityContext
2026-06-01T01:25:22.912+05:30 DEBUG 18260 --- [nio-8081-exec-3] o.s.s.w.a.Http403ForbiddenEntryPoint     : Pre-authenticated entry point called. Rejecting access
2026-06-01T01:26:45.798+05:30 DEBUG 18260 --- [nio-8081-exec-5] o.s.security.web.FilterChainProxy        : Securing POST /api/login
2026-06-01T01:26:45.800+05:30 DEBUG 18260 --- [nio-8081-exec-5] o.s.s.w.a.AnonymousAuthenticationFilter  : Set SecurityContextHolder to anonymous SecurityContext
2026-06-01T01:26:45.800+05:30 DEBUG 18260 --- [nio-8081-exec-5] o.s.security.web.FilterChainProxy        : Secured POST /api/login
2026-06-01T01:26:45.801+05:30 DEBUG 18260 --- [nio-8081-exec-5] o.s.web.servlet.DispatcherServlet        : POST "/api/login", parameters={}
2026-06-01T01:26:45.801+05:30 DEBUG 18260 --- [nio-8081-exec-5] s.w.s.m.m.a.RequestMappingHandlerMapping : Mapped to com.example.amazonclonebackend.controller.AuthController#login(LoginRequest, HttpServletResponse)
2026-06-01T01:26:45.802+05:30 DEBUG 18260 --- [nio-8081-exec-5] m.m.a.RequestResponseBodyMethodProcessor : Read "application/json;charset=UTF-8" to [LoginRequest(email=codex+1780257288605@example.com, password=Secret123!)]
2026-06-01T01:26:45.802+05:30  INFO 18260 --- [nio-8081-exec-5] c.e.a.controller.AuthController          : Login attempt for email=codex+1780257288605@example.com
2026-06-01T01:26:46.066+05:30 DEBUG 18260 --- [nio-8081-exec-5] org.hibernate.SQL                        : 
    select
        u1_0."id",
        u1_0."created_at",
        u1_0."email",
        u1_0."name",
        u1_0."number",
        u1_0."password",
        u1_0."role",
        u1_0."seller_approved" 
    from
        "users" u1_0 
    where
        lower(u1_0."email")=lower(?)
Hibernate: 
    select
        u1_0."id",
        u1_0."created_at",
        u1_0."email",
        u1_0."name",
        u1_0."number",
        u1_0."password",
        u1_0."role",
        u1_0."seller_approved" 
    from
        "users" u1_0 
    where
        lower(u1_0."email")=lower(?)
2026-06-01T01:26:46.337+05:30 DEBUG 18260 --- [nio-8081-exec-5] org.hibernate.SQL                        : 
    select
        sp1_0."id",
        sp1_0."bio",
        sp1_0."business_name",
        sp1_0."created_at",
        sp1_0."logo_url",
        sp1_0."status",
        sp1_0."user_id",
        u1_0."id",
        u1_0."created_at",
        u1_0."email",
        u1_0."name",
        u1_0."number",
        u1_0."password",
        u1_0."role",
        u1_0."seller_approved" 
    from
        "seller_profiles" sp1_0 
    join
        "users" u1_0 
            on u1_0."id"=sp1_0."user_id" 
    where
        sp1_0."user_id"=?
Hibernate: 
    select
        sp1_0."id",
        sp1_0."bio",
        sp1_0."business_name",
        sp1_0."created_at",
        sp1_0."logo_url",
        sp1_0."status",
        sp1_0."user_id",
        u1_0."id",
        u1_0."created_at",
        u1_0."email",
        u1_0."name",
        u1_0."number",
        u1_0."password",
        u1_0."role",
        u1_0."seller_approved" 
    from
        "seller_profiles" sp1_0 
    join
        "users" u1_0 
            on u1_0."id"=sp1_0."user_id" 
    where
        sp1_0."user_id"=?
2026-06-01T01:26:46.956+05:30  INFO 18260 --- [nio-8081-exec-5] c.e.a.service.UserService                : Password bcrypt match for userId=26b41a56-6436-401f-b8aa-dc1cc58adfa5
2026-06-01T01:26:46.958+05:30  INFO 18260 --- [nio-8081-exec-5] c.e.a.controller.AuthController          : Authentication result for userId=26b41a56-6436-401f-b8aa-dc1cc58adfa5 : true
2026-06-01T01:26:46.960+05:30 DEBUG 18260 --- [nio-8081-exec-5] org.hibernate.SQL                        : 
    insert 
    into
        "user_tokens"
        ("token", "user_id") 
    values
        (?, ?)
Hibernate: 
    insert 
    into
        "user_tokens"
        ("token", "user_id") 
    values
        (?, ?)
2026-06-01T01:26:47.470+05:30 DEBUG 18260 --- [nio-8081-exec-5] o.s.w.s.m.m.a.HttpEntityMethodProcessor  : Using 'application/json', given [*/*] and supported [application/json, application/*+json]
2026-06-01T01:26:47.480+05:30 DEBUG 18260 --- [nio-8081-exec-5] o.s.w.s.m.m.a.HttpEntityMethodProcessor  : Writing [{message=Logged in successfully!, status=true}]
2026-06-01T01:26:47.482+05:30 DEBUG 18260 --- [nio-8081-exec-5] o.s.web.servlet.DispatcherServlet        : Completed 201 CREATED
2026-06-01T01:26:47.498+05:30 DEBUG 18260 --- [nio-8081-exec-6] o.s.security.web.FilterChainProxy        : Securing GET /api/getAuthUser
2026-06-01T01:26:47.502+05:30 DEBUG 18260 --- [nio-8081-exec-6] org.hibernate.SQL                        : 
    select
        ut1_0."id",
        ut1_0."token",
        ut1_0."user_id" 
    from
        "user_tokens" ut1_0 
    where
        ut1_0."token"=?
Hibernate: 
    select
        ut1_0."id",
        ut1_0."token",
        ut1_0."user_id" 
    from
        "user_tokens" ut1_0 
    where
        ut1_0."token"=?
2026-06-01T01:26:47.762+05:30 DEBUG 18260 --- [nio-8081-exec-6] org.hibernate.SQL                        : 
    select
        u1_0."id",
        u1_0."created_at",
        u1_0."email",
        u1_0."name",
        u1_0."number",
        u1_0."password",
        u1_0."role",
        u1_0."seller_approved" 
    from
        "users" u1_0 
    where
        u1_0."id"=?
Hibernate: 
    select
        u1_0."id",
        u1_0."created_at",
        u1_0."email",
        u1_0."name",
        u1_0."number",
        u1_0."password",
        u1_0."role",
        u1_0."seller_approved" 
    from
        "users" u1_0 
    where
        u1_0."id"=?
2026-06-01T01:26:48.017+05:30 DEBUG 18260 --- [nio-8081-exec-6] org.hibernate.SQL                        : 
    select
        sp1_0."id",
        sp1_0."bio",
        sp1_0."business_name",
        sp1_0."created_at",
        sp1_0."logo_url",
        sp1_0."status",
        sp1_0."user_id",
        u1_0."id",
        u1_0."created_at",
        u1_0."email",
        u1_0."name",
        u1_0."number",
        u1_0."password",
        u1_0."role",
        u1_0."seller_approved" 
    from
        "seller_profiles" sp1_0 
    join
        "users" u1_0 
            on u1_0."id"=sp1_0."user_id" 
    where
        sp1_0."user_id"=?
Hibernate: 
    select
        sp1_0."id",
        sp1_0."bio",
        sp1_0."business_name",
        sp1_0."created_at",
        sp1_0."logo_url",
        sp1_0."status",
        sp1_0."user_id",
        u1_0."id",
        u1_0."created_at",
        u1_0."email",
        u1_0."name",
        u1_0."number",
        u1_0."password",
        u1_0."role",
        u1_0."seller_approved" 
    from
        "seller_profiles" sp1_0 
    join
        "users" u1_0 
            on u1_0."id"=sp1_0."user_id" 
    where
        sp1_0."user_id"=?
2026-06-01T01:26:48.650+05:30 DEBUG 18260 --- [nio-8081-exec-6] org.hibernate.SQL                        : 
    select
        as1_0."id",
        as1_0."last_seen",
        as1_0."session_id",
        as1_0."user_id" 
    from
        "active_sessions" as1_0 
    where
        as1_0."session_id"=?
Hibernate: 
    select
        as1_0."id",
        as1_0."last_seen",
        as1_0."session_id",
        as1_0."user_id" 
    from
        "active_sessions" as1_0 
    where
        as1_0."session_id"=?
2026-06-01T01:26:48.970+05:30 DEBUG 18260 --- [nio-8081-exec-6] org.hibernate.SQL                        : 
    insert 
    into
        "active_sessions"
        ("last_seen", "session_id", "user_id", "id") 
    values
        (?, ?, ?, ?)
Hibernate: 
    insert 
    into
        "active_sessions"
        ("last_seen", "session_id", "user_id", "id") 
    values
        (?, ?, ?, ?)
2026-06-01T01:26:49.611+05:30 DEBUG 18260 --- [nio-8081-exec-6] o.s.security.web.FilterChainProxy        : Secured GET /api/getAuthUser
2026-06-01T01:26:49.619+05:30 DEBUG 18260 --- [nio-8081-exec-6] o.s.web.servlet.DispatcherServlet        : GET "/api/getAuthUser", parameters={}
2026-06-01T01:26:49.620+05:30 DEBUG 18260 --- [nio-8081-exec-6] s.w.s.m.m.a.RequestMappingHandlerMapping : Mapped to com.example.amazonclonebackend.controller.UserController#getAuthenticatedUser(User)
2026-06-01T01:26:49.625+05:30 DEBUG 18260 --- [nio-8081-exec-6] org.hibernate.SQL                        : 
    select
        ci1_0."id",
        ci1_0."product_id",
        ci1_0."qty",
        ci1_0."user_id" 
    from
        "cart_items" ci1_0 
    where
        ci1_0."user_id"=?
Hibernate: 
    select
        ci1_0."id",
        ci1_0."product_id",
        ci1_0."qty",
        ci1_0."user_id" 
    from
        "cart_items" ci1_0 
    where
        ci1_0."user_id"=?
2026-06-01T01:26:49.931+05:30 DEBUG 18260 --- [nio-8081-exec-6] org.hibernate.SQL                        : 
    select
        o1_0."id",
        o1_0."amount",
        o1_0."date_ordered",
        o1_0."is_paid",
        o1_0."razorpay_order_id",
        o1_0."razorpay_payment_id",
        o1_0."razorpay_signature",
        o1_0."user_id" 
    from
        "orders" o1_0 
    where
        o1_0."user_id"=? 
    order by
        o1_0."date_ordered" desc
Hibernate: 
    select
        o1_0."id",
        o1_0."amount",
        o1_0."date_ordered",
        o1_0."is_paid",
        o1_0."razorpay_order_id",
        o1_0."razorpay_payment_id",
        o1_0."razorpay_signature",
        o1_0."user_id" 
    from
        "orders" o1_0 
    where
        o1_0."user_id"=? 
    order by
        o1_0."date_ordered" desc
2026-06-01T01:26:50.572+05:30 DEBUG 18260 --- [nio-8081-exec-6] o.s.w.s.m.m.a.HttpEntityMethodProcessor  : Using 'application/json', given [*/*] and supported [application/json, application/*+json]
2026-06-01T01:26:50.581+05:30 DEBUG 18260 --- [nio-8081-exec-6] o.s.w.s.m.m.a.HttpEntityMethodProcessor  : Writing [CompatAuthUserDTO(_id=26b41a56-6436-401f-b8aa-dc1cc58adfa5, name=Codex User, number=4229714171, emai (truncated)...]
2026-06-01T01:26:50.582+05:30 DEBUG 18260 --- [nio-8081-exec-6] o.s.web.servlet.DispatcherServlet        : Completed 200 OK
2026-06-01T01:26:50.607+05:30 DEBUG 18260 --- [nio-8081-exec-7] o.s.security.web.FilterChainProxy        : Securing GET /api/debug/db/summary
2026-06-01T01:26:50.611+05:30 DEBUG 18260 --- [nio-8081-exec-7] org.hibernate.SQL                        : 
    select
        ut1_0."id",
        ut1_0."token",
        ut1_0."user_id" 
    from
        "user_tokens" ut1_0 
    where
        ut1_0."token"=?
Hibernate: 
    select
        ut1_0."id",
        ut1_0."token",
        ut1_0."user_id" 
    from
        "user_tokens" ut1_0 
    where
        ut1_0."token"=?
2026-06-01T01:26:50.890+05:30 DEBUG 18260 --- [nio-8081-exec-7] org.hibernate.SQL                        : 
    select
        u1_0."id",
        u1_0."created_at",
        u1_0."email",
        u1_0."name",
        u1_0."number",
        u1_0."password",
        u1_0."role",
        u1_0."seller_approved" 
    from
        "users" u1_0 
    where
        u1_0."id"=?
Hibernate: 
    select
        u1_0."id",
        u1_0."created_at",
        u1_0."email",
        u1_0."name",
        u1_0."number",
        u1_0."password",
        u1_0."role",
        u1_0."seller_approved" 
    from
        "users" u1_0 
    where
        u1_0."id"=?
2026-06-01T01:26:51.210+05:30 DEBUG 18260 --- [nio-8081-exec-7] org.hibernate.SQL                        : 
    select
        sp1_0."id",
        sp1_0."bio",
        sp1_0."business_name",
        sp1_0."created_at",
        sp1_0."logo_url",
        sp1_0."status",
        sp1_0."user_id",
        u1_0."id",
        u1_0."created_at",
        u1_0."email",
        u1_0."name",
        u1_0."number",
        u1_0."password",
        u1_0."role",
        u1_0."seller_approved" 
    from
        "seller_profiles" sp1_0 
    join
        "users" u1_0 
            on u1_0."id"=sp1_0."user_id" 
    where
        sp1_0."user_id"=?
Hibernate: 
    select
        sp1_0."id",
        sp1_0."bio",
        sp1_0."business_name",
        sp1_0."created_at",
        sp1_0."logo_url",
        sp1_0."status",
        sp1_0."user_id",
        u1_0."id",
        u1_0."created_at",
        u1_0."email",
        u1_0."name",
        u1_0."number",
        u1_0."password",
        u1_0."role",
        u1_0."seller_approved" 
    from
        "seller_profiles" sp1_0 
    join
        "users" u1_0 
            on u1_0."id"=sp1_0."user_id" 
    where
        sp1_0."user_id"=?
2026-06-01T01:26:51.850+05:30 DEBUG 18260 --- [nio-8081-exec-7] org.hibernate.SQL                        : 
    select
        as1_0."id",
        as1_0."last_seen",
        as1_0."session_id",
        as1_0."user_id" 
    from
        "active_sessions" as1_0 
    where
        as1_0."session_id"=?
Hibernate: 
    select
        as1_0."id",
        as1_0."last_seen",
        as1_0."session_id",
        as1_0."user_id" 
    from
        "active_sessions" as1_0 
    where
        as1_0."session_id"=?
2026-06-01T01:26:52.170+05:30 DEBUG 18260 --- [nio-8081-exec-7] org.hibernate.SQL                        : 
    select
        u1_0."id",
        u1_0."created_at",
        u1_0."email",
        u1_0."name",
        u1_0."number",
        u1_0."password",
        u1_0."role",
        u1_0."seller_approved" 
    from
        "users" u1_0 
    where
        u1_0."id"=?
Hibernate: 
    select
        u1_0."id",
        u1_0."created_at",
        u1_0."email",
        u1_0."name",
        u1_0."number",
        u1_0."password",
        u1_0."role",
        u1_0."seller_approved" 
    from
        "users" u1_0 
    where
        u1_0."id"=?
2026-06-01T01:26:52.495+05:30 DEBUG 18260 --- [nio-8081-exec-7] org.hibernate.SQL                        : 
    select
        sp1_0."id",
        sp1_0."bio",
        sp1_0."business_name",
        sp1_0."created_at",
        sp1_0."logo_url",
        sp1_0."status",
        sp1_0."user_id",
        u1_0."id",
        u1_0."created_at",
        u1_0."email",
        u1_0."name",
        u1_0."number",
        u1_0."password",
        u1_0."role",
        u1_0."seller_approved" 
    from
        "seller_profiles" sp1_0 
    join
        "users" u1_0 
            on u1_0."id"=sp1_0."user_id" 
    where
        sp1_0."user_id"=?
Hibernate: 
    select
        sp1_0."id",
        sp1_0."bio",
        sp1_0."business_name",
        sp1_0."created_at",
        sp1_0."logo_url",
        sp1_0."status",
        sp1_0."user_id",
        u1_0."id",
        u1_0."created_at",
        u1_0."email",
        u1_0."name",
        u1_0."number",
        u1_0."password",
        u1_0."role",
        u1_0."seller_approved" 
    from
        "seller_profiles" sp1_0 
    join
        "users" u1_0 
            on u1_0."id"=sp1_0."user_id" 
    where
        sp1_0."user_id"=?
2026-06-01T01:26:52.811+05:30 DEBUG 18260 --- [nio-8081-exec-7] org.hibernate.SQL                        : 
    select
        as1_0."id",
        as1_0."last_seen",
        as1_0."session_id",
        u1_0."id",
        u1_0."created_at",
        u1_0."email",
        u1_0."name",
        u1_0."number",
        u1_0."password",
        u1_0."role",
        u1_0."seller_approved",
        sp1_0."id",
        sp1_0."bio",
        sp1_0."business_name",
        sp1_0."created_at",
        sp1_0."logo_url",
        sp1_0."status",
        sp1_0."user_id",
        c1_0."user_id",
        c1_0."id",
        c1_0."product_id",
        c1_0."qty" 
    from
        "active_sessions" as1_0 
    left join
        "users" u1_0 
            on u1_0."id"=as1_0."user_id" 
    left join
        "seller_profiles" sp1_0 
            on u1_0."id"=sp1_0."user_id" 
    left join
        "cart_items" c1_0 
            on u1_0."id"=c1_0."user_id" 
    where
        as1_0."id"=?
Hibernate: 
    select
        as1_0."id",
        as1_0."last_seen",
        as1_0."session_id",
        u1_0."id",
        u1_0."created_at",
        u1_0."email",
        u1_0."name",
        u1_0."number",
        u1_0."password",
        u1_0."role",
        u1_0."seller_approved",
        sp1_0."id",
        sp1_0."bio",
        sp1_0."business_name",
        sp1_0."created_at",
        sp1_0."logo_url",
        sp1_0."status",
        sp1_0."user_id",
        c1_0."user_id",
        c1_0."id",
        c1_0."product_id",
        c1_0."qty" 
    from
        "active_sessions" as1_0 
    left join
        "users" u1_0 
            on u1_0."id"=as1_0."user_id" 
    left join
        "seller_profiles" sp1_0 
            on u1_0."id"=sp1_0."user_id" 
    left join
        "cart_items" c1_0 
            on u1_0."id"=c1_0."user_id" 
    where
        as1_0."id"=?
2026-06-01T01:26:53.132+05:30 DEBUG 18260 --- [nio-8081-exec-7] org.hibernate.SQL                        : 
    select
        t1_0."user_id",
        t1_0."id",
        t1_0."token" 
    from
        "user_tokens" t1_0 
    where
        t1_0."user_id"=?
Hibernate: 
    select
        t1_0."user_id",
        t1_0."id",
        t1_0."token" 
    from
        "user_tokens" t1_0 
    where
        t1_0."user_id"=?
2026-06-01T01:26:53.452+05:30 DEBUG 18260 --- [nio-8081-exec-7] org.hibernate.SQL                        : 
    select
        sr1_0."requester_id",
        sr1_0."id",
        sr1_0."created_at",
        sr1_0."message",
        sr1_0."status" 
    from
        "seller_requests" sr1_0 
    where
        sr1_0."requester_id"=?
Hibernate: 
    select
        sr1_0."requester_id",
        sr1_0."id",
        sr1_0."created_at",
        sr1_0."message",
        sr1_0."status" 
    from
        "seller_requests" sr1_0 
    where
        sr1_0."requester_id"=?
2026-06-01T01:26:53.770+05:30 DEBUG 18260 --- [nio-8081-exec-7] org.hibernate.SQL                        : 
    select
        o1_0."user_id",
        o1_0."id",
        o1_0."amount",
        o1_0."date_ordered",
        o1_0."is_paid",
        o1_0."razorpay_order_id",
        o1_0."razorpay_payment_id",
        o1_0."razorpay_signature" 
    from
        "orders" o1_0 
    where
        o1_0."user_id"=?
Hibernate: 
    select
        o1_0."user_id",
        o1_0."id",
        o1_0."amount",
        o1_0."date_ordered",
        o1_0."is_paid",
        o1_0."razorpay_order_id",
        o1_0."razorpay_payment_id",
        o1_0."razorpay_signature" 
    from
        "orders" o1_0 
    where
        o1_0."user_id"=?
2026-06-01T01:26:54.091+05:30 DEBUG 18260 --- [nio-8081-exec-7] org.hibernate.SQL                        : 
    update
        "active_sessions" 
    set
        "last_seen"=?,
        "session_id"=?,
        "user_id"=? 
    where
        "id"=?
Hibernate: 
    update
        "active_sessions" 
    set
        "last_seen"=?,
        "session_id"=?,
        "user_id"=? 
    where
        "id"=?
2026-06-01T01:26:54.629+05:30 DEBUG 18260 --- [nio-8081-exec-7] o.s.security.web.FilterChainProxy        : Secured GET /api/debug/db/summary
2026-06-01T01:26:54.639+05:30 DEBUG 18260 --- [nio-8081-exec-7] o.s.web.servlet.DispatcherServlet        : GET "/api/debug/db/summary", parameters={}
2026-06-01T01:26:54.639+05:30 DEBUG 18260 --- [nio-8081-exec-7] s.w.s.m.m.a.RequestMappingHandlerMapping : Mapped to com.example.amazonclonebackend.controller.DevDbController#summary()
2026-06-01T01:26:54.640+05:30 DEBUG 18260 --- [nio-8081-exec-7] ySourcesPropertyResolver$DefaultResolver : Found key 'DB_URL' in PropertySource 'systemEnvironment' with value of type String
2026-06-01T01:26:54.640+05:30 DEBUG 18260 --- [nio-8081-exec-7] o.s.jdbc.core.JdbcTemplate               : Executing SQL query [select current_database()]
2026-06-01T01:26:54.895+05:30 DEBUG 18260 --- [nio-8081-exec-7] o.s.jdbc.core.JdbcTemplate               : Executing SQL query [select current_user]
2026-06-01T01:26:55.156+05:30 DEBUG 18260 --- [nio-8081-exec-7] o.s.jdbc.core.JdbcTemplate               : Executing SQL query [select table_name from information_schema.tables where table_schema='public' and table_type='BASE TABLE']
2026-06-01T01:26:55.418+05:30 DEBUG 18260 --- [nio-8081-exec-7] o.s.jdbc.core.JdbcTemplate               : Executing SQL query [select count(*) from "order_products"]
2026-06-01T01:26:55.691+05:30 DEBUG 18260 --- [nio-8081-exec-7] o.s.jdbc.core.JdbcTemplate               : Executing SQL query [select count(*) from "products"]
2026-06-01T01:26:56.009+05:30 DEBUG 18260 --- [nio-8081-exec-7] o.s.jdbc.core.JdbcTemplate               : Executing SQL query [select count(*) from "user_tokens"]
2026-06-01T01:26:56.275+05:30 DEBUG 18260 --- [nio-8081-exec-7] o.s.jdbc.core.JdbcTemplate               : Executing SQL query [select count(*) from "cart_items"]
2026-06-01T01:26:56.536+05:30 DEBUG 18260 --- [nio-8081-exec-7] o.s.jdbc.core.JdbcTemplate               : Executing SQL query [select count(*) from "orders"]
2026-06-01T01:26:56.789+05:30 DEBUG 18260 --- [nio-8081-exec-7] o.s.jdbc.core.JdbcTemplate               : Executing SQL query [select count(*) from "product_points"]
2026-06-01T01:26:57.054+05:30 DEBUG 18260 --- [nio-8081-exec-7] o.s.jdbc.core.JdbcTemplate               : Executing SQL query [select count(*) from "users"]
2026-06-01T01:26:57.335+05:30 DEBUG 18260 --- [nio-8081-exec-7] o.s.jdbc.core.JdbcTemplate               : Executing SQL query [select count(*) from "playing_with_neon"]
2026-06-01T01:26:57.626+05:30 DEBUG 18260 --- [nio-8081-exec-7] o.s.jdbc.core.JdbcTemplate               : Executing SQL query [select count(*) from "flyway_schema_history"]
2026-06-01T01:26:57.918+05:30 DEBUG 18260 --- [nio-8081-exec-7] o.s.jdbc.core.JdbcTemplate               : Executing SQL query [select count(*) from "seller_profiles"]
2026-06-01T01:26:58.180+05:30 DEBUG 18260 --- [nio-8081-exec-7] o.s.jdbc.core.JdbcTemplate               : Executing SQL query [select count(*) from "active_sessions"]
2026-06-01T01:26:58.435+05:30 DEBUG 18260 --- [nio-8081-exec-7] o.s.jdbc.core.JdbcTemplate               : Executing SQL query [select count(*) from "favorites"]
2026-06-01T01:26:58.690+05:30 DEBUG 18260 --- [nio-8081-exec-7] o.s.jdbc.core.JdbcTemplate               : Executing SQL query [select count(*) from "notifications"]
2026-06-01T01:26:58.954+05:30 DEBUG 18260 --- [nio-8081-exec-7] o.s.jdbc.core.JdbcTemplate               : Executing SQL query [select count(*) from "seller_requests"]
2026-06-01T01:26:59.208+05:30 DEBUG 18260 --- [nio-8081-exec-7] o.s.jdbc.core.JdbcTemplate               : Executing SQL query [select installed_rank, version, description, success from flyway_schema_history order by installed_rank]
2026-06-01T01:26:59.532+05:30 DEBUG 18260 --- [nio-8081-exec-7] m.m.a.RequestResponseBodyMethodProcessor : Using 'application/json', given [*/*] and supported [application/json, application/*+json]
2026-06-01T01:26:59.540+05:30 DEBUG 18260 --- [nio-8081-exec-7] m.m.a.RequestResponseBodyMethodProcessor : Writing [{tables=[order_products, products, user_tokens, cart_items, orders, product_points, users, playing_w (truncated)...]
2026-06-01T01:26:59.544+05:30 DEBUG 18260 --- [nio-8081-exec-7] o.s.web.servlet.DispatcherServlet        : Completed 200 OK
[INFO] ------------------------------------------------------------------------
[INFO] BUILD FAILURE
[INFO] ------------------------------------------------------------------------
[INFO] Total time:  09:51 min
[INFO] Finished at: 2026-06-01T01:32:30+05:30
[INFO] ------------------------------------------------------------------------
[ERROR] Failed to execute goal org.springframework.boot:spring-boot-maven-plugin:3.2.0:run (default-cli) on project amazon-clone-backend: Process terminated with exit code: -1 -> [Help 1]
[ERROR] 
[ERROR] To see the full stack trace of the errors, re-run Maven with the -e switch.
[ERROR] Re-run Maven using the -X switch to enable full debug logging.
[ERROR] 
[ERROR] For more information about the errors and possible solutions, please read the following articles:
[ERROR] [Help 1] http://cwiki.apache.org/confluence/display/MAVEN/MojoExecutionException
